Class,Timestamp,x1,y1,x2,y2
Pterophyllum_Scalare_Y,0.0,1002,181,1068,244
Pterophyllum_Scalare_W,0.0,757,312,819,388
Botia_Almorhae,0.0,258,200,386,264
Pterophyllum_Scalare_YWB,0.0,955,223,1041,340
Pterophyllum_Scalare_BB,0.0,442,139,539,259
G_Matriarche,0.0,859,269,929,316
Pterophyllum_Scalare_B,0.0,830,488,915,594
Ancistrus,0.0,548,659,668,707
Botia_Almorhae,0.1,252,197,376,269
G_Matriarche,0.1,840,255,910,301
Pterophyllum_Scalare_BB,0.1,436,140,533,260
Pterophyllum_Scalare_B,0.1,831,488,914,594
Pterophyllum_Scalare_Y,0.1,1002,178,1070,241
Pterophyllum_Scalare_YWB,0.1,956,233,1046,344
Pterophyllum_Scalare_W,0.1,755,313,816,389
Pterophyllum_Scalare_W,0.2,752,316,811,391
Pterophyllum_Scalare_Y,0.2,1002,175,1072,235
Pterophyllum_Scalare_YWB,0.2,958,239,1049,351
G_Matriarche,0.2,827,245,895,288
Botia_Almorhae,0.2,248,197,362,275
Pterophyllum_Scalare_B,0.2,830,489,914,594
Pterophyllum_Scalare_BB,0.2,428,143,525,261
G_Matriarche,0.3,816,236,885,280
Pterophyllum_Scalare_W,0.3,751,316,808,393
Pterophyllum_Scalare_YWB,0.3,966,243,1055,356
Ancistrus,0.3,545,665,658,709
Pterophyllum_Scalare_Y,0.3,1003,170,1076,235
Botia_Almorhae,0.3,240,195,354,284
Pterophyllum_Scalare_BB,0.3,419,144,515,262
Pterophyllum_Scalare_B,0.3,830,488,914,594
Pterophyllum_Scalare_Y,0.4,1005,169,1077,234
Ancistrus,0.4,547,663,657,708
Pterophyllum_Scalare_BB,0.4,414,148,508,263
Pterophyllum_Scalare_B,0.4,830,488,916,594
Pterophyllum_Scalare_YWB,0.4,970,249,1055,362
G_Matriarche,0.4,812,228,866,272
Botia_Almorhae,0.4,232,194,349,286
Pterophyllum_Scalare_W,0.4,749,318,803,393
Botia_Almorhae,0.5,225,193,333,287
G_Matriarche,0.5,800,218,858,260
Pterophyllum_Scalare_Y,0.5,1008,166,1081,231
Pterophyllum_Scalare_BB,0.5,407,151,502,264
Pterophyllum_Scalare_W,0.5,745,321,799,396
Ancistrus,0.5,541,664,657,708
Pterophyllum_Scalare_YWB,0.5,972,254,1057,369
Pterophyllum_Scalare_B,0.5,830,487,917,594
Pterophyllum_Scalare_Y,0.6,1010,162,1084,229
Pterophyllum_Scalare_BB,0.6,399,154,491,265
Pterophyllum_Scalare_YWB,0.6,975,261,1056,375
Pterophyllum_Scalare_B,0.6,830,487,917,594
G_Matriarche,0.6,794,211,845,247
Ancistrus,0.6,539,665,656,707
Pterophyllum_Scalare_W,0.6,741,324,794,395
Botia_Almorhae,0.6,222,192,329,289
Pterophyllum_Scalare_BB,0.7,391,156,482,268
Pterophyllum_Scalare_Y,0.7,1013,160,1087,226
G_Matriarche,0.7,788,204,847,240
Pterophyllum_Scalare_B,0.7,830,488,916,594
Pterophyllum_Scalare_YWB,0.7,974,268,1053,381
Botia_Almorhae,0.7,216,190,297,245
Botia_Almorhae,0.7,215,189,300,290
Ancistrus,0.7,539,666,662,708
Pterophyllum_Scalare_W,0.7,733,326,791,397
Pterophyllum_Scalare_W,0.8,729,327,787,398
Pterophyllum_Scalare_B,0.8,823,494,910,595
G_Matriarche,0.8,773,199,830,232
Pterophyllum_Scalare_YWB,0.8,972,276,1052,385
Pterophyllum_Scalare_BB,0.8,385,159,476,268
Pterophyllum_Scalare_Y,0.8,1017,158,1090,223
Ancistrus,0.8,539,665,661,707
Botia_Almorhae,0.9,195,182,283,288
Pterophyllum_Scalare_YWB,0.9,976,281,1048,392
Pterophyllum_Scalare_BB,0.9,374,163,464,269
Pterophyllum_Scalare_B,0.9,817,497,904,597
Pterophyllum_Scalare_W,0.9,746,329,783,399
G_Matriarche,0.9,758,195,828,226
Ancistrus,0.9,539,667,669,708
Pterophyllum_Scalare_Y,0.9,1019,156,1093,223
Ancistrus,1.0,540,667,670,709
Pterophyllum_Scalare_W,1.0,743,331,780,400
Pterophyllum_Scalare_BB,1.0,364,167,454,270
Pterophyllum_Scalare_W,1.0,722,331,780,400
G_Matriarche,1.0,747,189,803,221
Pterophyllum_Scalare_B,1.0,814,498,901,600
Botia_Almorhae,1.0,182,177,278,278
Pterophyllum_Scalare_YWB,1.0,981,291,1047,396
Pterophyllum_Scalare_Y,1.0,1022,154,1096,221
Pterophyllum_Scalare_Y,1.1,1025,152,1100,221
Pterophyllum_Scalare_B,1.1,810,498,896,600
Pterophyllum_Scalare_BB,1.1,356,170,449,270
Botia_Almorhae,1.1,167,171,260,249
Pterophyllum_Scalare_W,1.1,720,331,779,402
G_Matriarche,1.1,743,182,791,218
Ancistrus,1.1,544,668,671,710
G_Matriarche,1.2,729,177,773,209
Botia_Almorhae,1.2,154,168,263,260
Pterophyllum_Scalare_Y,1.2,1029,151,1104,219
Pterophyllum_Scalare_BB,1.2,346,173,436,270
Pterophyllum_Scalare_W,1.2,718,331,778,403
Pterophyllum_Scalare_B,1.2,807,498,893,602
Pterophyllum_Scalare_YWB,1.2,998,295,1051,409
Pterophyllum_Scalare_Y,1.3,1032,150,1106,220
Pterophyllum_Scalare_BB,1.3,338,174,427,270
Pterophyllum_Scalare_W,1.3,716,332,777,405
Pterophyllum_Scalare_YWB,1.3,1001,302,1051,414
G_Matriarche,1.3,717,172,771,204
Botia_Almorhae,1.3,144,162,247,256
Pterophyllum_Scalare_B,1.3,804,499,891,604
Pterophyllum_Scalare_YWB,1.4,996,311,1052,424
Pterophyllum_Scalare_BB,1.4,330,175,417,270
Pterophyllum_Scalare_B,1.4,803,500,890,604
Pterophyllum_Scalare_W,1.4,713,333,775,405
G_Matriarche,1.4,705,167,760,199
Pterophyllum_Scalare_Y,1.4,1034,149,1108,217
Botia_Almorhae,1.4,142,161,242,254
Ancistrus,1.5,539,671,669,713
Pterophyllum_Scalare_W,1.5,710,336,768,405
Pterophyllum_Scalare_Y,1.5,1037,149,1110,216
Pterophyllum_Scalare_B,1.5,801,500,887,605
Pterophyllum_Scalare_BB,1.5,324,175,408,270
Botia_Almorhae,1.5,134,162,229,255
Pterophyllum_Scalare_YWB,1.5,993,330,1049,430
G_Matriarche,1.5,686,162,753,196
Pterophyllum_Scalare_BB,1.6,317,174,402,270
Pterophyllum_Scalare_W,1.6,708,338,764,406
Botia_Almorhae,1.6,132,165,216,246
G_Matriarche,1.6,672,157,752,191
Pterophyllum_Scalare_YWB,1.6,987,327,1049,435
Pterophyllum_Scalare_B,1.6,800,500,886,605
Pterophyllum_Scalare_Y,1.6,1039,148,1113,215
Pterophyllum_Scalare_Y,1.6,998,517,1021,570
G_Matriarche,1.7,648,153,742,190
Pterophyllum_Scalare_W,1.7,706,340,762,407
Pterophyllum_Scalare_Y,1.7,997,516,1021,570
Pterophyllum_Scalare_YWB,1.7,982,336,1047,439
Pterophyllum_Scalare_BB,1.7,312,173,395,270
Pterophyllum_Scalare_B,1.7,799,502,883,608
Pterophyllum_Scalare_Y,1.7,1042,146,1114,215
Pterophyllum_Scalare_B,1.8,793,506,878,612
Pterophyllum_Scalare_YWB,1.8,975,337,1049,441
Pterophyllum_Scalare_Y,1.8,1045,145,1120,216
Pterophyllum_Scalare_BB,1.8,306,172,390,272
Pterophyllum_Scalare_W,1.8,703,344,752,412
G_Matriarche,1.8,633,155,721,189
Botia_Almorhae,1.9,74,174,168,239
Pterophyllum_Scalare_BB,1.9,300,172,384,272
Pterophyllum_Scalare_Y,1.9,1048,145,1122,216
Pterophyllum_Scalare_B,1.9,789,512,869,614
Pterophyllum_Scalare_W,1.9,700,346,749,414
Pterophyllum_Scalare_YWB,1.9,970,342,1047,445
Pterophyllum_Scalare_Y,1.9,991,516,1017,571
Ancistrus,1.9,543,670,678,711
G_Matriarche,1.9,617,155,707,188
Pterophyllum_Scalare_B,2.0,784,519,860,616
Pterophyllum_Scalare_Y,2.0,1052,144,1123,216
Pterophyllum_Scalare_BB,2.0,295,170,379,273
G_Matriarche,2.0,599,152,694,188
Pterophyllum_Scalare_YWB,2.0,965,349,1043,448
Pterophyllum_Scalare_W,2.0,699,348,747,416
Pterophyllum_Scalare_Y,2.0,992,518,1017,570
Ancistrus,2.0,543,670,681,713
Pterophyllum_Scalare_W,2.1,697,351,745,418
Pterophyllum_Scalare_BB,2.1,290,169,375,274
Pterophyllum_Scalare_Y,2.1,1054,143,1125,216
Pterophyllum_Scalare_B,2.1,776,526,846,620
Pterophyllum_Scalare_YWB,2.1,960,352,1040,453
G_Matriarche,2.1,588,149,680,187
Pterophyllum_Scalare_BB,2.2,285,169,370,275
G_Matriarche,2.2,578,149,669,187
Pterophyllum_Scalare_YWB,2.2,955,357,1035,456
Pterophyllum_Scalare_B,2.2,769,526,835,619
Pterophyllum_Scalare_W,2.2,696,353,745,420
Pterophyllum_Scalare_Y,2.2,1058,143,1126,215
Pterophyllum_Scalare_YWB,2.3,951,360,1031,460
Pterophyllum_Scalare_Y,2.3,1060,144,1129,215
Pterophyllum_Scalare_BB,2.3,280,170,366,276
Pterophyllum_Scalare_W,2.3,695,354,745,423
G_Matriarche,2.3,570,150,658,186
Pterophyllum_Scalare_B,2.3,765,525,830,619
Pterophyllum_Scalare_BB,2.3,66,235,117,288
Pterophyllum_Scalare_YWB,2.4,944,361,1025,459
Pterophyllum_Scalare_Y,2.4,1063,144,1131,213
Pterophyllum_Scalare_BB,2.4,274,170,360,277
Pterophyllum_Scalare_W,2.4,693,356,744,425
G_Matriarche,2.4,561,152,649,187
Pterophyllum_Scalare_B,2.4,762,528,817,619
Pterophyllum_Scalare_Y,2.5,1065,144,1132,213
Pterophyllum_Scalare_BB,2.5,268,171,354,278
Pterophyllum_Scalare_YWB,2.5,939,362,1023,460
Pterophyllum_Scalare_W,2.5,692,358,742,425
G_Matriarche,2.5,556,152,643,188
Pterophyllum_Scalare_B,2.5,760,527,808,616
Pterophyllum_Scalare_Y,2.5,985,496,1011,569
Pterophyllum_Scalare_BB,2.5,64,254,124,299
G_Matriarche,2.6,550,153,636,189
Pterophyllum_Scalare_Y,2.6,1066,144,1135,212
Pterophyllum_Scalare_BB,2.6,264,174,350,279
Pterophyllum_Scalare_YWB,2.6,934,364,1018,460
Pterophyllum_Scalare_W,2.6,690,360,741,427
Pterophyllum_Scalare_B,2.6,758,526,800,599
Pterophyllum_Scalare_Y,2.7,1067,143,1134,210
Pterophyllum_Scalare_YWB,2.7,928,365,1012,462
Pterophyllum_Scalare_W,2.7,689,363,740,426
Pterophyllum_Scalare_B,2.7,755,524,794,598
Pterophyllum_Scalare_BB,2.7,258,175,344,281
G_Matriarche,2.7,544,153,630,191
Pterophyllum_Scalare_W,2.8,690,364,739,427
Pterophyllum_Scalare_B,2.8,754,522,793,597
G_Matriarche,2.8,539,154,624,193
Pterophyllum_Scalare_BB,2.8,253,176,340,282
Pterophyllum_Scalare_YWB,2.8,923,365,1011,463
Pterophyllum_Scalare_Y,2.8,1067,141,1134,208
Pterophyllum_Scalare_B,2.9,752,520,789,595
Pterophyllum_Scalare_W,2.9,689,366,738,429
Pterophyllum_Scalare_BB,2.9,245,178,328,282
G_Matriarche,2.9,536,155,621,194
Pterophyllum_Scalare_YWB,2.9,919,367,1005,462
Pterophyllum_Scalare_Y,2.9,1068,141,1135,207
G_Matriarche,3.0,533,156,616,196
Pterophyllum_Scalare_BB,3.0,235,184,321,281
Pterophyllum_Scalare_YWB,3.0,914,366,1001,464
Pterophyllum_Scalare_Y,3.0,1067,140,1134,206
Pterophyllum_Scalare_B,3.0,750,519,787,598
Pterophyllum_Scalare_W,3.0,689,369,737,428
Pterophyllum_Scalare_YWB,3.1,909,368,996,465
Pterophyllum_Scalare_BB,3.1,227,184,314,283
Pterophyllum_Scalare_B,3.1,749,517,784,598
Botia_Almorhae,3.1,58,185,90,296
G_Matriarche,3.1,529,157,613,201
Pterophyllum_Scalare_Y,3.1,1067,139,1133,206
Pterophyllum_Scalare_BB,3.2,217,184,305,283
Pterophyllum_Scalare_YWB,3.2,901,369,991,466
G_Matriarche,3.2,526,158,611,203
Pterophyllum_Scalare_Y,3.2,1067,137,1131,205
Pterophyllum_Scalare_B,3.2,747,515,784,598
Botia_Almorhae,3.2,57,176,86,290
Pterophyllum_Scalare_Y,3.3,1066,136,1130,204
Pterophyllum_Scalare_YWB,3.3,893,368,989,467
G_Matriarche,3.3,523,160,608,203
Pterophyllum_Scalare_W,3.3,690,383,730,433
Botia_Almorhae,3.3,56,174,87,294
Pterophyllum_Scalare_BB,3.3,210,185,297,281
Pterophyllum_Scalare_B,3.3,746,516,782,595
Pterophyllum_Scalare_Y,3.4,1066,134,1127,202
Pterophyllum_Scalare_YWB,3.4,885,370,987,466
Pterophyllum_Scalare_BB,3.4,198,187,286,282
Pterophyllum_Scalare_W,3.4,690,385,727,433
Pterophyllum_Scalare_B,3.4,745,515,779,585
G_Matriarche,3.4,519,161,605,204
G_Matriarche,3.5,517,162,600,207
Pterophyllum_Scalare_B,3.5,745,513,775,574
Pterophyllum_Scalare_Y,3.5,1066,132,1128,201
Pterophyllum_Scalare_YWB,3.5,879,372,983,467
Pterophyllum_Scalare_W,3.5,691,387,724,433
Pterophyllum_Scalare_BB,3.5,189,187,275,283
Pterophyllum_Scalare_B,3.6,744,511,773,572
Pterophyllum_Scalare_Y,3.6,1066,133,1126,200
Pterophyllum_Scalare_BB,3.6,181,186,266,282
Pterophyllum_Scalare_W,3.6,690,387,722,433
G_Matriarche,3.6,522,163,594,209
Pterophyllum_Scalare_YWB,3.6,874,374,974,467
G_Matriarche,3.7,521,163,558,201
Pterophyllum_Scalare_BB,3.7,170,184,256,278
Pterophyllum_Scalare_W,3.7,691,387,720,433
Pterophyllum_Scalare_B,3.7,744,509,774,571
Botia_Almorhae,3.7,55,133,78,258
Pterophyllum_Scalare_YWB,3.7,871,373,966,467
Pterophyllum_Scalare_Y,3.7,1066,131,1124,199
Pterophyllum_Scalare_YWB,3.8,867,373,960,467
Pterophyllum_Scalare_BB,3.8,162,180,245,276
Botia_Almorhae,3.8,55,133,78,257
Pterophyllum_Scalare_B,3.8,745,509,773,570
Pterophyllum_Scalare_Y,3.8,1068,130,1124,198
G_Matriarche,3.8,518,164,578,201
Pterophyllum_Scalare_Y,3.9,1067,129,1125,197
G_Matriarche,3.9,512,161,576,211
Pterophyllum_Scalare_BB,3.9,156,175,241,275
Pterophyllum_Scalare_YWB,3.9,864,372,954,470
Pterophyllum_Scalare_B,3.9,745,505,776,570
Botia_Almorhae,3.9,55,135,78,258
Pterophyllum_Scalare_BB,4.0,151,171,236,274
Pterophyllum_Scalare_Y,4.0,1068,128,1126,196
Pterophyllum_Scalare_YWB,4.0,861,370,949,473
G_Matriarche,4.0,511,163,572,217
Botia_Almorhae,4.0,163,469,229,534
Pterophyllum_Scalare_B,4.0,743,503,776,570
Botia_Almorhae,4.0,54,138,79,259
G_Matriarche,4.1,507,165,568,221
Pterophyllum_Scalare_YWB,4.1,856,372,944,475
Botia_Almorhae,4.1,54,140,80,262
Pterophyllum_Scalare_BB,4.1,147,169,227,273
Pterophyllum_Scalare_Y,4.1,1068,125,1127,194
Botia_Almorhae,4.1,167,483,244,540
Pterophyllum_Scalare_B,4.1,743,502,779,569
G_Matriarche,4.2,507,169,566,222
Pterophyllum_Scalare_YWB,4.2,850,371,940,477
Pterophyllum_Scalare_Y,4.2,1067,122,1127,192
Pterophyllum_Scalare_BB,4.2,144,168,223,272
Pterophyllum_Scalare_Y,4.2,652,381,691,432
Botia_Almorhae,4.2,54,142,81,263
Botia_Almorhae,4.2,186,495,259,546
Pterophyllum_Scalare_B,4.2,742,501,781,566
Pterophyllum_Scalare_Y,4.3,1066,120,1126,190
Pterophyllum_Scalare_BB,4.3,142,166,221,273
G_Matriarche,4.3,509,180,560,226
Botia_Almorhae,4.3,201,503,271,550
Pterophyllum_Scalare_YWB,4.3,844,373,935,478
Botia_Almorhae,4.3,55,143,81,266
Pterophyllum_Scalare_B,4.3,744,501,782,565
Botia_Almorhae,4.4,54,145,82,269
Pterophyllum_Scalare_YWB,4.4,838,375,931,479
Pterophyllum_Scalare_Y,4.4,1063,119,1124,189
Pterophyllum_Scalare_B,4.4,744,500,784,565
Pterophyllum_Scalare_BB,4.4,140,167,218,274
Pterophyllum_Scalare_Y,4.4,649,381,690,436
G_Matriarche,4.4,512,181,552,233
Pterophyllum_Scalare_B,4.5,745,501,785,564
Pterophyllum_Scalare_BB,4.5,138,167,216,274
Pterophyllum_Scalare_Y,4.5,1062,117,1121,188
Botia_Almorhae,4.5,55,147,82,274
Pterophyllum_Scalare_YWB,4.5,831,375,927,480
Pterophyllum_Scalare_Y,4.6,1062,118,1123,188
Pterophyllum_Scalare_B,4.6,746,500,785,564
G_Matriarche,4.6,507,193,565,253
Pterophyllum_Scalare_BB,4.6,136,166,214,274
Pterophyllum_Scalare_W,4.6,645,380,687,437
Botia_Almorhae,4.6,54,154,82,276
Pterophyllum_Scalare_YWB,4.6,826,376,923,480
Pterophyllum_Scalare_B,4.7,747,499,787,565
Botia_Almorhae,4.7,55,161,84,284
Pterophyllum_Scalare_Y,4.7,1061,117,1122,188
G_Matriarche,4.7,506,203,576,262
Pterophyllum_Scalare_YWB,4.7,823,375,920,481
Pterophyllum_Scalare_BB,4.7,135,167,212,275
Pterophyllum_Scalare_W,4.7,642,380,684,438
Pterophyllum_Scalare_W,4.8,639,379,683,438
G_Matriarche,4.8,519,221,585,270
G_Matriarche,4.8,574,200,616,238
Pterophyllum_Scalare_BB,4.8,134,169,209,276
Pterophyllum_Scalare_YWB,4.8,819,376,917,482
Pterophyllum_Scalare_Y,4.8,1062,118,1120,188
Pterophyllum_Scalare_B,4.8,747,497,788,564
Botia_Almorhae,4.8,55,171,85,291
Pterophyllum_Scalare_YWB,4.9,816,375,915,483
Pterophyllum_Scalare_Y,4.9,1061,118,1117,188
Pterophyllum_Scalare_BB,4.9,132,170,207,279
Pterophyllum_Scalare_B,4.9,748,497,790,563
G_Matriarche,4.9,523,226,601,280
Botia_Almorhae,4.9,56,181,86,294
Pterophyllum_Scalare_Y,5.0,1061,119,1117,188
Pterophyllum_Scalare_B,5.0,750,496,790,562
Botia_Almorhae,5.0,58,189,89,291
Pterophyllum_Scalare_BB,5.0,131,172,205,284
Corydoras_Panda,5.0,991,518,1024,576
G_Matriarche,5.0,534,235,615,292
Pterophyllum_Scalare_YWB,5.0,814,374,914,484
G_Matriarche,5.1,545,241,624,303
Pterophyllum_Scalare_Y,5.1,1060,118,1117,189
Pterophyllum_Scalare_Y,5.1,638,375,682,437
Pterophyllum_Scalare_B,5.1,751,494,791,560
Pterophyllum_Scalare_BB,5.1,130,176,201,289
Pterophyllum_Scalare_YWB,5.1,812,374,913,485
Botia_Almorhae,5.1,58,203,89,300
Pterophyllum_Scalare_YWB,5.2,811,374,911,485
Pterophyllum_Scalare_BB,5.2,127,180,196,294
G_Matriarche,5.2,557,244,633,313
Pterophyllum_Scalare_Y,5.2,1061,118,1117,189
Pterophyllum_Scalare_B,5.2,751,490,791,558
Pterophyllum_Scalare_Y,5.2,638,374,682,437
Corydoras_Panda,5.3,991,519,1027,575
Pterophyllum_Scalare_BB,5.3,64,226,97,287
Pterophyllum_Scalare_B,5.3,754,488,793,557
Pterophyllum_Scalare_Y,5.3,1062,121,1120,190
Pterophyllum_Scalare_BB,5.3,125,184,194,301
G_Matriarche,5.3,569,250,642,322
Pterophyllum_Scalare_Y,5.3,638,374,682,437
Pterophyllum_Scalare_YWB,5.3,810,374,910,484
Pterophyllum_Scalare_YWB,5.4,810,373,909,484
G_Matriarche,5.4,589,255,651,339
Pterophyllum_Scalare_BB,5.4,124,190,191,305
Pterophyllum_Scalare_Y,5.4,638,373,682,437
Pterophyllum_Scalare_B,5.4,755,488,793,554
Pterophyllum_Scalare_Y,5.4,1063,120,1126,190
G_Matriarche,5.5,602,259,657,353
Ancistrus,5.5,542,667,682,716
Pterophyllum_Scalare_Y,5.5,638,372,682,436
Pterophyllum_Scalare_BB,5.5,122,195,189,312
Pterophyllum_Scalare_YWB,5.5,809,373,908,485
Pterophyllum_Scalare_Y,5.5,1062,120,1125,190
Pterophyllum_Scalare_BB,5.6,605,259,663,368
Pterophyllum_Scalare_YWB,5.6,809,374,907,486
Pterophyllum_Scalare_Y,5.6,1062,120,1125,190
Pterophyllum_Scalare_Y,5.6,639,373,682,436
Pterophyllum_Scalare_BB,5.6,122,201,190,317
Pterophyllum_Scalare_Y,5.7,1061,120,1126,189
Pterophyllum_Scalare_YWB,5.7,809,373,909,486
Pterophyllum_Scalare_Y,5.7,638,373,682,436
Pterophyllum_Scalare_BB,5.7,121,205,189,321
Pterophyllum_Scalare_Y,5.8,638,375,683,436
Pterophyllum_Scalare_BB,5.8,120,208,189,325
Ancistrus,5.8,543,667,681,718
Pterophyllum_Scalare_Y,5.8,1061,120,1124,187
Pterophyllum_Scalare_YWB,5.8,809,374,910,486
Pterophyllum_Scalare_BB,5.9,120,211,188,328
Ancistrus,5.9,539,667,680,718
Pterophyllum_Scalare_Y,5.9,637,374,682,436
Pterophyllum_Scalare_Y,5.9,1060,119,1124,186
Pterophyllum_Scalare_YWB,5.9,809,375,908,486
Pterophyllum_Scalare_BB,6.0,121,214,191,329
Pterophyllum_Scalare_Y,6.0,638,373,681,435
G_Matriarche,6.0,633,321,700,395
Pterophyllum_Scalare_Y,6.0,1060,119,1122,185
Pterophyllum_Scalare_YWB,6.0,809,376,907,486
G_Matriarche,6.1,638,330,708,400
Pterophyllum_Scalare_BB,6.1,121,215,190,330
Botia_Almorhae,6.1,94,336,145,403
Pterophyllum_Scalare_BB,6.1,625,255,659,313
Pterophyllum_Scalare_Y,6.1,1060,119,1123,184
Pterophyllum_Scalare_YWB,6.1,809,375,909,486
Pterophyllum_Scalare_W,6.2,637,372,682,436
Pterophyllum_Scalare_YWB,6.2,810,375,908,486
Pterophyllum_Scalare_BB,6.2,122,217,193,331
G_Matriarche,6.2,643,338,715,402
Pterophyllum_Scalare_Y,6.2,1058,119,1120,186
Botia_Almorhae,6.2,100,355,152,409
Pterophyllum_Scalare_W,6.3,636,373,682,435
Pterophyllum_Scalare_YWB,6.3,810,376,908,485
Pterophyllum_Scalare_Y,6.3,1059,117,1117,187
Pterophyllum_Scalare_BB,6.3,123,220,192,332
G_Matriarche,6.3,650,344,725,406
Botia_Almorhae,6.3,103,369,161,411
Pterophyllum_Scalare_B,6.3,761,476,798,546
G_Matriarche,6.4,658,350,733,409
Pterophyllum_Scalare_W,6.4,636,373,681,434
Pterophyllum_Scalare_YWB,6.4,810,376,907,485
Pterophyllum_Scalare_Y,6.4,1056,117,1114,188
Botia_Almorhae,6.4,108,375,172,414
Pterophyllum_Scalare_BB,6.4,125,220,193,334
Pterophyllum_Scalare_B,6.4,763,476,799,548
G_Matriarche,6.5,666,351,742,412
Pterophyllum_Scalare_B,6.5,763,476,800,549
Botia_Almorhae,6.5,123,377,187,414
Pterophyllum_Scalare_BB,6.5,127,222,195,335
Pterophyllum_Scalare_W,6.5,635,371,681,435
Pterophyllum_Scalare_YWB,6.5,810,376,908,485
Pterophyllum_Scalare_Y,6.5,1056,119,1111,186
Pterophyllum_Scalare_Y,6.6,1054,120,1115,186
Pterophyllum_Scalare_W,6.6,631,372,682,436
Pterophyllum_Scalare_BB,6.6,129,224,191,334
Pterophyllum_Scalare_B,6.6,763,475,801,548
G_Matriarche,6.6,681,359,747,416
Pterophyllum_Scalare_YWB,6.6,810,377,908,486
G_Matriarche,6.7,689,359,754,423
Pterophyllum_Scalare_B,6.7,763,475,801,545
Pterophyllum_Scalare_Y,6.7,1055,119,1112,188
Pterophyllum_Scalare_YWB,6.7,810,378,909,487
Pterophyllum_Scalare_W,6.7,629,373,681,435
Pterophyllum_Scalare_BB,6.7,129,227,187,334
Pterophyllum_Scalare_BB,6.8,129,230,185,330
Pterophyllum_Scalare_W,6.8,627,374,680,436
Pterophyllum_Scalare_B,6.8,763,474,803,548
G_Matriarche,6.8,678,350,721,392
Botia_Almorhae,6.8,147,378,218,423
Pterophyllum_Scalare_Y,6.8,1056,120,1113,189
Pterophyllum_Scalare_YWB,6.8,811,378,908,487
Corydoras_Panda,6.9,990,540,1039,587
G_Matriarche,6.9,691,358,726,391
Pterophyllum_Scalare_B,6.9,764,473,805,547
Pterophyllum_Scalare_Y,6.9,1057,122,1112,189
Pterophyllum_Scalare_W,6.9,623,375,679,435
Pterophyllum_Scalare_YWB,6.9,812,378,912,489
Pterophyllum_Scalare_BB,6.9,129,232,185,330
Pterophyllum_Scalare_BB,7.0,129,234,183,329
Pterophyllum_Scalare_Y,7.0,1056,123,1117,190
Pterophyllum_Scalare_B,7.0,763,473,806,546
G_Matriarche,7.0,725,365,761,436
Pterophyllum_Scalare_W,7.0,621,375,677,436
Pterophyllum_Scalare_YWB,7.0,810,378,907,490
Pterophyllum_Scalare_YWB,7.1,805,380,904,490
Pterophyllum_Scalare_W,7.1,620,376,674,435
Pterophyllum_Scalare_Y,7.1,1057,124,1114,189
Pterophyllum_Scalare_BB,7.1,128,236,181,332
Pterophyllum_Scalare_B,7.1,765,472,808,543
G_Matriarche,7.1,735,365,765,442
Pterophyllum_Scalare_YWB,7.2,803,381,905,490
Pterophyllum_Scalare_W,7.2,618,375,672,435
Botia_Almorhae,7.2,181,355,257,433
G_Matriarche,7.2,746,369,772,446
Pterophyllum_Scalare_B,7.2,766,472,810,541
Pterophyllum_Scalare_Y,7.2,1059,126,1117,191
Pterophyllum_Scalare_BB,7.2,128,237,178,331
Pterophyllum_Scalare_YWB,7.3,800,382,903,490
Pterophyllum_Scalare_Y,7.3,1060,126,1117,190
Botia_Almorhae,7.3,165,329,276,435
Pterophyllum_Scalare_B,7.3,769,474,810,539
G_Matriarche,7.3,750,374,778,454
Pterophyllum_Scalare_BB,7.3,129,237,177,329
Pterophyllum_Scalare_W,7.3,615,375,669,436
G_Matriarche,7.4,755,376,782,453
Botia_Almorhae,7.4,156,312,266,420
Pterophyllum_Scalare_Y,7.4,1062,125,1122,191
Pterophyllum_Scalare_YWB,7.4,796,382,902,491
Pterophyllum_Scalare_B,7.4,771,474,811,537
Pterophyllum_Scalare_W,7.4,611,376,667,437
Pterophyllum_Scalare_BB,7.4,129,237,176,330
G_Matriarche,7.5,762,382,787,430
Pterophyllum_Scalare_YWB,7.5,793,384,901,492
Pterophyllum_Scalare_B,7.5,775,475,812,537
Pterophyllum_Scalare_W,7.5,608,377,663,434
Pterophyllum_Scalare_Y,7.5,1064,123,1126,190
Botia_Almorhae,7.5,152,303,250,409
Pterophyllum_Scalare_BB,7.5,129,238,176,332
G_Matriarche,7.5,763,382,788,453
Pterophyllum_Scalare_YWB,7.6,791,385,897,494
Pterophyllum_Scalare_Y,7.6,1065,125,1126,191
Pterophyllum_Scalare_W,7.6,605,379,654,432
Pterophyllum_Scalare_BB,7.6,128,239,175,329
Pterophyllum_Scalare_BB,7.7,131,240,174,318
Ancistrus,7.7,537,666,671,714
Pterophyllum_Scalare_YWB,7.7,793,384,897,495
Pterophyllum_Scalare_Y,7.7,1066,124,1126,190
Botia_Almorhae,7.7,130,293,243,387
G_Matriarche,7.7,755,410,800,457
Pterophyllum_Scalare_W,7.7,599,380,648,426
Pterophyllum_Scalare_W,7.8,598,383,642,424
Ancistrus,7.8,537,665,670,716
Pterophyllum_Scalare_Y,7.8,1064,125,1127,189
Pterophyllum_Scalare_YWB,7.8,793,385,894,497
Botia_Almorhae,7.8,129,287,232,384
G_Matriarche,7.8,755,411,808,460
Pterophyllum_Scalare_Y,7.9,1065,123,1131,189
Pterophyllum_Scalare_YWB,7.9,790,388,895,502
Ancistrus,7.9,536,665,667,715
Botia_Almorhae,7.9,128,286,218,377
Pterophyllum_Scalare_W,7.9,583,384,635,428
Pterophyllum_Scalare_Y,8.0,1065,122,1131,188
G_Matriarche,8.0,734,425,804,465
Pterophyllum_Scalare_YWB,8.0,791,391,889,504
Ancistrus,8.0,537,664,667,713
Pterophyllum_Scalare_W,8.0,578,385,631,434
Pterophyllum_Scalare_YWB,8.1,788,393,886,506
Pterophyllum_Scalare_Y,8.1,1065,122,1131,188
Ancistrus,8.1,539,664,667,714
G_Matriarche,8.1,726,432,803,466
Pterophyllum_Scalare_W,8.1,573,386,625,431
Pterophyllum_Scalare_Y,8.2,1064,121,1129,187
Pterophyllum_Scalare_YWB,8.2,785,395,884,509
Ancistrus,8.2,538,662,668,715
G_Matriarche,8.2,721,435,801,468
Pterophyllum_Scalare_BB,8.2,115,238,179,342
Pterophyllum_Scalare_W,8.2,570,387,623,432
Pterophyllum_Scalare_Y,8.3,1063,122,1128,188
Pterophyllum_Scalare_BB,8.3,143,231,174,330
Pterophyllum_Scalare_W,8.3,568,388,616,434
G_Matriarche,8.3,716,440,795,469
Pterophyllum_Scalare_YWB,8.3,783,396,882,513
Ancistrus,8.3,538,663,668,715
Pterophyllum_Scalare_BB,8.3,112,231,174,331
Corydoras_Panda,8.4,235,528,261,569
Pterophyllum_Scalare_BB,8.4,148,227,180,298
G_Matriarche,8.4,712,442,792,471
Ancistrus,8.4,539,663,666,714
G_Matriarche,8.4,750,412,786,444
Pterophyllum_Scalare_W,8.4,566,389,613,436
Pterophyllum_Scalare_Y,8.4,1063,122,1127,188
Pterophyllum_Scalare_YWB,8.4,782,399,883,516
Pterophyllum_Scalare_BB,8.5,154,224,186,293
Pterophyllum_Scalare_Y,8.5,1061,122,1127,189
Pterophyllum_Scalare_W,8.5,564,391,609,441
Pterophyllum_Scalare_YWB,8.5,778,403,878,522
G_Matriarche,8.5,747,418,781,445
Ancistrus,8.5,543,662,666,713
Pterophyllum_Scalare_BB,8.6,157,221,192,296
Pterophyllum_Scalare_Y,8.6,1060,121,1126,189
Ancistrus,8.6,544,662,666,712
Pterophyllum_Scalare_W,8.6,563,391,609,441
Pterophyllum_Scalare_YWB,8.6,774,408,875,527
Pterophyllum_Scalare_YWB,8.7,772,412,875,535
Pterophyllum_Scalare_Y,8.7,1059,121,1124,190
Pterophyllum_Scalare_BB,8.7,161,219,200,297
Pterophyllum_Scalare_W,8.7,562,391,607,436
Ancistrus,8.7,542,661,665,713
Pterophyllum_Scalare_Y,8.8,1058,121,1122,190
Pterophyllum_Scalare_BB,8.8,166,217,212,292
G_Matriarche,8.8,698,440,779,472
Pterophyllum_Scalare_YWB,8.8,772,415,874,539
Ancistrus,8.8,549,661,670,713
Pterophyllum_Scalare_W,8.8,559,400,605,435
Pterophyllum_Scalare_Y,8.9,1058,119,1124,189
Pterophyllum_Scalare_BB,8.9,171,216,222,289
Ancistrus,8.9,552,661,668,713
Pterophyllum_Scalare_W,8.9,558,396,604,433
G_Matriarche,8.9,685,434,770,477
Pterophyllum_Scalare_YWB,8.9,773,419,872,543
Pterophyllum_Scalare_W,9.0,557,395,603,438
Ancistrus,9.0,551,660,668,713
G_Matriarche,9.0,677,425,763,474
Pterophyllum_Scalare_BB,9.0,175,215,238,288
Pterophyllum_Scalare_YWB,9.0,773,424,871,547
Pterophyllum_Scalare_Y,9.0,1057,118,1123,189
Pterophyllum_Scalare_BB,9.1,181,215,251,290
Pterophyllum_Scalare_YWB,9.1,773,426,870,551
Pterophyllum_Scalare_W,9.1,554,396,601,443
Pterophyllum_Scalare_Y,9.1,1059,119,1123,189
G_Matriarche,9.1,669,418,755,469
Ancistrus,9.1,551,659,665,713
Pterophyllum_Scalare_YWB,9.2,773,430,870,554
Pterophyllum_Scalare_W,9.2,551,397,599,445
Corydoras_Panda,9.2,235,526,265,569
Pterophyllum_Scalare_BB,9.2,189,216,262,291
G_Matriarche,9.2,662,411,745,464
Botia_Almorhae,9.2,137,214,193,256
Pterophyllum_Scalare_Y,9.2,1061,119,1125,189
Botia_Almorhae,9.3,134,217,200,262
Corydoras_Panda,9.3,235,526,264,569
Ancistrus,9.3,555,659,665,713
Pterophyllum_Scalare_YWB,9.3,772,429,870,556
Pterophyllum_Scalare_BB,9.3,195,216,272,293
Pterophyllum_Scalare_Y,9.3,1061,119,1125,190
G_Matriarche,9.3,657,405,737,455
G_Matriarche,9.4,653,399,735,448
Ancistrus,9.4,555,659,667,715
Pterophyllum_Scalare_YWB,9.4,772,434,870,558
Pterophyllum_Scalare_Y,9.4,1061,120,1125,189
Botia_Almorhae,9.4,147,224,209,270
Corydoras_Panda,9.4,234,526,264,569
Pterophyllum_Scalare_BB,9.4,204,216,281,295
Botia_Almorhae,9.5,155,233,228,279
Ancistrus,9.5,556,658,666,714
Pterophyllum_Scalare_Y,9.5,1061,120,1123,189
G_Matriarche,9.5,650,391,730,442
Corydoras_Panda,9.5,234,526,263,569
Pterophyllum_Scalare_BB,9.5,213,217,291,294
Pterophyllum_Scalare_YWB,9.5,772,435,870,561
Pterophyllum_Scalare_BB,9.6,219,216,298,295
Pterophyllum_Scalare_Y,9.6,1060,120,1124,188
G_Matriarche,9.6,647,385,727,436
Botia_Almorhae,9.6,165,242,235,283
Corydoras_Panda,9.6,235,525,264,569
Ancistrus,9.6,557,658,667,714
Pterophyllum_Scalare_YWB,9.6,772,436,871,564
Pterophyllum_Scalare_YWB,9.7,771,441,871,565
G_Matriarche,9.7,646,380,723,430
Pterophyllum_Scalare_Y,9.7,1059,120,1124,188
Pterophyllum_Scalare_BB,9.7,222,215,306,296
Corydoras_Panda,9.7,235,526,262,569
Botia_Almorhae,9.7,169,250,243,289
Ancistrus,9.7,556,658,667,714
Botia_Almorhae,9.8,179,258,243,297
Pterophyllum_Scalare_Y,9.8,1057,119,1123,189
G_Matriarche,9.8,642,374,723,424
Pterophyllum_Scalare_BB,9.8,224,215,311,296
Ancistrus,9.8,556,657,668,714
Pterophyllum_Scalare_YWB,9.8,771,442,871,565
Pterophyllum_Scalare_Y,9.9,1055,116,1114,188
Corydoras_Panda,9.9,236,525,262,569
G_Matriarche,9.9,639,367,722,419
Pterophyllum_Scalare_YWB,9.9,770,443,872,565
Pterophyllum_Scalare_BB,9.9,226,215,316,296
Ancistrus,9.9,555,656,667,715
Pterophyllum_Scalare_BB,10.0,231,215,319,294
Pterophyllum_Scalare_YWB,10.0,769,443,871,565
Pterophyllum_Scalare_Y,10.0,1054,116,1106,184
G_Matriarche,10.0,633,364,719,413
Ancistrus,10.0,553,655,666,711
Pterophyllum_Scalare_YWB,10.1,765,443,867,562
Pterophyllum_Scalare_Y,10.1,1051,116,1109,183
Pterophyllum_Scalare_BB,10.1,232,213,321,292
Botia_Almorhae,10.1,208,281,317,322
Ancistrus,10.1,556,655,666,711
G_Matriarche,10.1,632,362,716,406
Pterophyllum_Scalare_YWB,10.2,762,443,867,556
Ancistrus,10.2,557,656,665,711
Botia_Almorhae,10.2,216,290,328,330
Pterophyllum_Scalare_Y,10.2,1049,116,1108,185
Pterophyllum_Scalare_BB,10.2,232,211,321,293
G_Matriarche,10.2,628,358,715,401
G_Matriarche,10.3,627,354,709,396
Pterophyllum_Scalare_YWB,10.3,760,446,866,552
Pterophyllum_Scalare_Y,10.3,1050,117,1110,186
Ancistrus,10.3,556,656,665,711
Botia_Almorhae,10.3,226,296,331,336
Pterophyllum_Scalare_BB,10.3,233,210,322,294
Pterophyllum_Scalare_YWB,10.4,757,447,865,546
Botia_Almorhae,10.4,241,298,333,342
G_Matriarche,10.4,624,349,701,394
Botia_Almorhae,10.4,226,488,264,548
Ancistrus,10.4,557,655,664,710
Pterophyllum_Scalare_BB,10.4,234,210,323,295
Pterophyllum_Scalare_Y,10.4,1051,117,1112,187
G_Matriarche,10.5,621,345,694,391
Pterophyllum_Scalare_Y,10.5,1051,120,1115,187
Pterophyllum_Scalare_BB,10.5,235,210,323,297
Pterophyllum_Scalare_YWB,10.5,755,443,864,541
Botia_Almorhae,10.5,240,300,345,343
Ancistrus,10.5,557,654,664,710
Corydoras_Panda,10.6,998,526,1031,579
Pterophyllum_Scalare_Y,10.6,1052,120,1119,187
Pterophyllum_Scalare_BB,10.6,235,209,323,297
G_Matriarche,10.6,618,341,688,388
Pterophyllum_Scalare_YWB,10.6,753,438,864,536
Ancistrus,10.6,556,655,665,711
Botia_Almorhae,10.6,238,300,343,347
Ancistrus,10.7,554,655,665,711
Pterophyllum_Scalare_Y,10.7,1052,120,1118,189
Pterophyllum_Scalare_YWB,10.7,748,433,860,531
Corydoras_Panda,10.7,998,523,1031,576
Botia_Almorhae,10.7,245,301,344,353
G_Matriarche,10.7,615,338,686,385
Pterophyllum_Scalare_BB,10.7,234,208,321,299
Ancistrus,10.8,550,654,656,709
Corydoras_Panda,10.8,995,525,1034,584
Pterophyllum_Scalare_YWB,10.8,746,429,855,519
Pterophyllum_Scalare_Y,10.8,1056,121,1119,188
Pterophyllum_Scalare_BB,10.8,233,208,320,301
Botia_Almorhae,10.8,250,304,342,353
Botia_Striata,10.8,208,457,260,512
G_Matriarche,10.8,613,334,691,380
Pterophyllum_Scalare_YWB,10.9,742,426,845,514
Ancistrus,10.9,541,654,644,708
Botia_Almorhae,10.9,202,447,255,504
Botia_Almorhae,10.9,274,305,335,345
G_Matriarche,10.9,612,330,693,375
Pterophyllum_Scalare_BB,10.9,231,207,317,302
Pterophyllum_Scalare_Y,10.9,1057,123,1120,189
G_Matriarche,11.0,615,322,657,373
Botia_Almorhae,11.0,199,437,252,498
Ancistrus,11.0,537,653,654,706
Pterophyllum_Scalare_Y,11.0,1057,125,1120,189
Pterophyllum_Scalare_YWB,11.0,736,421,841,512
Pterophyllum_Scalare_BB,11.0,228,208,315,304
Ancistrus,11.1,534,653,653,706
Pterophyllum_Scalare_YWB,11.1,730,418,838,509
Botia_Almorhae,11.1,247,303,333,370
G_Matriarche,11.1,613,332,684,367
Botia_Almorhae,11.1,198,427,244,498
Pterophyllum_Scalare_BB,11.1,226,208,312,305
Pterophyllum_Scalare_Y,11.1,1058,126,1122,190
Pterophyllum_Scalare_BB,11.2,224,210,310,307
Pterophyllum_Scalare_Y,11.2,1059,126,1122,191
Pterophyllum_Scalare_YWB,11.2,725,412,835,506
Botia_Almorhae,11.2,244,302,333,371
Ancistrus,11.2,534,654,653,707
G_Matriarche,11.2,617,335,677,372
Pterophyllum_Scalare_BB,11.3,605,324,662,381
Pterophyllum_Scalare_BB,11.3,222,211,308,309
Pterophyllum_Scalare_YWB,11.3,714,408,824,500
Pterophyllum_Scalare_Y,11.3,1060,127,1124,192
Botia_Almorhae,11.3,247,302,333,374
Botia_Almorhae,11.3,254,303,333,352
Ancistrus,11.3,532,652,653,709
Botia_Almorhae,11.4,277,303,333,348
Pterophyllum_Scalare_BB,11.4,221,213,306,310
Pterophyllum_Scalare_Y,11.4,1061,127,1128,193
Ancistrus,11.4,533,652,651,708
Pterophyllum_Scalare_YWB,11.4,701,403,813,495
Pterophyllum_Scalare_BB,11.5,221,215,305,312
Pterophyllum_Scalare_Y,11.5,1063,127,1129,193
Pterophyllum_Scalare_YWB,11.5,692,399,806,489
Botia_Almorhae,11.5,280,304,334,344
Pterophyllum_Scalare_Y,11.6,1065,126,1132,193
Botia_Almorhae,11.6,283,305,335,344
Pterophyllum_Scalare_YWB,11.6,684,395,794,485
Pterophyllum_Scalare_BB,11.6,221,218,304,314
Ancistrus,11.6,537,652,650,706
Ancistrus,11.7,532,650,640,704
Pterophyllum_Scalare_BB,11.7,221,220,303,316
Botia_Almorhae,11.7,186,381,228,447
Botia_Almorhae,11.7,279,307,336,342
Pterophyllum_Scalare_Y,11.7,1066,127,1132,193
Pterophyllum_Scalare_YWB,11.7,674,391,785,481
G_Matriarche,11.7,647,327,671,398
Pterophyllum_Scalare_BB,11.8,622,340,652,379
Ancistrus,11.8,523,648,630,701
Pterophyllum_Scalare_YWB,11.8,661,387,768,476
Pterophyllum_Scalare_BB,11.8,223,222,300,317
Botia_Almorhae,11.8,184,379,231,447
Botia_Almorhae,11.8,279,308,337,343
Pterophyllum_Scalare_Y,11.8,1067,128,1135,194
Corydoras_Panda,11.8,992,534,1038,586
Pterophyllum_Scalare_Y,11.9,1067,129,1136,193
Pterophyllum_Scalare_B,11.9,827,457,862,532
Ancistrus,11.9,520,648,635,700
Pterophyllum_Scalare_BB,11.9,223,224,297,321
Corydoras_Panda,11.9,996,533,1037,587
Pterophyllum_Scalare_BB,11.9,635,343,661,381
Botia_Almorhae,11.9,185,379,236,449
Pterophyllum_Scalare_YWB,11.9,653,383,758,467
Pterophyllum_Scalare_B,12.0,828,458,866,535
Botia_Almorhae,12.0,274,308,347,355
Corydoras_Panda,12.0,999,524,1037,590
Ancistrus,12.0,520,647,635,700
Pterophyllum_Scalare_YWB,12.0,646,378,748,460
Pterophyllum_Scalare_BB,12.0,223,228,294,326
Pterophyllum_Scalare_Y,12.0,1067,129,1135,194
Ancistrus,12.1,520,648,635,701
Pterophyllum_Scalare_Y,12.1,1067,129,1135,194
Pterophyllum_Scalare_BB,12.1,224,232,293,330
Botia_Almorhae,12.1,266,308,362,349
Pterophyllum_Scalare_YWB,12.1,628,368,671,452
Pterophyllum_Scalare_B,12.1,828,457,864,532
Corydoras_Panda,12.1,1000,527,1038,591
Pterophyllum_Scalare_YWB,12.1,660,370,737,456
Corydoras_Panda,12.2,1007,525,1038,592
Botia_Almorhae,12.2,195,362,226,420
Pterophyllum_Scalare_BB,12.2,226,234,293,334
Pterophyllum_Scalare_B,12.2,829,458,867,531
Pterophyllum_Scalare_YWB,12.2,615,363,719,454
Pterophyllum_Scalare_Y,12.2,1066,129,1133,195
Ancistrus,12.2,518,648,633,703
Pterophyllum_Scalare_BB,12.3,228,237,293,336
Pterophyllum_Scalare_YWB,12.3,606,368,704,448
Ancistrus,12.3,515,649,627,703
Pterophyllum_Scalare_Y,12.3,1064,128,1133,194
Corydoras_Panda,12.3,1016,531,1041,592
Pterophyllum_Scalare_B,12.3,830,455,872,532
Botia_Almorhae,12.3,292,310,385,355
Botia_Almorhae,12.4,307,312,388,360
Botia_Almorhae,12.4,194,345,241,405
Pterophyllum_Scalare_YWB,12.4,597,365,715,445
Pterophyllum_Scalare_B,12.4,830,457,872,535
Ancistrus,12.4,507,651,619,694
Pterophyllum_Scalare_Y,12.4,1017,523,1040,592
Pterophyllum_Scalare_Y,12.4,1064,127,1132,193
Pterophyllum_Scalare_BB,12.4,232,240,292,339
Botia_Almorhae,12.5,203,340,248,396
Ancistrus,12.5,504,654,625,695
Pterophyllum_Scalare_B,12.5,830,458,874,537
Pterophyllum_Scalare_Y,12.5,1063,126,1132,192
Pterophyllum_Scalare_BB,12.5,235,243,293,341
Pterophyllum_Scalare_YWB,12.5,586,363,686,442
Botia_Almorhae,12.5,306,314,389,367
G_Matriarche,12.5,109,186,146,217
Pterophyllum_Scalare_Y,12.6,1063,125,1133,191
Botia_Almorhae,12.6,304,318,386,372
Pterophyllum_Scalare_B,12.6,831,458,875,536
Ancistrus,12.6,504,654,630,698
Pterophyllum_Scalare_YWB,12.6,577,361,683,439
Pterophyllum_Scalare_BB,12.6,239,247,294,344
G_Matriarche,12.6,634,402,723,456
Ancistrus,12.7,504,654,633,698
Pterophyllum_Scalare_Y,12.7,1065,124,1133,191
Corydoras_Panda,12.7,1015,528,1039,592
Pterophyllum_Scalare_YWB,12.7,570,357,676,438
G_Matriarche,12.7,627,409,716,458
Pterophyllum_Scalare_BB,12.7,242,248,296,345
Botia_Almorhae,12.7,298,320,383,377
Pterophyllum_Scalare_B,12.7,831,456,874,537
G_Matriarche,12.8,624,415,716,459
Pterophyllum_Scalare_Y,12.8,1065,124,1132,191
Botia_Almorhae,12.8,310,319,385,375
Pterophyllum_Scalare_YWB,12.8,563,354,671,435
Pterophyllum_Scalare_B,12.8,831,456,875,538
Pterophyllum_Scalare_BB,12.8,243,250,298,347
Ancistrus,12.8,502,655,634,697
Pterophyllum_Scalare_B,12.9,832,458,876,538
Botia_Almorhae,12.9,306,314,391,374
Botia_Striata,12.9,211,330,270,378
Ancistrus,12.9,499,655,631,695
G_Matriarche,12.9,622,425,713,459
Pterophyllum_Scalare_Y,12.9,1066,123,1132,191
Pterophyllum_Scalare_YWB,12.9,557,352,665,433
Pterophyllum_Scalare_BB,12.9,242,251,298,344
G_Matriarche,13.0,619,429,709,461
Botia_Almorhae,13.0,312,307,399,378
Pterophyllum_Scalare_B,13.0,833,457,877,537
Ancistrus,13.0,493,654,633,695
Corydoras_Panda,13.0,1016,528,1040,591
Pterophyllum_Scalare_YWB,13.0,551,351,660,432
Pterophyllum_Scalare_Y,13.0,1066,123,1133,191
Pterophyllum_Scalare_BB,13.0,242,251,298,344
Corydoras_Panda,13.1,1016,530,1040,591
Pterophyllum_Scalare_BB,13.1,242,253,298,344
Botia_Almorhae,13.1,321,300,405,376
Pterophyllum_Scalare_B,13.1,833,458,882,539
Ancistrus,13.1,492,656,635,696
G_Matriarche,13.1,618,431,709,462
Pterophyllum_Scalare_Y,13.1,1067,123,1133,190
Pterophyllum_Scalare_YWB,13.1,543,350,652,430
Corydoras_Panda,13.2,1017,529,1042,592
Pterophyllum_Scalare_BB,13.2,242,254,298,343
G_Matriarche,13.2,616,430,709,462
Pterophyllum_Scalare_B,13.2,832,459,882,539
Botia_Almorhae,13.2,329,294,412,360
Ancistrus,13.2,491,656,636,696
Pterophyllum_Scalare_Y,13.2,1068,123,1134,189
Pterophyllum_Scalare_YWB,13.2,537,348,645,427
Pterophyllum_Scalare_Y,13.3,1069,121,1135,189
Pterophyllum_Scalare_YWB,13.3,531,346,641,426
Botia_Almorhae,13.3,324,290,415,356
Pterophyllum_Scalare_BB,13.3,241,254,298,345
G_Matriarche,13.3,613,430,707,463
Ancistrus,13.3,492,655,633,695
Corydoras_Panda,13.3,1019,529,1042,591
Pterophyllum_Scalare_B,13.3,832,459,884,540
G_Matriarche,13.4,95,206,122,242
Botia_Almorhae,13.4,339,290,418,358
Pterophyllum_Scalare_BB,13.4,238,253,300,351
Pterophyllum_Scalare_B,13.4,833,460,884,540
G_Matriarche,13.4,614,429,704,462
Corydoras_Panda,13.4,1019,531,1042,589
Ancistrus,13.4,491,655,632,695
Pterophyllum_Scalare_Y,13.4,1069,122,1135,189
Pterophyllum_Scalare_YWB,13.4,525,345,634,425
Botia_Almorhae,13.5,333,282,413,349
Pterophyllum_Scalare_BB,13.5,234,251,292,349
Pterophyllum_Scalare_Y,13.5,1068,121,1137,188
Ancistrus,13.5,488,657,632,696
G_Matriarche,13.5,615,428,705,463
Pterophyllum_Scalare_B,13.5,833,461,885,541
Pterophyllum_Scalare_YWB,13.5,519,343,627,424
Pterophyllum_Scalare_Y,13.6,1068,121,1131,187
Pterophyllum_Scalare_YWB,13.6,514,342,623,422
Botia_Almorhae,13.6,351,276,412,355
Pterophyllum_Scalare_BB,13.6,229,252,290,348
Pterophyllum_Scalare_B,13.6,833,459,885,541
Corydoras_Panda,13.6,1023,530,1050,589
Ancistrus,13.6,488,656,631,696
G_Matriarche,13.6,617,427,705,461
Pterophyllum_Scalare_Y,13.7,1065,120,1130,187
Pterophyllum_Scalare_BB,13.7,227,251,288,347
Botia_Almorhae,13.7,340,270,408,350
G_Matriarche,13.7,622,424,702,461
Ancistrus,13.7,488,656,630,695
Pterophyllum_Scalare_B,13.7,831,461,885,542
Pterophyllum_Scalare_YWB,13.7,511,340,617,420
Pterophyllum_Scalare_BB,13.8,225,251,286,347
Botia_Almorhae,13.8,348,266,403,352
G_Matriarche,13.8,619,421,699,460
Pterophyllum_Scalare_YWB,13.8,507,337,615,419
Pterophyllum_Scalare_B,13.8,831,463,887,545
Ancistrus,13.8,488,657,628,696
Pterophyllum_Scalare_Y,13.8,1064,120,1127,187
Pterophyllum_Scalare_B,13.9,829,464,888,544
Ancistrus,13.9,488,658,630,697
Pterophyllum_Scalare_YWB,13.9,503,335,611,418
Pterophyllum_Scalare_BB,13.9,225,252,285,347
Pterophyllum_Scalare_Y,13.9,1060,121,1124,187
Botia_Almorhae,13.9,356,264,397,339
Corydoras_Panda,13.9,1031,534,1054,592
G_Matriarche,13.9,617,417,695,458
Pterophyllum_Scalare_Y,14.0,1059,123,1124,188
Pterophyllum_Scalare_BB,14.0,224,251,284,347
Botia_Almorhae,14.0,307,271,386,337
Ancistrus,14.0,487,659,631,698
Pterophyllum_Scalare_B,14.0,830,462,891,546
G_Matriarche,14.0,617,413,692,454
Pterophyllum_Scalare_YWB,14.0,499,334,607,416
G_Matriarche,14.1,610,406,682,449
Ancistrus,14.1,487,659,631,699
Pterophyllum_Scalare_B,14.1,830,462,891,544
Botia_Almorhae,14.1,326,266,394,348
Pterophyllum_Scalare_Y,14.1,1056,123,1122,189
Pterophyllum_Scalare_BB,14.1,224,251,284,346
Pterophyllum_Scalare_YWB,14.1,496,331,607,412
Pterophyllum_Scalare_YWB,14.2,489,328,599,406
Pterophyllum_Scalare_Y,14.2,1055,123,1123,190
G_Matriarche,14.2,606,402,682,438
Pterophyllum_Scalare_BB,14.2,224,251,284,345
Ancistrus,14.2,488,660,631,698
Pterophyllum_Scalare_B,14.2,830,461,892,543
Pterophyllum_Scalare_YWB,14.3,483,324,592,403
Pterophyllum_Scalare_BB,14.3,224,251,284,344
Pterophyllum_Scalare_B,14.3,831,461,892,542
G_Matriarche,14.3,602,395,684,439
Ancistrus,14.3,487,660,630,698
Pterophyllum_Scalare_Y,14.3,1054,121,1124,190
Botia_Almorhae,14.3,350,258,413,296
Pterophyllum_Scalare_YWB,14.4,477,322,586,400
Pterophyllum_Scalare_Y,14.4,1055,123,1126,191
Pterophyllum_Scalare_BB,14.4,224,250,283,344
Ancistrus,14.4,488,660,632,698
G_Matriarche,14.4,597,400,676,443
Botia_Almorhae,14.4,356,253,421,295
Pterophyllum_Scalare_B,14.4,831,457,890,542
Pterophyllum_Scalare_Y,14.4,311,248,355,318
Pterophyllum_Scalare_BB,14.5,224,250,282,343
Pterophyllum_Scalare_YWB,14.5,473,318,581,398
Pterophyllum_Scalare_Y,14.5,1056,124,1123,191
Pterophyllum_Scalare_B,14.5,831,458,892,541
Ancistrus,14.5,488,660,631,698
G_Matriarche,14.5,596,406,674,446
Botia_Almorhae,14.5,308,242,363,300
Botia_Striata,14.5,365,250,430,291
G_Matriarche,14.5,630,384,670,411
Pterophyllum_Scalare_B,14.6,832,458,896,541
Botia_Striata,14.6,370,246,441,290
Pterophyllum_Scalare_YWB,14.6,466,314,576,395
Pterophyllum_Scalare_BB,14.6,226,250,283,343
G_Matriarche,14.6,628,384,665,415
Ancistrus,14.6,487,660,631,698
Pterophyllum_Scalare_Y,14.6,1057,125,1124,191
G_Matriarche,14.6,594,409,675,447
Botia_Almorhae,14.6,304,238,369,302
Ancistrus,14.7,488,660,632,699
Pterophyllum_Scalare_Y,14.7,1057,126,1123,190
Pterophyllum_Scalare_YWB,14.7,460,310,572,392
Botia_Almorhae,14.7,308,236,385,295
Pterophyllum_Scalare_B,14.7,832,459,896,541
G_Matriarche,14.7,628,388,663,418
G_Matriarche,14.7,593,414,668,447
Pterophyllum_Scalare_BB,14.7,227,251,283,342
Pterophyllum_Scalare_B,14.8,832,459,898,540
Pterophyllum_Scalare_BB,14.8,228,250,283,341
Pterophyllum_Scalare_Y,14.8,1057,126,1126,189
Botia_Almorhae,14.8,311,234,405,288
G_Matriarche,14.8,584,418,669,449
Ancistrus,14.8,488,661,631,699
Pterophyllum_Scalare_YWB,14.8,455,307,566,389
Pterophyllum_Scalare_B,14.9,831,458,899,541
Botia_Almorhae,14.9,324,230,467,283
Pterophyllum_Scalare_YWB,14.9,452,304,562,386
Pterophyllum_Scalare_Y,14.9,1059,125,1129,189
Pterophyllum_Scalare_BB,14.9,230,249,284,339
Ancistrus,14.9,487,661,632,699
G_Matriarche,14.9,575,399,662,454
Ancistrus,15.0,487,661,631,699
Pterophyllum_Scalare_YWB,15.0,448,301,561,383
Pterophyllum_Scalare_Y,15.0,1059,123,1124,187
Pterophyllum_Scalare_B,15.0,831,459,900,541
G_Matriarche,15.0,569,408,654,456
Pterophyllum_Scalare_BB,15.0,232,248,284,339
Pterophyllum_Scalare_BB,15.1,232,247,283,338
Pterophyllum_Scalare_Y,15.1,1060,121,1126,186
Pterophyllum_Scalare_B,15.1,831,460,898,541
G_Matriarche,15.1,568,409,650,457
Ancistrus,15.1,487,661,632,698
Pterophyllum_Scalare_YWB,15.1,447,297,558,381
Pterophyllum_Scalare_YWB,15.2,445,294,555,380
Pterophyllum_Scalare_BB,15.2,232,247,283,338
G_Matriarche,15.2,565,417,648,457
Pterophyllum_Scalare_Y,15.2,1060,119,1130,184
Pterophyllum_Scalare_B,15.2,830,460,898,541
Ancistrus,15.2,487,661,632,698
Ancistrus,15.2,488,661,588,698
G_Matriarche,15.3,563,422,643,458
Pterophyllum_Scalare_Y,15.3,1061,114,1130,181
Pterophyllum_Scalare_B,15.3,828,458,896,540
Pterophyllum_Scalare_YWB,15.3,444,290,553,377
Pterophyllum_Scalare_BB,15.3,231,245,282,336
Ancistrus,15.3,488,661,631,699
Ancistrus,15.3,488,661,584,699
Pterophyllum_Scalare_B,15.4,827,456,895,540
G_Matriarche,15.4,564,424,644,458
Ancistrus,15.4,488,661,622,698
Pterophyllum_Scalare_YWB,15.4,444,288,550,376
Pterophyllum_Scalare_BB,15.4,228,244,282,336
Pterophyllum_Scalare_Y,15.4,1060,112,1130,179
Pterophyllum_Scalare_Y,15.5,1062,110,1130,177
G_Matriarche,15.5,555,431,639,460
Ancistrus,15.5,488,661,632,699
Pterophyllum_Scalare_BB,15.5,227,243,282,335
Pterophyllum_Scalare_B,15.5,826,457,895,540
Pterophyllum_Scalare_YWB,15.5,445,285,551,373
G_Matriarche,15.6,545,433,634,462
Ancistrus,15.6,490,661,634,701
Botia_Almorhae,15.6,466,233,547,266
Pterophyllum_Scalare_BB,15.6,227,243,282,336
Pterophyllum_Scalare_Y,15.6,1065,112,1135,177
Pterophyllum_Scalare_YWB,15.6,446,282,551,372
Pterophyllum_Scalare_B,15.6,825,457,892,539
G_Matriarche,15.7,530,431,613,461
Pterophyllum_Scalare_B,15.7,823,456,890,538
Ancistrus,15.7,489,661,634,699
Pterophyllum_Scalare_BB,15.7,226,242,282,334
Pterophyllum_Scalare_YWB,15.7,447,279,553,370
Pterophyllum_Scalare_Y,15.7,1065,115,1133,177
Pterophyllum_Scalare_Y,15.8,1065,115,1133,177
G_Matriarche,15.8,517,431,598,460
Pterophyllum_Scalare_BB,15.8,225,243,282,333
Pterophyllum_Scalare_YWB,15.8,449,276,551,368
Pterophyllum_Scalare_B,15.8,822,455,886,538
Ancistrus,15.9,489,660,632,699
G_Matriarche,15.9,507,430,584,464
Pterophyllum_Scalare_YWB,15.9,450,276,555,366
Pterophyllum_Scalare_BB,15.9,225,242,283,332
Pterophyllum_Scalare_B,15.9,820,455,884,537
Pterophyllum_Scalare_Y,15.9,1066,115,1131,176
Pterophyllum_Scalare_YWB,16.0,452,274,553,365
Pterophyllum_Scalare_BB,16.0,225,242,284,333
Pterophyllum_Scalare_Y,16.0,1065,115,1131,174
G_Matriarche,16.0,499,428,584,473
Pterophyllum_Scalare_B,16.0,818,457,881,536
Ancistrus,16.0,491,661,630,699
Pterophyllum_Scalare_Y,16.1,1067,114,1133,175
Pterophyllum_Scalare_BB,16.1,225,243,285,334
Ancistrus,16.1,491,661,630,699
Pterophyllum_Scalare_B,16.1,817,458,881,535
Pterophyllum_Scalare_YWB,16.1,454,270,545,364
G_Matriarche,16.1,494,428,577,477
Pterophyllum_Scalare_B,16.2,818,454,880,534
Botia_Almorhae,16.2,539,276,604,329
G_Matriarche,16.2,490,428,575,480
Pterophyllum_Scalare_BB,16.2,226,243,286,335
Pterophyllum_Scalare_Y,16.2,1068,115,1132,178
Pterophyllum_Scalare_YWB,16.2,455,265,545,363
Botia_Almorhae,16.2,729,401,828,473
Ancistrus,16.3,490,661,633,700
Botia_Almorhae,16.3,777,441,881,510
Botia_Almorhae,16.3,540,283,622,337
Pterophyllum_Scalare_YWB,16.3,456,265,545,363
G_Matriarche,16.3,487,432,575,482
Pterophyllum_Scalare_Y,16.3,1068,116,1133,180
Pterophyllum_Scalare_BB,16.3,226,243,287,335
G_Matriarche,16.4,484,438,569,483
Ancistrus,16.4,490,661,633,699
Botia_Almorhae,16.4,541,288,640,349
Pterophyllum_Scalare_YWB,16.4,456,264,547,361
Pterophyllum_Scalare_Y,16.4,1071,118,1136,182
Pterophyllum_Scalare_BB,16.4,226,243,288,335
Pterophyllum_Scalare_W,16.4,542,396,583,424
Botia_Almorhae,16.4,816,468,908,541
Pterophyllum_Scalare_BB,16.5,227,243,289,335
Pterophyllum_Scalare_B,16.5,815,445,873,526
Ancistrus,16.5,490,660,633,699
G_Matriarche,16.5,482,441,566,480
Pterophyllum_Scalare_W,16.5,542,394,589,426
Botia_Almorhae,16.5,559,297,659,362
Pterophyllum_Scalare_YWB,16.5,456,262,551,360
Pterophyllum_Scalare_Y,16.5,1072,119,1138,184
Pterophyllum_Scalare_BB,16.6,226,243,290,336
Pterophyllum_Scalare_YWB,16.6,457,262,554,360
Pterophyllum_Scalare_Y,16.6,1073,120,1140,185
Pterophyllum_Scalare_B,16.6,815,444,881,529
G_Matriarche,16.6,478,445,569,479
Pterophyllum_Scalare_W,16.6,542,392,594,426
Ancistrus,16.6,490,660,633,699
Botia_Almorhae,16.6,573,312,678,373
Pterophyllum_Scalare_Y,16.7,1075,120,1142,185
Pterophyllum_Scalare_BB,16.7,226,243,291,336
Pterophyllum_Scalare_YWB,16.7,457,261,556,359
Botia_Almorhae,16.7,587,322,699,382
Pterophyllum_Scalare_B,16.7,814,444,882,530
G_Matriarche,16.7,474,445,565,480
Pterophyllum_Scalare_W,16.7,542,389,594,427
Ancistrus,16.7,490,660,633,699
Pterophyllum_Scalare_Y,16.8,1074,122,1139,186
Pterophyllum_Scalare_BB,16.8,227,243,292,336
Pterophyllum_Scalare_YWB,16.8,456,260,557,359
G_Matriarche,16.8,468,446,557,484
Pterophyllum_Scalare_B,16.8,814,444,882,531
Botia_Almorhae,16.8,601,330,715,387
Ancistrus,16.8,489,661,632,699
Pterophyllum_Scalare_W,16.8,542,393,591,426
Ancistrus,16.9,489,661,631,699
G_Matriarche,16.9,464,441,547,488
Pterophyllum_Scalare_Y,16.9,1073,121,1142,186
Pterophyllum_Scalare_BB,16.9,226,242,293,336
Pterophyllum_Scalare_YWB,16.9,455,261,557,360
Botia_Almorhae,16.9,620,335,735,392
Pterophyllum_Scalare_B,16.9,814,444,883,531
Pterophyllum_Scalare_YWB,17.0,454,260,555,360
Botia_Almorhae,17.0,633,345,751,395
G_Matriarche,17.0,461,445,545,494
Pterophyllum_Scalare_BB,17.0,226,242,294,336
Pterophyllum_Scalare_Y,17.0,1073,122,1142,186
Pterophyllum_Scalare_B,17.0,815,445,883,531
Pterophyllum_Scalare_Y,17.1,1072,123,1139,186
G_Matriarche,17.1,457,447,544,498
Pterophyllum_Scalare_YWB,17.1,453,261,554,359
Pterophyllum_Scalare_BB,17.1,226,241,296,335
Botia_Almorhae,17.1,642,349,766,403
Pterophyllum_Scalare_B,17.1,815,445,883,531
G_Matriarche,17.2,455,451,543,501
Pterophyllum_Scalare_YWB,17.2,453,261,555,358
Pterophyllum_Scalare_Y,17.2,1071,123,1138,185
Pterophyllum_Scalare_BB,17.2,226,241,297,334
Pterophyllum_Scalare_B,17.2,815,445,884,531
Botia_Almorhae,17.2,660,353,784,407
Pterophyllum_Scalare_YWB,17.3,452,259,555,357
G_Matriarche,17.3,454,457,545,503
Pterophyllum_Scalare_Y,17.3,1068,124,1133,184
Pterophyllum_Scalare_B,17.3,815,448,884,531
Pterophyllum_Scalare_BB,17.3,227,241,298,335
Botia_Almorhae,17.3,667,356,798,410
Pterophyllum_Scalare_Y,17.4,1067,124,1130,183
Pterophyllum_Scalare_B,17.4,815,448,885,532
Ancistrus,17.4,490,660,633,700
Pterophyllum_Scalare_BB,17.4,228,241,299,334
Pterophyllum_Scalare_YWB,17.4,451,259,554,358
Botia_Almorhae,17.4,681,357,806,415
G_Matriarche,17.4,454,463,544,506
Pterophyllum_Scalare_YWB,17.5,450,259,553,358
Pterophyllum_Scalare_B,17.5,816,447,886,531
G_Matriarche,17.5,452,462,534,511
Pterophyllum_Scalare_BB,17.5,228,241,301,335
Pterophyllum_Scalare_Y,17.5,1064,125,1126,183
Ancistrus,17.5,490,660,633,700
Botia_Almorhae,17.5,695,357,821,418
Botia_Almorhae,17.6,709,358,835,422
G_Matriarche,17.6,449,464,529,522
Pterophyllum_Scalare_YWB,17.6,449,258,552,358
Pterophyllum_Scalare_B,17.6,815,448,886,531
Pterophyllum_Scalare_BB,17.6,228,241,303,335
Pterophyllum_Scalare_Y,17.6,1060,125,1126,185
Pterophyllum_Scalare_BB,17.7,229,242,304,335
Pterophyllum_Scalare_B,17.7,815,447,886,531
Pterophyllum_Scalare_W,17.7,543,370,606,393
Ancistrus,17.7,490,660,634,699
Pterophyllum_Scalare_YWB,17.7,448,257,551,358
Botia_Almorhae,17.7,725,365,825,418
Pterophyllum_Scalare_Y,17.7,1060,126,1124,187
Pterophyllum_Scalare_W,17.8,545,368,607,393
Pterophyllum_Scalare_B,17.8,816,451,887,531
Botia_Almorhae,17.8,756,368,828,420
Pterophyllum_Scalare_BB,17.8,230,241,305,334
Pterophyllum_Scalare_Y,17.8,1057,127,1124,189
Pterophyllum_Scalare_YWB,17.8,448,257,550,359
Pterophyllum_Scalare_B,17.9,816,450,887,531
Pterophyllum_Scalare_W,17.9,546,367,608,394
Pterophyllum_Scalare_BB,17.9,231,242,306,334
Pterophyllum_Scalare_Y,17.9,1057,128,1124,191
Pterophyllum_Scalare_YWB,17.9,447,256,550,359
Pterophyllum_Scalare_BB,18.0,800,369,840,422
G_Matriarche,18.0,474,472,501,557
G_Matriarche,18.0,485,470,540,496
Pterophyllum_Scalare_BB,18.0,232,242,307,334
Pterophyllum_Scalare_YWB,18.0,447,256,549,359
Pterophyllum_Scalare_Y,18.0,1057,129,1124,193
Pterophyllum_Scalare_B,18.0,817,450,888,530
Pterophyllum_Scalare_W,18.0,547,366,609,394
Pterophyllum_Scalare_YWB,18.1,447,256,549,359
Pterophyllum_Scalare_BB,18.1,233,241,308,334
Pterophyllum_Scalare_W,18.1,795,374,848,426
Pterophyllum_Scalare_Y,18.1,1057,130,1126,194
Pterophyllum_Scalare_B,18.1,818,449,890,529
Ancistrus,18.1,489,661,632,699
Botia_Striata,18.1,927,650,974,677
Pterophyllum_Scalare_W,18.1,548,364,609,396
G_Matriarche,18.1,479,469,539,554
Pterophyllum_Scalare_B,18.2,819,444,892,531
Pterophyllum_Scalare_Y,18.2,1059,130,1127,195
Pterophyllum_Scalare_W,18.2,549,363,609,394
Pterophyllum_Scalare_BB,18.2,234,241,309,334
G_Matriarche,18.2,482,470,541,555
Ancistrus,18.2,490,660,630,699
Pterophyllum_Scalare_YWB,18.2,447,257,548,359
Botia_Almorhae,18.2,785,377,855,427
Ancistrus,18.3,491,659,629,699
Pterophyllum_Scalare_W,18.3,549,361,610,394
G_Matriarche,18.3,497,472,544,556
Pterophyllum_Scalare_Y,18.3,1061,131,1130,195
Pterophyllum_Scalare_YWB,18.3,445,258,546,361
Pterophyllum_Scalare_BB,18.3,235,241,310,334
Pterophyllum_Scalare_B,18.3,819,444,893,530
Ancistrus,18.4,491,659,629,699
Pterophyllum_Scalare_Y,18.4,1063,133,1131,196
Pterophyllum_Scalare_YWB,18.4,444,259,544,361
Pterophyllum_Scalare_BB,18.4,235,241,312,334
Pterophyllum_Scalare_B,18.4,820,444,894,531
Botia_Almorhae,18.4,732,379,844,430
Pterophyllum_Scalare_W,18.4,550,359,610,395
Pterophyllum_Scalare_B,18.5,820,441,894,528
Ancistrus,18.5,490,659,630,698
Botia_Almorhae,18.5,691,379,860,428
Pterophyllum_Scalare_Y,18.5,1063,135,1130,197
Pterophyllum_Scalare_W,18.5,551,356,611,395
Pterophyllum_Scalare_BB,18.5,235,240,313,334
Pterophyllum_Scalare_YWB,18.5,442,260,544,361
Pterophyllum_Scalare_BB,18.6,236,240,314,334
Pterophyllum_Scalare_YWB,18.6,440,261,545,361
Pterophyllum_Scalare_Y,18.6,1064,134,1130,196
Pterophyllum_Scalare_W,18.6,551,353,613,396
G_Matriarche,18.6,516,487,557,560
Ancistrus,18.6,491,660,630,699
Botia_Almorhae,18.6,654,377,821,423
Pterophyllum_Scalare_B,18.6,819,439,895,529
Pterophyllum_Scalare_YWB,18.7,437,264,541,359
Pterophyllum_Scalare_BB,18.7,237,239,315,333
Ancistrus,18.7,492,660,631,699
Corydoras_Panda,18.7,1027,554,1074,584
Botia_Almorhae,18.7,617,374,783,422
Pterophyllum_Scalare_B,18.7,819,437,895,526
G_Matriarche,18.7,524,482,561,518
G_Matriarche,18.7,523,486,570,561
Pterophyllum_Scalare_W,18.7,551,352,613,396
Pterophyllum_Scalare_Y,18.7,1064,135,1130,197
Ancistrus,18.8,491,660,632,700
Pterophyllum_Scalare_YWB,18.8,435,265,537,359
Corydoras_Panda,18.8,1025,550,1067,586
G_Matriarche,18.8,527,490,578,562
Pterophyllum_Scalare_BB,18.8,237,238,314,334
Botia_Almorhae,18.8,599,363,737,426
Pterophyllum_Scalare_W,18.8,551,349,611,395
Pterophyllum_Scalare_B,18.8,819,435,895,522
Pterophyllum_Scalare_Y,18.8,1065,134,1130,197
Corydoras_Panda,18.9,1024,547,1067,585
Botia_Almorhae,18.9,548,345,689,415
Ancistrus,18.9,490,660,632,701
Pterophyllum_Scalare_YWB,18.9,430,266,531,356
Pterophyllum_Scalare_Y,18.9,1065,133,1130,197
Pterophyllum_Scalare_BB,18.9,236,239,314,334
Pterophyllum_Scalare_B,18.9,819,435,894,523
G_Matriarche,18.9,528,496,587,564
Botia_Almorhae,19.0,522,325,660,408
Corydoras_Panda,19.0,1023,547,1065,582
Pterophyllum_Scalare_B,19.0,819,433,890,527
G_Matriarche,19.0,531,495,595,565
Pterophyllum_Scalare_Y,19.0,1064,132,1130,197
Pterophyllum_Scalare_BB,19.0,237,239,315,334
Pterophyllum_Scalare_YWB,19.0,424,265,524,355
Ancistrus,19.0,489,659,632,700
Pterophyllum_Scalare_YWB,19.1,419,265,517,351
Pterophyllum_Scalare_Y,19.1,1064,132,1130,198
G_Matriarche,19.1,540,498,603,567
Ancistrus,19.1,488,659,632,700
Botia_Almorhae,19.1,493,307,621,389
Pterophyllum_Scalare_BB,19.1,236,238,315,335
Pterophyllum_Scalare_B,19.1,819,433,884,525
Corydoras_Panda,19.1,1022,546,1066,582
Corydoras_Panda,19.2,1021,545,1066,582
Botia_Almorhae,19.2,470,295,588,368
Pterophyllum_Scalare_Y,19.2,405,258,499,347
Pterophyllum_Scalare_BB,19.2,235,237,315,336
Pterophyllum_Scalare_W,19.2,560,341,613,391
G_Matriarche,19.2,548,506,609,569
Ancistrus,19.2,487,660,630,700
Pterophyllum_Scalare_B,19.2,816,431,877,520
Pterophyllum_Scalare_Y,19.2,1063,131,1128,197
G_Matriarche,19.3,558,498,624,573
Botia_Almorhae,19.3,437,280,567,358
Ancistrus,19.3,487,661,630,701
Pterophyllum_Scalare_BB,19.3,235,237,315,336
Pterophyllum_Scalare_Y,19.3,1063,130,1128,195
Pterophyllum_Scalare_B,19.3,813,435,872,512
Corydoras_Panda,19.3,1021,546,1063,581
Pterophyllum_Scalare_W,19.3,554,341,616,392
Pterophyllum_Scalare_YWB,19.3,380,257,476,344
G_Matriarche,19.4,565,531,641,576
Ancistrus,19.4,487,661,630,700
Botia_Almorhae,19.4,428,267,548,354
Pterophyllum_Scalare_YWB,19.4,357,257,450,340
Pterophyllum_Scalare_B,19.4,810,433,869,510
Pterophyllum_Scalare_W,19.4,553,338,619,392
Pterophyllum_Scalare_Y,19.4,1061,128,1125,195
Pterophyllum_Scalare_BB,19.4,234,237,314,335
Corydoras_Panda,19.4,1019,544,1067,580
Botia_Almorhae,19.5,394,258,520,334
Pterophyllum_Scalare_BB,19.5,232,236,311,335
Pterophyllum_Scalare_Y,19.5,1059,127,1124,193
Pterophyllum_Scalare_B,19.5,807,434,866,511
Pterophyllum_Scalare_W,19.5,552,337,620,392
G_Matriarche,19.5,569,534,653,579
Pterophyllum_Scalare_YWB,19.5,335,255,425,339
Corydoras_Panda,19.5,1019,546,1062,581
Ancistrus,19.5,487,661,631,700
Pterophyllum_Scalare_W,19.6,552,336,620,391
Pterophyllum_Scalare_B,19.6,806,438,860,510
Ancistrus,19.6,487,661,630,700
Pterophyllum_Scalare_YWB,19.6,313,249,404,339
G_Matriarche,19.6,587,539,669,582
Botia_Almorhae,19.6,380,251,507,328
Pterophyllum_Scalare_Y,19.6,1058,126,1123,193
Corydoras_Panda,19.6,1019,543,1064,580
Pterophyllum_Scalare_BB,19.6,229,237,308,333
Botia_Almorhae,19.7,382,245,479,313
Pterophyllum_Scalare_B,19.7,803,442,855,508
G_Matriarche,19.7,597,543,685,587
Corydoras_Albinos,19.7,717,631,761,659
Corydoras_Panda,19.7,1018,540,1068,579
Pterophyllum_Scalare_YWB,19.7,295,255,383,340
Pterophyllum_Scalare_Y,19.7,1057,126,1125,191
Pterophyllum_Scalare_BB,19.7,227,238,299,331
Pterophyllum_Scalare_W,19.7,553,336,619,391
Ancistrus,19.7,487,661,631,700
Corydoras_Panda,19.8,1017,541,1065,579
Pterophyllum_Scalare_Y,19.8,1057,125,1123,192
Ancistrus,19.8,487,661,631,700
Pterophyllum_Scalare_B,19.8,801,442,856,509
Pterophyllum_Scalare_W,19.8,552,335,619,391
Pterophyllum_Scalare_YWB,19.8,279,263,366,346
Pterophyllum_Scalare_BB,19.8,225,239,294,327
G_Matriarche,19.8,606,548,698,592
Pterophyllum_Scalare_BB,19.9,224,239,299,307
Pterophyllum_Scalare_YWB,19.9,263,268,344,351
G_Matriarche,19.9,619,555,710,596
Corydoras_Panda,19.9,1016,539,1065,580
Pterophyllum_Scalare_B,19.9,804,442,855,509
Ancistrus,19.9,487,660,631,700
Pterophyllum_Scalare_Y,19.9,1057,124,1122,191
Botia_Almorhae,19.9,304,239,446,295
Pterophyllum_Scalare_W,19.9,552,333,619,390
Pterophyllum_Scalare_W,20.0,551,333,619,390
G_Matriarche,20.0,631,559,718,599
Pterophyllum_Scalare_YWB,20.0,244,273,331,361
Ancistrus,20.0,486,661,632,700
Corydoras_Panda,20.0,1016,538,1066,581
Pterophyllum_Scalare_Y,20.0,1058,123,1124,190
Pterophyllum_Scalare_BB,20.0,222,237,299,303
Pterophyllum_Scalare_W,20.1,551,331,618,390
Pterophyllum_Scalare_Y,20.1,1061,122,1123,190
Pterophyllum_Scalare_B,20.1,792,462,837,511
G_Matriarche,20.1,642,564,724,602
Pterophyllum_Scalare_YWB,20.1,226,290,318,371
Pterophyllum_Scalare_BB,20.1,221,237,297,305
Corydoras_Panda,20.1,1016,540,1064,579
Ancistrus,20.1,487,661,630,700
Pterophyllum_Scalare_YWB,20.2,215,299,295,379
Pterophyllum_Scalare_Y,20.2,1061,121,1124,189
Corydoras_Panda,20.2,1017,538,1061,580
Ancistrus,20.2,487,662,631,701
G_Matriarche,20.2,656,568,734,603
Pterophyllum_Scalare_W,20.2,552,331,619,390
Botia_Almorhae,20.2,292,239,404,299
Pterophyllum_Scalare_BB,20.2,220,237,294,312
Pterophyllum_Scalare_B,20.2,793,455,842,512
Pterophyllum_Scalare_YWB,20.3,206,302,284,385
Pterophyllum_Scalare_BB,20.3,219,236,290,317
Pterophyllum_Scalare_Y,20.3,1063,121,1125,189
Pterophyllum_Scalare_B,20.3,791,452,849,513
Ancistrus,20.3,487,661,629,701
G_Matriarche,20.3,663,573,760,607
Pterophyllum_Scalare_W,20.3,551,330,619,390
Pterophyllum_Scalare_Y,20.4,1064,122,1126,189
Ancistrus,20.4,487,661,631,701
G_Matriarche,20.4,671,577,763,611
Pterophyllum_Scalare_B,20.4,791,459,836,514
Pterophyllum_Scalare_BB,20.4,222,239,291,317
Pterophyllum_Scalare_YWB,20.4,196,304,277,394
Pterophyllum_Scalare_W,20.4,551,329,620,390
Pterophyllum_Scalare_YWB,20.5,190,308,273,400
G_Matriarche,20.5,681,580,766,614
Pterophyllum_Scalare_BB,20.5,225,239,292,317
Pterophyllum_Scalare_W,20.5,551,329,620,389
Pterophyllum_Scalare_Y,20.5,1065,123,1126,189
Ancistrus,20.5,487,661,629,700
Pterophyllum_Scalare_B,20.5,790,450,838,516
Pterophyllum_Scalare_Y,20.6,1063,124,1127,189
Pterophyllum_Scalare_W,20.6,552,328,620,388
Pterophyllum_Scalare_B,20.6,788,456,834,517
Pterophyllum_Scalare_BB,20.6,234,240,292,317
Ancistrus,20.6,485,660,630,700
Pterophyllum_Scalare_YWB,20.6,183,310,269,405
G_Matriarche,20.6,692,584,768,619
Pterophyllum_Scalare_Y,20.7,1064,123,1127,188
Pterophyllum_Scalare_BB,20.7,240,239,330,318
Pterophyllum_Scalare_W,20.7,552,327,621,388
Pterophyllum_Scalare_B,20.7,787,448,829,517
Ancistrus,20.7,486,660,632,700
Pterophyllum_Scalare_YWB,20.7,178,310,262,410
Pterophyllum_Scalare_BB,20.8,244,238,330,318
G_Matriarche,20.8,707,591,780,626
Pterophyllum_Scalare_Y,20.8,1062,123,1125,188
Pterophyllum_Scalare_YWB,20.8,172,309,257,412
Pterophyllum_Scalare_W,20.8,552,328,622,387
Ancistrus,20.8,487,661,632,701
Pterophyllum_Scalare_B,20.8,785,456,827,517
Corydoras_Panda,20.9,1015,537,1061,583
Pterophyllum_Scalare_BB,20.9,272,240,340,319
Pterophyllum_Scalare_YWB,20.9,166,309,252,413
Pterophyllum_Scalare_Y,20.9,1061,122,1123,187
Pterophyllum_Scalare_W,20.9,552,327,621,387
Pterophyllum_Scalare_B,20.9,783,459,826,517
G_Matriarche,20.9,716,601,795,632
Ancistrus,20.9,486,662,632,701
Pterophyllum_Scalare_B,21.0,783,459,825,519
Ancistrus,21.0,485,663,632,701
Pterophyllum_Scalare_YWB,21.0,163,311,248,414
Pterophyllum_Scalare_Y,21.0,1059,122,1123,187
Pterophyllum_Scalare_W,21.0,552,326,621,387
Pterophyllum_Scalare_BB,21.0,274,242,349,321
G_Matriarche,21.0,731,605,808,635
Corydoras_Panda,21.0,1015,534,1063,582
G_Matriarche,21.1,745,607,812,638
Pterophyllum_Scalare_Y,21.1,1059,120,1122,186
Pterophyllum_Scalare_W,21.1,551,324,620,386
Pterophyllum_Scalare_BB,21.1,282,245,357,323
Pterophyllum_Scalare_YWB,21.1,158,314,244,414
Corydoras_Panda,21.1,1014,532,1061,582
Ancistrus,21.1,485,663,632,701
Pterophyllum_Scalare_B,21.1,783,459,823,521
Ancistrus,21.2,485,662,632,701
G_Matriarche,21.2,225,248,288,306
Pterophyllum_Scalare_BB,21.2,283,246,364,325
Pterophyllum_Scalare_YWB,21.2,155,316,240,413
Pterophyllum_Scalare_Y,21.2,1060,119,1125,186
Pterophyllum_Scalare_W,21.2,551,323,619,386
Pterophyllum_Scalare_B,21.2,782,462,821,522
Corydoras_Panda,21.2,1014,534,1059,581
G_Matriarche,21.2,757,609,814,641
G_Matriarche,21.3,231,249,284,299
Pterophyllum_Scalare_BB,21.3,288,247,372,325
Pterophyllum_Scalare_YWB,21.3,152,318,235,414
Pterophyllum_Scalare_W,21.3,550,322,619,385
Pterophyllum_Scalare_Y,21.3,1060,119,1124,187
Pterophyllum_Scalare_B,21.3,781,463,820,523
Ancistrus,21.3,485,659,630,701
G_Matriarche,21.3,770,608,826,643
Corydoras_Panda,21.3,1013,530,1055,580
Corydoras_Panda,21.4,1014,536,1060,579
Botia_Striata,21.4,914,648,968,678
Pterophyllum_Scalare_BB,21.4,307,248,387,323
Pterophyllum_Scalare_W,21.4,549,319,617,384
Pterophyllum_Scalare_B,21.4,780,464,820,522
Pterophyllum_Scalare_Y,21.4,1061,119,1124,186
Pterophyllum_Scalare_YWB,21.4,149,321,229,415
Botia_Almorhae,21.4,225,249,306,296
Ancistrus,21.4,479,659,620,700
G_Matriarche,21.4,782,612,855,643
Botia_Striata,21.5,914,648,971,678
Pterophyllum_Scalare_W,21.5,549,318,617,384
Ancistrus,21.5,479,659,619,700
Corydoras_Panda,21.5,1014,537,1060,578
Botia_Almorhae,21.5,236,255,316,301
Pterophyllum_Scalare_B,21.5,780,465,819,521
Pterophyllum_Scalare_YWB,21.5,147,322,225,415
Pterophyllum_Scalare_Y,21.5,1063,120,1124,186
Pterophyllum_Scalare_BB,21.5,313,248,392,324
Corydoras_Panda,21.6,1014,539,1062,578
Ancistrus,21.6,476,659,616,699
Pterophyllum_Scalare_B,21.6,781,464,819,521
Pterophyllum_Scalare_YWB,21.6,147,324,224,416
Botia_Almorhae,21.6,244,262,324,307
Pterophyllum_Scalare_Y,21.6,1064,120,1125,186
Pterophyllum_Scalare_BB,21.6,320,247,396,324
Pterophyllum_Scalare_W,21.6,548,318,617,383
Botia_Almorhae,21.7,261,272,331,313
Pterophyllum_Scalare_Y,21.7,1063,120,1124,187
Corydoras_Panda,21.7,1013,537,1060,578
Pterophyllum_Scalare_YWB,21.7,147,325,224,416
Pterophyllum_Scalare_B,21.7,781,464,820,521
Pterophyllum_Scalare_BB,21.7,325,247,399,326
Pterophyllum_Scalare_W,21.7,549,317,616,383
Ancistrus,21.8,482,660,617,699
Pterophyllum_Scalare_YWB,21.8,147,326,223,415
Botia_Striata,21.8,902,649,970,677
Corydoras_Panda,21.8,1014,540,1056,579
Botia_Almorhae,21.8,264,279,337,321
Pterophyllum_Scalare_B,21.8,781,466,820,521
Pterophyllum_Scalare_Y,21.8,1061,119,1125,188
Pterophyllum_Scalare_BB,21.8,328,246,402,327
Pterophyllum_Scalare_W,21.8,548,317,616,383
Botia_Striata,21.9,902,649,972,677
Ancistrus,21.9,474,658,612,698
Corydoras_Panda,21.9,1013,538,1060,580
Pterophyllum_Scalare_Y,21.9,1060,118,1121,187
Pterophyllum_Scalare_B,21.9,781,465,820,521
Pterophyllum_Scalare_YWB,21.9,147,326,223,414
Pterophyllum_Scalare_BB,21.9,329,246,404,329
Pterophyllum_Scalare_W,21.9,547,316,615,382
Botia_Almorhae,21.9,280,286,341,327
G_Matriarche,22.0,810,633,883,664
Botia_Almorhae,22.0,287,293,350,331
Pterophyllum_Scalare_Y,22.0,1060,118,1117,184
Pterophyllum_Scalare_YWB,22.0,147,326,223,415
Pterophyllum_Scalare_W,22.0,547,315,615,382
Pterophyllum_Scalare_BB,22.0,329,247,406,331
Pterophyllum_Scalare_B,22.0,781,466,820,521
Botia_Striata,22.0,900,648,970,676
Corydoras_Panda,22.0,1012,539,1057,575
Ancistrus,22.0,470,658,612,697
Pterophyllum_Scalare_YWB,22.1,147,325,222,414
Pterophyllum_Scalare_BB,22.1,332,248,407,333
Ancistrus,22.1,469,658,612,698
Pterophyllum_Scalare_Y,22.1,1060,118,1116,185
Pterophyllum_Scalare_W,22.1,547,315,614,382
G_Matriarche,22.1,811,640,883,667
Corydoras_Panda,22.1,1011,537,1059,575
Pterophyllum_Scalare_B,22.1,781,467,820,521
Botia_Almorhae,22.1,287,298,355,336
Pterophyllum_Scalare_Y,22.2,1060,118,1120,186
Corydoras_Panda,22.2,1010,539,1058,576
Pterophyllum_Scalare_BB,22.2,333,251,404,335
Pterophyllum_Scalare_W,22.2,548,314,614,382
Ancistrus,22.2,470,660,615,700
Corydoras_Albinos,22.2,717,631,759,660
Botia_Almorhae,22.2,299,303,358,340
Pterophyllum_Scalare_B,22.2,782,466,819,521
Pterophyllum_Scalare_YWB,22.2,147,325,223,414
Botia_Almorhae,22.3,303,307,360,343
Pterophyllum_Scalare_YWB,22.3,147,324,223,415
Corydoras_Panda,22.3,1010,540,1057,574
Pterophyllum_Scalare_B,22.3,782,465,820,521
Ancistrus,22.3,469,660,615,700
Pterophyllum_Scalare_W,22.3,548,314,614,381
Pterophyllum_Scalare_BB,22.3,329,253,404,336
Pterophyllum_Scalare_Y,22.3,1060,119,1121,186
Ancistrus,22.4,468,661,614,700
Corydoras_Panda,22.4,1010,541,1058,574
Botia_Almorhae,22.4,307,308,357,350
Corydoras_Albinos,22.4,717,631,760,660
Pterophyllum_Scalare_B,22.4,782,465,821,521
Pterophyllum_Scalare_BB,22.4,327,256,404,341
Pterophyllum_Scalare_YWB,22.4,147,322,223,415
Pterophyllum_Scalare_W,22.4,548,313,613,381
Pterophyllum_Scalare_Y,22.4,1058,121,1121,187
Pterophyllum_Scalare_YWB,22.5,147,321,223,415
Ancistrus,22.5,466,662,614,702
Corydoras_Albinos,22.5,717,631,760,660
Botia_Almorhae,22.5,298,312,358,357
Pterophyllum_Scalare_B,22.5,781,465,820,520
Pterophyllum_Scalare_W,22.5,548,312,613,381
Corydoras_Panda,22.5,1011,538,1058,574
Pterophyllum_Scalare_Y,22.5,1058,122,1119,187
Pterophyllum_Scalare_BB,22.5,329,259,406,344
Pterophyllum_Scalare_W,22.6,548,312,612,381
Ancistrus,22.6,465,664,614,705
Pterophyllum_Scalare_B,22.6,782,464,820,520
Pterophyllum_Scalare_YWB,22.6,147,320,223,415
Pterophyllum_Scalare_Y,22.6,1058,122,1119,186
Botia_Almorhae,22.6,294,314,358,357
Pterophyllum_Scalare_BB,22.6,333,261,406,345
Pterophyllum_Scalare_W,22.7,548,312,611,381
Pterophyllum_Scalare_YWB,22.7,146,318,222,413
Botia_Almorhae,22.7,305,316,360,360
Corydoras_Albinos,22.7,765,613,795,644
Pterophyllum_Scalare_B,22.7,782,464,821,520
Ancistrus,22.7,466,665,615,705
Pterophyllum_Scalare_BB,22.7,338,263,407,348
Pterophyllum_Scalare_Y,22.7,1058,122,1120,186
G_Matriarche,22.8,142,97,173,121
Botia_Almorhae,22.8,309,319,359,365
Pterophyllum_Scalare_YWB,22.8,147,316,222,411
Pterophyllum_Scalare_B,22.8,782,466,820,521
Pterophyllum_Scalare_Y,22.8,1058,123,1123,185
Pterophyllum_Scalare_W,22.8,549,312,610,381
Ancistrus,22.8,465,665,614,704
Pterophyllum_Scalare_BB,22.8,342,265,410,351
G_Matriarche,22.8,750,578,806,647
Corydoras_Panda,22.8,1013,537,1043,587
Ancistrus,22.9,464,664,612,703
G_Matriarche,22.9,140,96,177,122
G_Matriarche,22.9,742,554,793,628
Pterophyllum_Scalare_W,22.9,550,312,610,382
Pterophyllum_Scalare_YWB,22.9,146,315,221,410
Pterophyllum_Scalare_B,22.9,782,465,820,520
Pterophyllum_Scalare_Y,22.9,1059,125,1121,185
Pterophyllum_Scalare_BB,22.9,343,266,410,354
Pterophyllum_Scalare_YWB,23.0,147,314,220,405
Pterophyllum_Scalare_BB,23.0,345,267,411,355
Ancistrus,23.0,465,665,614,704
Pterophyllum_Scalare_Y,23.0,1057,126,1124,185
Pterophyllum_Scalare_W,23.0,551,312,610,383
G_Matriarche,23.0,143,95,181,121
G_Matriarche,23.0,734,533,796,610
Pterophyllum_Scalare_B,23.0,783,466,820,521
Pterophyllum_Scalare_Y,23.1,1056,126,1125,186
Pterophyllum_Scalare_W,23.1,552,312,610,383
Pterophyllum_Scalare_YWB,23.1,147,314,217,402
G_Matriarche,23.1,726,517,789,593
Pterophyllum_Scalare_B,23.1,783,465,821,521
Pterophyllum_Scalare_BB,23.1,347,267,413,356
Ancistrus,23.1,466,666,613,704
Pterophyllum_Scalare_BB,23.2,347,267,413,353
G_Matriarche,23.2,716,507,791,579
Ancistrus,23.2,467,666,610,704
Pterophyllum_Scalare_YWB,23.2,147,313,216,399
Pterophyllum_Scalare_W,23.2,554,312,609,384
Pterophyllum_Scalare_Y,23.2,1056,126,1125,185
Pterophyllum_Scalare_B,23.2,782,465,821,520
Pterophyllum_Scalare_B,23.3,783,465,820,519
Pterophyllum_Scalare_BB,23.3,348,268,413,352
Ancistrus,23.3,466,668,611,705
Botia_Almorhae,23.3,333,335,404,396
Pterophyllum_Scalare_YWB,23.3,147,311,215,397
G_Matriarche,23.3,708,499,785,565
Pterophyllum_Scalare_Y,23.3,1056,126,1121,185
Pterophyllum_Scalare_W,23.3,555,313,608,384
Corydoras_Panda,23.4,1014,537,1037,580
Ancistrus,23.4,466,671,613,706
Botia_Almorhae,23.4,332,335,404,400
Pterophyllum_Scalare_B,23.4,783,464,822,520
G_Matriarche,23.4,156,87,203,112
G_Matriarche,23.4,702,491,781,552
Pterophyllum_Scalare_Y,23.4,1057,125,1120,185
Pterophyllum_Scalare_W,23.4,557,313,607,384
Pterophyllum_Scalare_YWB,23.4,147,310,215,394
Pterophyllum_Scalare_BB,23.4,348,270,413,355
Pterophyllum_Scalare_BB,23.5,348,272,414,357
Pterophyllum_Scalare_YWB,23.5,147,307,214,392
Pterophyllum_Scalare_W,23.5,558,314,606,384
Pterophyllum_Scalare_B,23.5,783,464,822,520
Ancistrus,23.5,465,671,612,708
G_Matriarche,23.5,696,486,775,542
Corydoras_Panda,23.5,1014,537,1038,580
Botia_Almorhae,23.5,329,336,403,402
Pterophyllum_Scalare_Y,23.5,1058,125,1120,186
Botia_Almorhae,23.6,329,340,404,404
Ancistrus,23.6,464,670,610,707
Pterophyllum_Scalare_B,23.6,783,464,821,520
Pterophyllum_Scalare_Y,23.6,1059,126,1121,185
Pterophyllum_Scalare_YWB,23.6,145,305,213,389
G_Matriarche,23.6,684,476,761,528
Pterophyllum_Scalare_BB,23.6,349,273,413,356
Pterophyllum_Scalare_W,23.6,559,314,604,385
Pterophyllum_Scalare_BB,23.7,350,274,414,358
G_Matriarche,23.7,666,461,744,508
Pterophyllum_Scalare_W,23.7,560,315,602,384
Pterophyllum_Scalare_B,23.7,782,465,821,523
Pterophyllum_Scalare_YWB,23.7,145,303,211,387
Ancistrus,23.7,459,669,608,707
Botia_Almorhae,23.7,328,341,404,405
Pterophyllum_Scalare_Y,23.7,1060,125,1119,185
Botia_Almorhae,23.8,335,341,405,409
Ancistrus,23.8,460,670,607,707
G_Matriarche,23.8,646,448,730,503
Pterophyllum_Scalare_Y,23.8,1060,125,1121,185
Pterophyllum_Scalare_YWB,23.8,145,300,210,384
Pterophyllum_Scalare_B,23.8,780,465,821,524
Pterophyllum_Scalare_BB,23.8,353,276,417,355
Pterophyllum_Scalare_W,23.8,561,316,600,383
Pterophyllum_Scalare_W,23.9,561,316,596,384
Botia_Almorhae,23.9,335,344,404,411
Pterophyllum_Scalare_YWB,23.9,146,298,209,382
Pterophyllum_Scalare_B,23.9,779,466,819,526
Pterophyllum_Scalare_Y,23.9,1059,126,1120,185
Ancistrus,23.9,457,670,606,707
G_Matriarche,23.9,631,431,723,495
Pterophyllum_Scalare_BB,23.9,354,278,420,357
Pterophyllum_Scalare_Y,24.0,1058,125,1124,185
G_Matriarche,24.0,625,422,706,477
Ancistrus,24.0,458,670,606,706
Pterophyllum_Scalare_B,24.0,778,464,818,528
Botia_Almorhae,24.0,328,344,405,414
Pterophyllum_Scalare_W,24.0,561,317,593,384
Corydoras_Panda,24.0,1014,537,1047,590
Pterophyllum_Scalare_BB,24.0,355,279,422,354
Pterophyllum_Scalare_YWB,24.0,146,295,209,380
Pterophyllum_Scalare_W,24.1,561,317,592,385
Botia_Almorhae,24.1,325,343,402,419
Pterophyllum_Scalare_YWB,24.1,146,294,209,380
G_Matriarche,24.1,616,411,695,465
Ancistrus,24.1,457,669,604,706
Pterophyllum_Scalare_B,24.1,777,465,818,529
Pterophyllum_Scalare_BB,24.1,355,280,423,357
Pterophyllum_Scalare_Y,24.1,1058,126,1120,185
Corydoras_Panda,24.1,1013,533,1051,589
Botia_Almorhae,24.2,328,347,400,423
Pterophyllum_Scalare_B,24.2,777,467,818,530
G_Matriarche,24.2,607,400,687,454
Pterophyllum_Scalare_BB,24.2,357,283,426,358
Pterophyllum_Scalare_YWB,24.2,145,291,210,379
Pterophyllum_Scalare_Y,24.2,1059,126,1120,184
Pterophyllum_Scalare_W,24.2,560,319,589,386
Ancistrus,24.2,458,670,604,706
Corydoras_Panda,24.2,1016,537,1053,592
Pterophyllum_Scalare_BB,24.3,362,286,431,358
Botia_Almorhae,24.3,328,353,400,428
Corydoras_Panda,24.3,1018,539,1055,591
Pterophyllum_Scalare_W,24.3,559,319,589,386
Pterophyllum_Scalare_Y,24.3,1060,126,1122,184
G_Matriarche,24.3,600,392,679,445
Ancistrus,24.3,456,669,604,707
Pterophyllum_Scalare_B,24.3,778,468,817,532
G_Matriarche,24.3,738,497,778,525
Pterophyllum_Scalare_YWB,24.3,145,291,213,382
Ancistrus,24.4,454,668,595,707
Pterophyllum_Scalare_B,24.4,783,471,817,532
Corydoras_Panda,24.4,1018,546,1058,591
Pterophyllum_Scalare_Y,24.4,1062,125,1124,184
Pterophyllum_Scalare_YWB,24.4,145,291,213,382
Botia_Almorhae,24.4,324,354,401,430
G_Matriarche,24.4,590,383,668,429
Pterophyllum_Scalare_BB,24.4,365,287,435,358
G_Matriarche,24.4,749,491,789,520
Pterophyllum_Scalare_B,24.4,784,471,817,632
Pterophyllum_Scalare_W,24.4,557,320,589,387
Ancistrus,24.5,452,667,591,705
Pterophyllum_Scalare_B,24.5,769,470,817,534
Corydoras_Panda,24.5,1018,546,1059,590
Pterophyllum_Scalare_BB,24.5,366,287,437,355
Pterophyllum_Scalare_YWB,24.5,146,291,213,384
Botia_Almorhae,24.5,326,355,414,425
Pterophyllum_Scalare_W,24.5,557,322,588,387
Pterophyllum_Scalare_Y,24.5,1064,125,1125,183
G_Matriarche,24.5,584,375,662,416
G_Matriarche,24.6,579,368,654,406
Pterophyllum_Scalare_YWB,24.6,145,291,217,385
Pterophyllum_Scalare_W,24.6,558,324,588,387
Corydoras_Panda,24.6,1021,549,1063,591
Ancistrus,24.6,446,668,593,706
Pterophyllum_Scalare_B,24.6,775,473,810,537
Pterophyllum_Scalare_Y,24.6,1066,124,1126,182
Pterophyllum_Scalare_BB,24.6,366,286,437,353
Botia_Almorhae,24.6,323,348,414,425
Pterophyllum_Scalare_B,24.7,773,460,813,538
Pterophyllum_Scalare_YWB,24.7,144,290,219,381
Pterophyllum_Scalare_BB,24.7,367,286,438,355
G_Matriarche,24.7,573,361,647,397
Botia_Almorhae,24.7,333,342,417,421
Ancistrus,24.7,442,667,584,706
Pterophyllum_Scalare_W,24.7,558,325,586,386
Corydoras_Panda,24.7,1022,548,1064,591
Pterophyllum_Scalare_Y,24.7,1068,124,1122,181
G_Matriarche,24.8,578,355,639,389
Pterophyllum_Scalare_BB,24.8,370,286,438,357
Pterophyllum_Scalare_W,24.8,557,325,586,387
Pterophyllum_Scalare_Y,24.8,1070,123,1122,181
Pterophyllum_Scalare_YWB,24.8,144,288,220,376
Botia_Almorhae,24.8,338,346,405,414
Ancistrus,24.8,432,667,579,707
Pterophyllum_Scalare_B,24.8,773,477,807,540
G_Matriarche,24.9,583,349,629,382
Pterophyllum_Scalare_YWB,24.9,144,285,219,375
Pterophyllum_Scalare_BB,24.9,371,286,439,359
Pterophyllum_Scalare_Y,24.9,1070,123,1124,183
Botia_Almorhae,24.9,340,346,401,414
Pterophyllum_Scalare_W,24.9,558,323,589,387
Ancistrus,24.9,428,665,577,709
Pterophyllum_Scalare_B,24.9,772,479,805,546
Pterophyllum_Scalare_BB,25.0,382,278,448,361
Botia_Almorhae,25.0,348,345,397,414
G_Matriarche,25.0,750,390,783,430
Pterophyllum_Scalare_YWB,25.0,148,284,215,372
Pterophyllum_Scalare_Y,25.0,1071,124,1127,184
Pterophyllum_Scalare_W,25.0,553,321,599,391
Ancistrus,25.0,431,666,576,708
G_Matriarche,25.0,596,341,621,381
Pterophyllum_Scalare_BB,25.1,381,275,457,368
Pterophyllum_Scalare_YWB,25.1,151,282,221,368
Botia_Almorhae,25.1,343,332,400,414
Pterophyllum_Scalare_Y,25.1,1073,124,1129,185
Pterophyllum_Scalare_W,25.1,551,320,607,390
Ancistrus,25.1,429,664,572,707
Pterophyllum_Scalare_Y,25.2,1075,123,1133,186
Ancistrus,25.2,427,664,572,706
Pterophyllum_Scalare_B,25.2,768,481,802,555
Pterophyllum_Scalare_YWB,25.2,154,277,228,363
Pterophyllum_Scalare_W,25.2,555,322,607,387
Pterophyllum_Scalare_BB,25.2,396,277,471,371
Botia_Almorhae,25.2,336,325,409,413
Ancistrus,25.3,422,664,570,707
G_Matriarche,25.3,565,327,632,400
Pterophyllum_Scalare_W,25.3,565,325,632,400
Pterophyllum_Scalare_B,25.3,766,479,803,561
Pterophyllum_Scalare_BB,25.3,409,283,485,375
Pterophyllum_Scalare_YWB,25.3,160,271,233,357
Pterophyllum_Scalare_Y,25.3,1077,123,1135,187
Botia_Almorhae,25.3,333,325,412,409
G_Matriarche,25.4,577,331,639,404
Pterophyllum_Scalare_B,25.4,766,491,803,561
Ancistrus,25.4,418,663,567,708
Pterophyllum_Scalare_BB,25.4,428,288,504,378
Botia_Almorhae,25.4,332,324,412,411
Pterophyllum_Scalare_Y,25.4,1079,125,1137,189
Pterophyllum_Scalare_YWB,25.4,163,265,242,348
Pterophyllum_Scalare_W,25.5,452,297,528,377
Ancistrus,25.5,418,663,567,708
Pterophyllum_Scalare_YWB,25.5,167,258,252,342
Pterophyllum_Scalare_Y,25.5,1081,126,1138,191
Botia_Almorhae,25.5,330,323,414,410
Pterophyllum_Scalare_B,25.5,765,495,802,565
Pterophyllum_Scalare_YWB,25.6,171,252,274,338
Pterophyllum_Scalare_BB,25.6,603,332,649,401
G_Matriarche,25.6,603,332,649,401
Pterophyllum_Scalare_W,25.6,480,309,556,381
Pterophyllum_Scalare_Y,25.6,1083,126,1140,194
Ancistrus,25.6,418,663,566,707
Pterophyllum_Scalare_B,25.6,762,501,803,568
Botia_Almorhae,25.6,332,324,413,408
Pterophyllum_Scalare_Y,25.7,1085,127,1143,196
Pterophyllum_Scalare_BB,25.7,511,321,582,385
Pterophyllum_Scalare_BB,25.7,617,331,651,387
Botia_Almorhae,25.7,333,329,420,400
Pterophyllum_Scalare_B,25.7,763,501,803,575
Ancistrus,25.7,416,663,568,707
Pterophyllum_Scalare_YWB,25.7,174,245,278,335
Pterophyllum_Scalare_YWB,25.8,178,241,281,333
Pterophyllum_Scalare_Y,25.8,1087,128,1144,197
Pterophyllum_Scalare_BB,25.8,538,328,605,391
Botia_Almorhae,25.8,334,327,440,382
G_Matriarche,25.8,618,333,652,412
Pterophyllum_Scalare_B,25.8,762,501,802,579
Ancistrus,25.8,417,663,566,707
Pterophyllum_Scalare_Y,25.9,1090,130,1147,198
Pterophyllum_Scalare_BB,25.9,562,330,626,394
Pterophyllum_Scalare_YWB,25.9,180,239,277,327
G_Matriarche,25.9,626,335,666,415
Pterophyllum_Scalare_B,25.9,764,500,801,583
Botia_Almorhae,25.9,340,327,454,374
Ancistrus,25.9,417,662,566,708
Botia_Almorhae,26.0,355,327,474,368
Pterophyllum_Scalare_Y,26.0,1092,133,1150,200
Pterophyllum_Scalare_BB,26.0,586,330,644,395
Pterophyllum_Scalare_YWB,26.0,181,237,279,326
Pterophyllum_Scalare_B,26.0,766,502,801,584
G_Matriarche,26.0,648,337,680,373
Ancistrus,26.0,417,661,565,708
Pterophyllum_Scalare_YWB,26.1,182,234,278,325
Botia_Almorhae,26.1,368,327,494,368
Pterophyllum_Scalare_Y,26.1,1095,133,1153,202
Pterophyllum_Scalare_BB,26.1,601,326,653,394
Ancistrus,26.1,420,660,564,707
G_Matriarche,26.2,703,334,732,376
Ancistrus,26.2,421,660,563,708
Pterophyllum_Scalare_BB,26.2,601,322,653,392
Botia_Almorhae,26.2,396,326,514,363
Pterophyllum_Scalare_YWB,26.2,183,232,277,326
Pterophyllum_Scalare_Y,26.2,1097,137,1154,203
Ancistrus,26.3,420,660,560,709
Pterophyllum_Scalare_BB,26.3,597,318,652,389
Pterophyllum_Scalare_Y,26.3,1099,137,1155,204
G_Matriarche,26.3,700,342,732,379
Pterophyllum_Scalare_YWB,26.3,184,230,276,326
Corydoras_Panda,26.3,1011,595,1067,617
Pterophyllum_Scalare_BB,26.4,593,316,649,387
Pterophyllum_Scalare_YWB,26.4,184,228,274,326
Pterophyllum_Scalare_Y,26.4,1100,138,1154,205
G_Matriarche,26.4,652,361,699,433
Ancistrus,26.4,418,659,559,708
G_Matriarche,26.4,701,344,732,382
Corydoras_Panda,26.4,1012,595,1063,616
Ancistrus,26.5,415,659,560,706
G_Matriarche,26.5,657,364,708,442
Pterophyllum_Scalare_Y,26.5,1101,140,1154,205
Pterophyllum_Scalare_BB,26.5,591,312,648,386
Pterophyllum_Scalare_YWB,26.5,184,227,273,326
G_Matriarche,26.5,708,356,734,386
Botia_Almorhae,26.5,466,325,578,366
Corydoras_Panda,26.5,1010,594,1065,616
Pterophyllum_Scalare_YWB,26.6,183,225,270,324
Corydoras_Panda,26.6,1008,595,1059,616
Pterophyllum_Scalare_Y,26.6,1102,140,1157,205
Botia_Almorhae,26.6,472,323,589,366
Ancistrus,26.6,411,660,555,709
Pterophyllum_Scalare_BB,26.6,591,309,650,385
Ancistrus,26.7,412,659,555,709
Corydoras_Panda,26.7,1007,595,1058,618
Botia_Almorhae,26.7,496,321,600,363
Pterophyllum_Scalare_BB,26.7,598,305,660,373
Pterophyllum_Scalare_YWB,26.7,181,224,266,321
Pterophyllum_Scalare_Y,26.7,1101,144,1155,208
G_Matriarche,26.7,713,359,744,396
Ancistrus,26.8,410,658,552,709
Corydoras_Panda,26.8,1004,597,1054,621
Botia_Almorhae,26.8,514,317,614,363
Pterophyllum_Scalare_Y,26.8,1099,146,1156,210
Pterophyllum_Scalare_YWB,26.8,179,222,261,318
Pterophyllum_Scalare_BB,26.8,609,300,670,362
Pterophyllum_Scalare_Y,26.9,1098,147,1157,212
Pterophyllum_Scalare_BB,26.9,624,295,675,353
Ancistrus,26.9,410,658,543,708
Corydoras_Panda,26.9,1003,599,1053,624
Pterophyllum_Scalare_YWB,26.9,178,220,257,313
Botia_Almorhae,26.9,525,306,628,360
Pterophyllum_Scalare_BB,27.0,635,292,677,348
G_Matriarche,27.0,715,373,752,435
Botia_Almorhae,27.0,548,296,640,360
Ancistrus,27.0,409,659,542,708
Corydoras_Panda,27.0,1001,599,1050,626
Pterophyllum_Scalare_YWB,27.0,176,217,256,309
Pterophyllum_Scalare_Y,27.0,1097,149,1158,214
Ancistrus,27.1,409,659,545,709
Botia_Almorhae,27.1,557,284,658,352
Pterophyllum_Scalare_YWB,27.1,175,215,253,304
Pterophyllum_Scalare_BB,27.1,646,286,681,342
Corydoras_Albinos,27.1,788,439,822,486
G_Matriarche,27.1,733,375,762,409
Pterophyllum_Scalare_Y,27.1,1096,150,1157,215
G_Matriarche,27.2,739,376,770,412
Corydoras_Albinos,27.2,779,454,817,503
Pterophyllum_Scalare_Y,27.2,1095,152,1156,216
Pterophyllum_Scalare_BB,27.2,655,282,683,337
Botia_Almorhae,27.2,572,278,667,345
Pterophyllum_Scalare_YWB,27.2,175,212,249,300
Ancistrus,27.2,410,660,544,708
Botia_Almorhae,27.3,578,272,681,339
Ancistrus,27.3,409,659,544,708
G_Matriarche,27.3,744,383,776,415
Pterophyllum_Scalare_BB,27.3,661,274,684,334
Pterophyllum_Scalare_Y,27.3,1095,153,1155,217
Pterophyllum_Scalare_YWB,27.3,174,210,247,297
Botia_Almorhae,27.4,592,262,687,327
Pterophyllum_Scalare_BB,27.4,659,272,687,333
Ancistrus,27.4,409,659,545,708
Pterophyllum_Scalare_Y,27.4,1095,154,1155,220
Pterophyllum_Scalare_W,27.4,712,329,750,368
Pterophyllum_Scalare_YWB,27.4,174,209,245,296
G_Matriarche,27.4,748,381,785,417
Ancistrus,27.5,409,659,546,707
Pterophyllum_Scalare_BB,27.5,654,276,686,335
Pterophyllum_Scalare_YWB,27.5,173,206,244,294
Pterophyllum_Scalare_Y,27.5,1095,154,1155,221
G_Matriarche,27.5,752,383,788,418
Pterophyllum_Scalare_YWB,27.6,173,204,241,292
Ancistrus,27.6,409,659,546,708
Pterophyllum_Scalare_W,27.6,715,327,754,365
Pterophyllum_Scalare_BB,27.6,648,274,686,334
Pterophyllum_Scalare_Y,27.6,1096,154,1156,223
Pterophyllum_Scalare_BB,27.7,642,272,686,336
G_Matriarche,27.7,628,214,708,290
Ancistrus,27.7,406,659,541,706
G_Matriarche,27.7,752,396,787,434
Pterophyllum_Scalare_W,27.7,715,327,755,366
Pterophyllum_Scalare_YWB,27.7,174,203,239,292
Pterophyllum_Scalare_Y,27.7,1097,154,1157,224
Pterophyllum_Scalare_B,27.8,775,504,809,578
Ancistrus,27.8,406,658,544,707
Pterophyllum_Scalare_YWB,27.8,174,201,239,292
Botia_Almorhae,27.8,631,201,714,278
Pterophyllum_Scalare_BB,27.8,633,269,681,335
Pterophyllum_Scalare_W,27.8,716,328,755,371
Pterophyllum_Scalare_Y,27.8,1099,153,1159,224
G_Matriarche,27.8,755,401,786,436
Botia_Almorhae,27.9,636,186,715,269
Pterophyllum_Scalare_Y,27.9,1101,154,1163,224
Pterophyllum_Scalare_B,27.9,778,513,808,579
Pterophyllum_Scalare_BB,27.9,627,266,677,336
Ancistrus,27.9,408,658,540,705
Pterophyllum_Scalare_W,27.9,717,328,752,377
Pterophyllum_Scalare_YWB,27.9,177,198,240,291
Pterophyllum_Scalare_B,28.0,779,510,810,574
Ancistrus,28.0,405,656,539,704
Pterophyllum_Scalare_Y,28.0,1104,154,1165,223
Pterophyllum_Scalare_YWB,28.0,179,194,239,285
Pterophyllum_Scalare_BB,28.0,620,263,672,336
Botia_Almorhae,28.0,647,174,725,256
G_Matriarche,28.0,757,409,794,446
Pterophyllum_Scalare_BB,28.1,614,260,667,335
Botia_Almorhae,28.1,655,162,737,244
Pterophyllum_Scalare_YWB,28.1,183,191,236,283
Ancistrus,28.1,402,658,536,705
Pterophyllum_Scalare_Y,28.1,1106,154,1164,222
Pterophyllum_Scalare_B,28.1,781,507,812,572
G_Matriarche,28.2,760,414,801,450
Ancistrus,28.2,404,658,537,704
Pterophyllum_Scalare_B,28.2,780,506,822,575
Botia_Almorhae,28.2,654,155,749,233
G_Matriarche,28.2,748,465,781,545
Pterophyllum_Scalare_BB,28.2,605,257,663,334
Pterophyllum_Scalare_YWB,28.2,176,185,235,282
Pterophyllum_Scalare_Y,28.2,1107,154,1163,222
Pterophyllum_Scalare_YWB,28.3,180,184,234,279
Ancistrus,28.3,402,658,539,704
Botia_Almorhae,28.3,654,149,758,223
Pterophyllum_Scalare_B,28.3,778,503,831,573
Pterophyllum_Scalare_Y,28.3,1108,153,1163,222
Pterophyllum_Scalare_BB,28.3,599,255,660,331
Ancistrus,28.4,398,657,538,704
Pterophyllum_Scalare_BB,28.4,593,251,659,329
Pterophyllum_Scalare_Y,28.4,1108,152,1163,220
Pterophyllum_Scalare_YWB,28.4,185,184,231,284
Pterophyllum_Scalare_B,28.4,776,494,838,573
Botia_Almorhae,28.4,660,150,752,207
Pterophyllum_Scalare_BB,28.5,589,247,656,325
Pterophyllum_Scalare_W,28.5,745,329,791,392
Pterophyllum_Scalare_YWB,28.5,189,179,236,283
Ancistrus,28.5,399,656,540,704
Pterophyllum_Scalare_B,28.5,774,479,845,579
Pterophyllum_Scalare_Y,28.5,1106,151,1158,218
Botia_Almorhae,28.5,673,150,758,202
Pterophyllum_Scalare_BB,28.6,586,242,653,321
Pterophyllum_Scalare_Y,28.6,1104,150,1157,215
Pterophyllum_Scalare_B,28.6,765,475,854,583
Pterophyllum_Scalare_W,28.6,744,327,794,391
Pterophyllum_Scalare_YWB,28.6,191,181,241,281
Ancistrus,28.6,400,658,541,705
G_Matriarche,28.7,761,477,796,521
Pterophyllum_Scalare_B,28.7,785,477,862,580
Ancistrus,28.7,400,657,539,705
Pterophyllum_Scalare_W,28.7,749,326,797,389
Pterophyllum_Scalare_YWB,28.7,198,180,256,279
Pterophyllum_Scalare_Y,28.7,1100,148,1154,213
Pterophyllum_Scalare_BB,28.7,583,237,654,315
Ancistrus,28.8,401,657,536,706
Pterophyllum_Scalare_Y,28.8,1095,145,1150,210
G_Matriarche,28.8,761,479,814,556
Pterophyllum_Scalare_YWB,28.8,201,180,267,279
Pterophyllum_Scalare_B,28.8,794,476,869,578
Pterophyllum_Scalare_BB,28.8,582,232,651,310
Pterophyllum_Scalare_W,28.8,747,324,800,387
Botia_Almorhae,28.8,724,151,806,197
Ancistrus,28.9,401,657,535,707
G_Matriarche,28.9,725,418,771,438
Botia_Almorhae,28.9,741,159,833,199
Pterophyllum_Scalare_YWB,28.9,206,179,277,280
G_Matriarche,28.9,763,481,802,523
Pterophyllum_Scalare_B,28.9,794,476,875,578
Pterophyllum_Scalare_W,28.9,746,321,803,385
Pterophyllum_Scalare_Y,28.9,1092,142,1148,206
Pterophyllum_Scalare_BB,28.9,582,226,651,305
Pterophyllum_Scalare_BB,29.0,585,219,643,302
Pterophyllum_Scalare_W,29.0,747,320,806,382
Pterophyllum_Scalare_YWB,29.0,212,180,286,278
Ancistrus,29.0,401,658,535,705
Pterophyllum_Scalare_Y,29.0,1089,139,1144,200
Botia_Almorhae,29.0,740,160,856,205
Pterophyllum_Scalare_B,29.0,778,475,880,576
G_Matriarche,29.0,726,415,765,434
Pterophyllum_Scalare_B,29.1,806,474,886,574
Pterophyllum_Scalare_W,29.1,750,318,808,375
Ancistrus,29.1,400,655,534,705
Botia_Almorhae,29.1,760,159,875,203
Pterophyllum_Scalare_BB,29.1,586,213,633,296
Pterophyllum_Scalare_YWB,29.1,219,181,295,278
Pterophyllum_Scalare_Y,29.1,1084,137,1137,197
Pterophyllum_Scalare_YWB,29.2,227,182,304,277
Pterophyllum_Scalare_W,29.2,751,315,809,370
Pterophyllum_Scalare_Y,29.2,1080,133,1134,193
Pterophyllum_Scalare_B,29.2,815,472,891,572
Pterophyllum_Scalare_BB,29.2,588,208,634,290
Ancistrus,29.2,402,656,532,705
G_Matriarche,29.2,762,516,834,548
G_Matriarche,29.3,758,513,844,547
Botia_Almorhae,29.3,791,153,901,204
G_Matriarche,29.3,717,401,760,421
Pterophyllum_Scalare_B,29.3,820,468,896,568
Pterophyllum_Scalare_W,29.3,751,311,810,366
Pterophyllum_Scalare_BB,29.3,589,206,637,289
Ancistrus,29.3,401,658,531,706
Pterophyllum_Scalare_Y,29.3,1077,130,1134,190
Pterophyllum_Scalare_YWB,29.3,235,182,312,277
G_Matriarche,29.4,719,395,761,417
Ancistrus,29.4,401,657,531,706
Botia_Almorhae,29.4,799,148,907,203
Pterophyllum_Scalare_B,29.4,822,465,901,560
G_Matriarche,29.4,755,512,842,546
Pterophyllum_Scalare_W,29.4,750,306,810,362
Pterophyllum_Scalare_YWB,29.4,242,182,320,277
Pterophyllum_Scalare_BB,29.4,590,203,639,284
Pterophyllum_Scalare_Y,29.4,1075,129,1131,190
Ancistrus,29.5,401,656,531,706
Pterophyllum_Scalare_BB,29.5,590,201,640,281
Pterophyllum_Scalare_Y,29.5,1071,128,1130,189
Pterophyllum_Scalare_YWB,29.5,247,183,328,277
G_Matriarche,29.5,720,389,757,418
G_Matriarche,29.5,754,510,841,544
Pterophyllum_Scalare_W,29.5,746,301,811,357
Pterophyllum_Scalare_B,29.5,824,464,907,558
Pterophyllum_Scalare_BB,29.6,587,197,642,279
Botia_Almorhae,29.6,797,155,898,216
Pterophyllum_Scalare_W,29.6,744,296,810,353
Ancistrus,29.6,404,656,529,705
Pterophyllum_Scalare_Y,29.6,1070,125,1130,188
Pterophyllum_Scalare_B,29.6,827,458,910,554
Pterophyllum_Scalare_YWB,29.6,254,182,335,277
G_Matriarche,29.6,753,508,841,542
Pterophyllum_Scalare_W,29.7,739,291,810,348
Pterophyllum_Scalare_B,29.7,832,454,912,549
Pterophyllum_Scalare_Y,29.7,1066,125,1128,187
G_Matriarche,29.7,753,506,839,541
Pterophyllum_Scalare_BB,29.7,586,194,645,277
Ancistrus,29.7,404,656,530,705
Pterophyllum_Scalare_YWB,29.7,259,182,340,277
Pterophyllum_Scalare_YWB,29.8,264,181,345,277
Pterophyllum_Scalare_Y,29.8,1064,124,1128,186
Pterophyllum_Scalare_W,29.8,737,286,808,343
Ancistrus,29.8,404,655,529,705
Botia_Almorhae,29.8,794,157,895,217
Pterophyllum_Scalare_BB,29.8,585,191,646,276
Corydoras_Panda,29.8,1119,562,1158,616
G_Matriarche,29.8,754,503,838,541
Pterophyllum_Scalare_B,29.8,838,450,915,541
Pterophyllum_Scalare_B,29.9,842,445,918,534
Botia_Almorhae,29.9,806,155,896,217
Corydoras_Panda,29.9,1030,558,1068,586
Pterophyllum_Scalare_W,29.9,735,280,806,339
Ancistrus,29.9,405,655,527,705
Pterophyllum_Scalare_BB,29.9,583,188,646,276
Pterophyllum_Scalare_Y,29.9,1062,124,1125,186
Pterophyllum_Scalare_YWB,29.9,270,181,350,277
G_Matriarche,29.9,756,500,840,539
Pterophyllum_Scalare_BB,30.0,582,187,647,276
G_Matriarche,30.0,757,496,841,537
Pterophyllum_Scalare_Y,30.0,1059,124,1124,186
Corydoras_Panda,30.0,1125,563,1157,601
Botia_Almorhae,30.0,803,148,900,221
Pterophyllum_Scalare_B,30.0,843,442,924,526
Corydoras_Albinos,30.0,717,631,759,660
Pterophyllum_Scalare_W,30.0,732,277,804,336
Corydoras_Panda,30.0,1028,552,1074,584
Ancistrus,30.0,408,654,525,705
Pterophyllum_Scalare_YWB,30.0,275,179,355,277
G_Matriarche,30.1,758,493,840,535
Pterophyllum_Scalare_Y,30.1,278,178,359,276
Pterophyllum_Scalare_BB,30.1,580,185,647,275
Pterophyllum_Scalare_YWB,30.1,278,178,359,276
Pterophyllum_Scalare_Y,30.1,1058,124,1125,185
Ancistrus,30.1,408,656,523,705
Pterophyllum_Scalare_B,30.1,845,437,927,519
Botia_Almorhae,30.1,808,145,906,220
Pterophyllum_Scalare_W,30.1,731,274,802,332
Corydoras_Panda,30.1,1027,550,1073,585
Pterophyllum_Scalare_BB,30.2,579,183,648,274
Botia_Almorhae,30.2,810,146,907,221
Pterophyllum_Scalare_Y,30.2,1058,124,1124,185
Pterophyllum_Scalare_B,30.2,848,432,932,512
G_Matriarche,30.2,760,490,840,532
Corydoras_Panda,30.2,1026,546,1073,586
Pterophyllum_Scalare_W,30.2,729,270,800,329
Ancistrus,30.2,407,656,523,705
Pterophyllum_Scalare_YWB,30.2,281,176,362,276
Corydoras_Panda,30.3,1026,542,1075,587
Pterophyllum_Scalare_YWB,30.3,283,174,365,276
Ancistrus,30.3,406,654,522,706
Pterophyllum_Scalare_B,30.3,846,427,933,507
Pterophyllum_Scalare_BB,30.3,577,182,644,273
Pterophyllum_Scalare_W,30.3,725,267,796,325
Pterophyllum_Scalare_Y,30.3,1057,125,1123,187
G_Matriarche,30.3,763,486,843,528
Pterophyllum_Scalare_BB,30.4,576,183,643,273
Pterophyllum_Scalare_YWB,30.4,285,171,367,274
Corydoras_Panda,30.4,1027,539,1077,587
G_Matriarche,30.4,765,481,845,524
Pterophyllum_Scalare_Y,30.4,1056,127,1125,188
Pterophyllum_Scalare_W,30.4,721,265,793,322
Ancistrus,30.4,406,653,517,705
Pterophyllum_Scalare_B,30.4,846,419,936,504
Corydoras_Panda,30.5,1026,538,1078,587
Pterophyllum_Scalare_W,30.5,720,262,791,317
Pterophyllum_Scalare_YWB,30.5,287,171,368,274
Pterophyllum_Scalare_B,30.5,852,415,937,499
Ancistrus,30.5,406,653,513,705
G_Matriarche,30.5,767,476,846,519
Pterophyllum_Scalare_BB,30.5,576,183,643,272
Pterophyllum_Scalare_Y,30.5,1057,127,1128,190
Pterophyllum_Scalare_YWB,30.6,288,168,370,274
Pterophyllum_Scalare_B,30.6,855,411,940,494
Corydoras_Panda,30.6,1025,538,1079,585
Ancistrus,30.6,405,652,512,705
Pterophyllum_Scalare_Y,30.6,1059,128,1125,191
Botia_Almorhae,30.6,809,146,892,220
Pterophyllum_Scalare_W,30.6,720,259,790,315
Pterophyllum_Scalare_BB,30.6,575,184,642,272
G_Matriarche,30.6,770,471,849,517
Pterophyllum_Scalare_B,30.7,861,406,945,488
Pterophyllum_Scalare_BB,30.7,575,183,642,272
Pterophyllum_Scalare_Y,30.7,1057,130,1124,192
Pterophyllum_Scalare_YWB,30.7,288,165,371,274
Ancistrus,30.7,405,652,512,706
Corydoras_Panda,30.7,1025,540,1078,586
Pterophyllum_Scalare_W,30.7,719,256,789,313
G_Matriarche,30.7,772,467,853,514
Botia_Almorhae,30.8,798,151,876,221
Ancistrus,30.8,405,653,512,706
G_Matriarche,30.8,773,464,854,510
Pterophyllum_Scalare_W,30.8,719,255,788,310
Pterophyllum_Scalare_YWB,30.8,289,166,373,273
Corydoras_Panda,30.8,1024,542,1077,588
Pterophyllum_Scalare_B,30.8,863,401,947,481
Pterophyllum_Scalare_Y,30.8,1059,130,1130,195
Pterophyllum_Scalare_BB,30.8,575,184,642,272
Pterophyllum_Scalare_Y,30.9,1060,132,1130,197
Pterophyllum_Scalare_B,30.9,863,397,950,474
Ancistrus,30.9,406,653,512,706
Corydoras_Panda,30.9,1024,541,1078,582
Pterophyllum_Scalare_W,30.9,718,252,788,307
Pterophyllum_Scalare_BB,30.9,575,184,643,272
G_Matriarche,30.9,776,460,855,506
Pterophyllum_Scalare_YWB,30.9,288,163,374,271
Pterophyllum_Scalare_YWB,31.0,287,161,374,271
Corydoras_Panda,31.0,1023,542,1076,582
Pterophyllum_Scalare_B,31.0,863,387,956,466
G_Matriarche,31.0,740,427,780,447
Ancistrus,31.0,408,653,512,705
Pterophyllum_Scalare_W,31.0,718,250,787,305
Pterophyllum_Scalare_BB,31.0,576,184,642,272
G_Matriarche,31.0,778,455,859,501
Pterophyllum_Scalare_Y,31.0,1060,134,1131,199
G_Matriarche,31.1,780,453,863,499
Ancistrus,31.1,408,653,512,705
Pterophyllum_Scalare_BB,31.1,577,184,643,270
Pterophyllum_Scalare_B,31.1,866,386,957,463
Corydoras_Panda,31.1,1021,540,1075,583
Pterophyllum_Scalare_YWB,31.1,287,160,375,270
G_Matriarche,31.1,735,428,777,450
Pterophyllum_Scalare_Y,31.1,1062,135,1132,201
Pterophyllum_Scalare_YWB,31.2,286,159,376,269
Pterophyllum_Scalare_W,31.2,716,244,785,300
G_Matriarche,31.2,781,450,866,495
Pterophyllum_Scalare_B,31.2,870,383,960,457
Corydoras_Panda,31.2,1019,541,1069,580
Pterophyllum_Scalare_Y,31.2,1063,138,1135,203
Ancistrus,31.2,408,653,512,706
Pterophyllum_Scalare_BB,31.2,578,183,643,270
Pterophyllum_Scalare_B,31.3,871,378,960,455
Ancistrus,31.3,411,653,512,705
Pterophyllum_Scalare_Y,31.3,1065,141,1137,205
Botia_Striata,31.3,898,649,977,676
Pterophyllum_Scalare_W,31.3,714,242,783,298
G_Matriarche,31.3,783,447,869,492
Corydoras_Panda,31.3,1017,537,1065,584
Pterophyllum_Scalare_BB,31.3,579,181,643,270
Pterophyllum_Scalare_YWB,31.3,286,157,377,269
Botia_Striata,31.4,895,647,979,675
Pterophyllum_Scalare_Y,31.4,1067,143,1139,207
Ancistrus,31.4,411,653,511,705
Corydoras_Panda,31.4,1015,533,1063,584
Pterophyllum_Scalare_YWB,31.4,289,155,378,268
G_Matriarche,31.4,785,445,872,488
Pterophyllum_Scalare_W,31.4,711,240,782,296
Pterophyllum_Scalare_B,31.4,875,375,962,454
Pterophyllum_Scalare_BB,31.4,584,181,645,269
Botia_Striata,31.5,895,647,980,675
G_Matriarche,31.5,786,444,875,486
Pterophyllum_Scalare_BB,31.5,583,181,648,268
Pterophyllum_Scalare_B,31.5,875,369,963,451
Corydoras_Panda,31.5,1015,530,1061,583
Ancistrus,31.5,411,652,512,705
Pterophyllum_Scalare_W,31.5,709,240,781,296
Pterophyllum_Scalare_Y,31.5,1070,146,1140,209
Pterophyllum_Scalare_YWB,31.5,295,155,381,268
Corydoras_Panda,31.6,1016,529,1060,582
Pterophyllum_Scalare_W,31.6,707,240,778,296
Ancistrus,31.6,411,652,511,706
G_Matriarche,31.6,788,443,877,483
Botia_Striata,31.6,894,646,981,675
Pterophyllum_Scalare_BB,31.6,579,180,650,268
Pterophyllum_Scalare_YWB,31.6,296,156,384,267
Pterophyllum_Scalare_Y,31.6,1073,149,1144,211
Pterophyllum_Scalare_B,31.6,880,366,965,448
Pterophyllum_Scalare_YWB,31.7,297,157,388,267
Botia_Striata,31.7,893,645,982,675
Pterophyllum_Scalare_B,31.7,882,364,968,446
Pterophyllum_Scalare_W,31.7,705,241,776,297
Corydoras_Panda,31.7,1015,531,1059,581
Pterophyllum_Scalare_BB,31.7,577,177,653,268
G_Matriarche,31.7,790,443,877,480
Ancistrus,31.7,413,652,511,705
Pterophyllum_Scalare_Y,31.7,1075,151,1146,213
Pterophyllum_Scalare_YWB,31.8,298,160,392,268
G_Matriarche,31.8,789,442,877,478
Pterophyllum_Scalare_Y,31.8,1078,155,1148,216
Ancistrus,31.8,414,652,510,704
Pterophyllum_Scalare_B,31.8,885,358,967,443
Corydoras_Panda,31.8,1014,528,1057,582
Botia_Striata,31.8,894,645,982,675
Pterophyllum_Scalare_W,31.8,704,241,774,297
Pterophyllum_Scalare_BB,31.8,575,175,656,269
Ancistrus,31.9,414,651,511,703
Corydoras_Panda,31.9,1014,531,1059,581
Pterophyllum_Scalare_Y,31.9,1080,158,1150,218
G_Matriarche,31.9,794,442,879,477
Pterophyllum_Scalare_BB,31.9,575,173,657,270
Pterophyllum_Scalare_B,31.9,888,354,970,436
Pterophyllum_Scalare_YWB,31.9,299,161,395,269
Pterophyllum_Scalare_W,31.9,703,241,773,298
Botia_Striata,31.9,896,645,976,676
Corydoras_Panda,32.0,1014,534,1061,581
Ancistrus,32.0,414,651,509,704
Pterophyllum_Scalare_Y,32.0,1083,160,1153,220
Pterophyllum_Scalare_B,32.0,888,350,965,430
G_Matriarche,32.0,797,443,880,478
Botia_Striata,32.0,899,645,976,678
Pterophyllum_Scalare_YWB,32.0,302,163,397,270
Pterophyllum_Scalare_BB,32.0,575,171,658,268
Pterophyllum_Scalare_W,32.0,702,241,773,298
Pterophyllum_Scalare_BB,32.1,579,171,661,267
Pterophyllum_Scalare_B,32.1,894,347,966,427
Pterophyllum_Scalare_W,32.1,703,242,772,298
Ancistrus,32.1,412,650,511,704
Corydoras_Panda,32.1,1014,533,1060,580
G_Matriarche,32.1,795,443,881,478
Pterophyllum_Scalare_Y,32.1,1087,162,1155,220
Pterophyllum_Scalare_YWB,32.1,305,165,400,269
Botia_Striata,32.1,899,645,977,677
G_Matriarche,32.2,795,443,881,479
Botia_Striata,32.2,898,644,978,677
Pterophyllum_Scalare_YWB,32.2,308,167,402,270
Pterophyllum_Scalare_B,32.2,895,342,966,422
Ancistrus,32.2,412,649,508,704
Corydoras_Panda,32.2,1014,535,1060,581
Pterophyllum_Scalare_Y,32.2,1088,164,1156,220
Pterophyllum_Scalare_W,32.2,703,243,771,299
Pterophyllum_Scalare_BB,32.2,581,170,665,267
Pterophyllum_Scalare_Y,32.3,1090,166,1157,221
Pterophyllum_Scalare_B,32.3,901,339,969,418
Pterophyllum_Scalare_YWB,32.3,309,167,405,270
Pterophyllum_Scalare_BB,32.3,586,170,670,267
Ancistrus,32.3,411,647,503,703
Corydoras_Panda,32.3,1014,536,1060,582
G_Matriarche,32.3,795,444,883,480
Pterophyllum_Scalare_W,32.3,703,243,771,299
Ancistrus,32.4,409,647,497,703
Pterophyllum_Scalare_B,32.4,903,334,966,411
G_Matriarche,32.4,795,444,882,481
Pterophyllum_Scalare_W,32.4,703,243,771,298
Pterophyllum_Scalare_Y,32.4,1091,167,1158,223
Corydoras_Panda,32.4,1014,539,1064,580
Pterophyllum_Scalare_BB,32.4,590,170,673,267
Pterophyllum_Scalare_YWB,32.4,313,168,409,270
Pterophyllum_Scalare_YWB,32.5,317,169,414,271
Pterophyllum_Scalare_BB,32.5,596,169,677,266
Ancistrus,32.5,407,647,497,703
Pterophyllum_Scalare_W,32.5,703,243,770,298
Corydoras_Panda,32.5,1013,542,1062,583
Pterophyllum_Scalare_W,32.5,1093,168,1159,224
G_Matriarche,32.5,796,444,883,481
Pterophyllum_Scalare_B,32.5,908,329,968,408
Ancistrus,32.6,409,647,498,703
Pterophyllum_Scalare_W,32.6,702,242,770,297
Corydoras_Panda,32.6,1013,541,1061,582
Pterophyllum_Scalare_W,32.6,1093,168,1159,224
Pterophyllum_Scalare_BB,32.6,602,168,680,265
Pterophyllum_Scalare_YWB,32.6,320,170,417,269
Pterophyllum_Scalare_B,32.6,909,325,969,403
G_Matriarche,32.6,797,443,882,480
Pterophyllum_Scalare_B,32.7,910,324,970,401
G_Matriarche,32.7,796,442,882,479
Pterophyllum_Scalare_YWB,32.7,324,172,419,268
Pterophyllum_Scalare_BB,32.7,606,167,683,264
Corydoras_Panda,32.7,1013,541,1061,583
Pterophyllum_Scalare_W,32.7,1094,168,1159,224
Ancistrus,32.7,410,648,498,703
Pterophyllum_Scalare_W,32.7,702,241,770,297
Pterophyllum_Scalare_BB,32.8,609,166,686,263
Pterophyllum_Scalare_YWB,32.8,326,173,422,268
Corydoras_Panda,32.8,1013,542,1064,581
Pterophyllum_Scalare_B,32.8,913,322,964,397
Pterophyllum_Scalare_W,32.8,1095,169,1159,224
Pterophyllum_Scalare_W,32.8,702,240,770,295
Ancistrus,32.8,410,648,498,703
G_Matriarche,32.8,797,441,881,477
Pterophyllum_Scalare_W,32.9,1095,169,1158,225
Corydoras_Panda,32.9,1014,542,1064,579
G_Matriarche,32.9,798,441,878,476
Ancistrus,32.9,411,647,498,704
Pterophyllum_Scalare_W,32.9,702,239,770,294
Pterophyllum_Scalare_B,32.9,914,320,963,395
Pterophyllum_Scalare_BB,32.9,612,166,688,261
Pterophyllum_Scalare_YWB,32.9,328,174,424,269
Pterophyllum_Scalare_BB,33.0,616,166,693,260
Pterophyllum_Scalare_YWB,33.0,331,175,428,269
Pterophyllum_Scalare_W,33.0,703,239,770,293
Pterophyllum_Scalare_B,33.0,915,319,963,394
Ancistrus,33.0,411,647,498,704
Corydoras_Panda,33.0,1013,543,1060,580
G_Matriarche,33.0,796,440,874,475
G_Matriarche,33.1,798,440,869,475
Pterophyllum_Scalare_B,33.1,917,317,963,388
Pterophyllum_Scalare_W,33.1,1094,170,1158,226
Ancistrus,33.1,411,648,498,704
Corydoras_Panda,33.1,1013,542,1059,580
Botia_Striata,33.1,929,646,978,677
Pterophyllum_Scalare_BB,33.1,622,165,697,258
Pterophyllum_Scalare_YWB,33.1,335,177,431,269
Pterophyllum_Scalare_W,33.1,704,238,770,294
Corydoras_Panda,33.1,1113,534,1145,588
Corydoras_Panda,33.2,1113,532,1144,588
Corydoras_Panda,33.2,1014,537,1059,581
Pterophyllum_Scalare_W,33.2,705,238,770,293
Pterophyllum_Scalare_YWB,33.2,337,179,434,270
Pterophyllum_Scalare_W,33.2,1094,169,1158,225
Pterophyllum_Scalare_B,33.2,919,314,962,387
Botia_Striata,33.2,924,646,978,674
G_Matriarche,33.2,794,437,862,476
Pterophyllum_Scalare_BB,33.2,626,165,700,257
Ancistrus,33.2,411,648,497,704
G_Matriarche,33.3,787,431,855,473
Pterophyllum_Scalare_B,33.3,918,314,964,382
Pterophyllum_Scalare_BB,33.3,630,165,703,255
Ancistrus,33.3,411,648,497,704
Pterophyllum_Scalare_YWB,33.3,338,179,437,271
Pterophyllum_Scalare_W,33.3,705,238,770,292
Corydoras_Panda,33.3,1012,544,1057,577
Pterophyllum_Scalare_Y,33.3,1096,166,1160,226
Ancistrus,33.4,410,649,497,704
Pterophyllum_Scalare_W,33.4,705,238,770,291
Pterophyllum_Scalare_B,33.4,917,312,961,382
Corydoras_Panda,33.4,1101,538,1149,574
Corydoras_Panda,33.4,1012,537,1060,580
Pterophyllum_Scalare_YWB,33.4,340,180,440,273
G_Matriarche,33.4,775,420,851,472
Pterophyllum_Scalare_Y,33.4,1097,163,1158,225
Pterophyllum_Scalare_BB,33.4,632,164,705,254
Corydoras_Panda,33.5,1008,543,1056,574
G_Matriarche,33.5,766,405,845,467
Pterophyllum_Scalare_YWB,33.5,344,181,442,273
Pterophyllum_Scalare_BB,33.5,634,163,706,253
Ancistrus,33.5,408,648,495,703
Pterophyllum_Scalare_Y,33.5,1098,162,1159,224
Corydoras_Panda,33.5,1097,538,1150,571
Pterophyllum_Scalare_B,33.5,916,311,962,377
Pterophyllum_Scalare_W,33.6,705,239,769,293
Corydoras_Panda,33.6,1005,537,1058,573
Pterophyllum_Scalare_YWB,33.6,347,181,446,273
Pterophyllum_Scalare_BB,33.6,636,162,708,252
G_Matriarche,33.6,752,379,821,451
Pterophyllum_Scalare_B,33.6,915,308,963,378
Ancistrus,33.6,408,646,491,703
Pterophyllum_Scalare_Y,33.6,1098,161,1160,224
Pterophyllum_Scalare_B,33.7,915,306,960,380
Corydoras_Panda,33.7,1004,537,1057,573
G_Matriarche,33.7,747,359,804,428
Botia_Striata,33.7,903,645,980,674
Pterophyllum_Scalare_BB,33.7,637,163,709,251
Pterophyllum_Scalare_YWB,33.7,352,181,450,275
Ancistrus,33.7,408,647,490,702
Pterophyllum_Scalare_Y,33.7,1099,160,1161,222
G_Matriarche,33.8,740,339,797,420
Botia_Almorhae,33.8,768,167,830,228
Pterophyllum_Scalare_YWB,33.8,356,182,457,277
Ancistrus,33.8,407,646,490,703
Pterophyllum_Scalare_BB,33.8,637,162,709,251
Pterophyllum_Scalare_Y,33.8,1099,159,1161,221
Botia_Striata,33.8,903,645,984,675
Corydoras_Panda,33.8,1107,537,1153,572
Pterophyllum_Scalare_W,33.8,705,239,769,293
Pterophyllum_Scalare_B,33.8,916,303,958,378
Corydoras_Panda,33.8,1003,537,1056,572
Pterophyllum_Scalare_YWB,33.9,367,183,465,277
Botia_Striata,33.9,901,646,983,675
Pterophyllum_Scalare_Y,33.9,1100,158,1162,221
Corydoras_Panda,33.9,1002,536,1056,571
Pterophyllum_Scalare_B,33.9,916,299,960,374
Pterophyllum_Scalare_BB,33.9,637,161,709,250
Corydoras_Panda,33.9,1107,537,1154,577
Ancistrus,33.9,405,644,490,702
Pterophyllum_Scalare_W,33.9,704,239,768,293
Botia_Striata,34.0,901,646,982,676
Pterophyllum_Scalare_B,34.0,915,295,958,366
Pterophyllum_Scalare_Y,34.0,1100,157,1162,219
Pterophyllum_Scalare_YWB,34.0,371,184,472,278
Pterophyllum_Scalare_W,34.0,703,239,767,294
Corydoras_Panda,34.0,999,536,1052,572
Pterophyllum_Scalare_BB,34.0,637,160,708,248
Corydoras_Panda,34.0,1111,541,1153,583
Ancistrus,34.0,403,644,489,702
G_Matriarche,34.1,722,292,788,359
Pterophyllum_Scalare_BB,34.1,636,160,707,247
Pterophyllum_Scalare_YWB,34.1,377,185,479,278
Corydoras_Panda,34.1,996,536,1049,572
G_Matriarche,34.1,819,358,854,389
Pterophyllum_Scalare_B,34.1,915,291,956,374
Corydoras_Panda,34.1,1116,542,1154,589
Ancistrus,34.1,403,643,491,700
Pterophyllum_Scalare_Y,34.1,1101,156,1161,219
Pterophyllum_Scalare_W,34.1,702,239,765,294
Botia_Striata,34.1,901,645,981,677
Pterophyllum_Scalare_W,34.2,701,241,763,296
Corydoras_Panda,34.2,996,535,1045,572
Ancistrus,34.2,405,641,490,698
G_Matriarche,34.2,717,283,787,342
Corydoras_Panda,34.2,1118,543,1152,596
Botia_Striata,34.2,901,646,984,677
Pterophyllum_Scalare_Y,34.2,1102,155,1162,218
Pterophyllum_Scalare_B,34.2,915,285,957,360
Pterophyllum_Scalare_BB,34.2,635,159,706,246
Pterophyllum_Scalare_YWB,34.2,384,185,484,279
Botia_Almorhae,34.3,783,189,816,250
Corydoras_Panda,34.3,1121,549,1151,600
Botia_Striata,34.3,901,646,985,678
Corydoras_Panda,34.3,995,536,1043,572
G_Matriarche,34.3,711,274,782,328
Pterophyllum_Scalare_BB,34.3,634,159,705,246
Ancistrus,34.3,405,639,493,692
G_Matriarche,34.3,813,337,850,370
Pterophyllum_Scalare_B,34.3,916,279,955,354
Pterophyllum_Scalare_YWB,34.3,391,187,490,281
Pterophyllum_Scalare_Y,34.3,1103,155,1163,218
Pterophyllum_Scalare_B,34.4,915,275,956,349
Pterophyllum_Scalare_Y,34.4,1104,153,1163,216
G_Matriarche,34.4,809,323,847,359
Corydoras_Panda,34.4,993,535,1040,572
G_Matriarche,34.4,700,257,778,318
Botia_Striata,34.4,901,646,983,678
Pterophyllum_Scalare_BB,34.4,633,159,703,244
Pterophyllum_Scalare_YWB,34.4,398,188,497,280
Ancistrus,34.4,413,640,483,690
Pterophyllum_Scalare_Y,34.5,1105,152,1164,216
Botia_Striata,34.5,901,646,977,679
Pterophyllum_Scalare_B,34.5,914,269,956,346
Pterophyllum_Scalare_YWB,34.5,406,189,503,279
Corydoras_Panda,34.5,991,535,1037,572
G_Matriarche,34.5,696,248,774,310
Botia_Striata,34.5,418,641,484,685
Pterophyllum_Scalare_BB,34.5,631,158,701,244
G_Matriarche,34.5,805,312,844,347
Corydoras_Panda,34.5,1122,554,1153,600
Ancistrus,34.6,424,638,491,689
Pterophyllum_Scalare_Y,34.6,1106,152,1165,215
G_Matriarche,34.6,693,244,769,303
Botia_Striata,34.6,900,646,975,679
Pterophyllum_Scalare_BB,34.6,629,157,700,242
Pterophyllum_Scalare_B,34.6,916,267,957,337
Pterophyllum_Scalare_YWB,34.6,419,194,518,277
Pterophyllum_Scalare_BB,34.7,627,157,698,241
Pterophyllum_Scalare_B,34.7,917,261,957,331
Botia_Striata,34.7,899,646,979,679
Pterophyllum_Scalare_YWB,34.7,432,198,530,275
Ancistrus,34.7,427,639,497,685
Pterophyllum_Scalare_Y,34.7,1108,154,1166,216
G_Matriarche,34.7,693,239,772,290
Botia_Striata,34.8,899,647,974,679
G_Matriarche,34.8,690,234,771,280
Pterophyllum_Scalare_BB,34.8,625,157,696,241
Pterophyllum_Scalare_Y,34.8,1110,156,1168,217
Pterophyllum_Scalare_YWB,34.8,446,201,542,276
Ancistrus,34.8,435,639,504,687
Corydoras_Panda,34.8,991,529,1032,570
Pterophyllum_Scalare_B,34.8,915,255,958,330
Botia_Striata,34.9,897,647,980,681
Pterophyllum_Scalare_Y,34.9,1110,158,1168,218
Ancistrus,34.9,436,639,509,685
Corydoras_Panda,34.9,990,530,1035,571
G_Matriarche,34.9,688,228,768,271
Pterophyllum_Scalare_BB,34.9,623,156,695,240
Pterophyllum_Scalare_YWB,34.9,461,205,559,277
Pterophyllum_Scalare_W,34.9,683,259,740,311
Pterophyllum_Scalare_B,34.9,916,245,959,319
Pterophyllum_Scalare_BB,35.0,625,155,696,239
Pterophyllum_Scalare_B,35.0,920,243,958,311
Corydoras_Panda,35.0,991,529,1034,569
Ancistrus,35.0,436,639,507,685
G_Matriarche,35.0,688,223,767,264
Pterophyllum_Scalare_Y,35.0,1111,158,1168,218
Pterophyllum_Scalare_YWB,35.0,476,209,574,278
Botia_Striata,35.0,899,648,975,681
Pterophyllum_Scalare_W,35.0,682,258,738,313
Pterophyllum_Scalare_YWB,35.1,494,214,591,281
Pterophyllum_Scalare_BB,35.1,633,154,699,239
Pterophyllum_Scalare_B,35.1,918,236,962,312
Pterophyllum_Scalare_Y,35.1,1110,160,1168,219
Pterophyllum_Scalare_W,35.1,681,254,737,313
G_Matriarche,35.1,688,218,767,258
Botia_Striata,35.1,899,649,955,681
Ancistrus,35.1,437,638,506,685
Botia_Striata,35.2,898,649,968,682
Pterophyllum_Scalare_BB,35.2,634,154,702,241
Pterophyllum_Scalare_W,35.2,684,252,735,314
Pterophyllum_Scalare_B,35.2,919,234,963,306
Corydoras_Panda,35.2,991,530,1035,569
Pterophyllum_Scalare_YWB,35.2,512,219,608,283
Ancistrus,35.2,437,637,507,685
G_Matriarche,35.2,689,215,768,253
Pterophyllum_Scalare_Y,35.2,1109,161,1168,222
Ancistrus,35.3,438,637,507,685
Pterophyllum_Scalare_B,35.3,920,232,965,302
Pterophyllum_Scalare_BB,35.3,641,155,705,232
Pterophyllum_Scalare_Y,35.3,1107,162,1167,225
Botia_Striata,35.3,898,650,965,681
Corydoras_Panda,35.3,992,535,1036,570
G_Matriarche,35.3,683,210,756,244
Pterophyllum_Scalare_YWB,35.3,528,222,624,284
Corydoras_Panda,35.4,990,540,1040,570
Pterophyllum_Scalare_Y,35.4,1105,163,1165,226
Pterophyllum_Scalare_YWB,35.4,548,224,642,286
Pterophyllum_Scalare_B,35.4,919,229,965,295
Botia_Striata,35.4,899,651,960,683
G_Matriarche,35.4,673,207,756,240
Pterophyllum_Scalare_W,35.4,690,255,734,318
Pterophyllum_Scalare_BB,35.4,650,156,710,215
Ancistrus,35.4,437,637,506,684
Pterophyllum_Scalare_Y,35.5,1104,164,1165,228
G_Matriarche,35.5,656,201,746,241
Pterophyllum_Scalare_BB,35.5,657,158,715,210
Botia_Striata,35.5,900,653,953,683
Ancistrus,35.5,436,638,505,684
Pterophyllum_Scalare_B,35.5,922,226,968,301
Corydoras_Panda,35.5,990,538,1045,570
Pterophyllum_Scalare_YWB,35.5,564,227,657,286
Pterophyllum_Scalare_Y,35.6,694,255,734,320
G_Matriarche,35.6,653,192,734,249
Corydoras_Panda,35.6,991,539,1044,570
Botia_Striata,35.6,900,654,952,684
Pterophyllum_Scalare_B,35.6,920,225,969,300
Pterophyllum_Scalare_YWB,35.6,583,229,677,287
Pterophyllum_Scalare_Y,35.6,1103,166,1164,229
Ancistrus,35.6,437,637,507,684
Pterophyllum_Scalare_B,35.7,922,220,968,298
Pterophyllum_Scalare_Y,35.7,697,255,733,319
G_Matriarche,35.7,641,186,726,221
Corydoras_Panda,35.7,990,539,1045,569
Botia_Striata,35.7,899,655,952,684
Ancistrus,35.7,438,637,507,684
Pterophyllum_Scalare_Y,35.7,1104,166,1163,230
Pterophyllum_Scalare_YWB,35.7,604,232,692,288
Botia_Striata,35.8,899,655,950,685
Pterophyllum_Scalare_BB,35.8,691,158,738,251
Pterophyllum_Scalare_YWB,35.8,623,232,701,288
G_Matriarche,35.8,636,179,705,216
Corydoras_Panda,35.8,1120,554,1160,592
Pterophyllum_Scalare_Y,35.8,1103,167,1162,232
Ancistrus,35.8,438,636,505,682
Corydoras_Panda,35.8,990,540,1044,568
Corydoras_Panda,35.9,1121,550,1159,596
Botia_Striata,35.9,899,654,951,684
Pterophyllum_Scalare_YWB,35.9,641,233,731,290
G_Matriarche,35.9,630,172,704,209
Pterophyllum_Scalare_B,35.9,921,217,972,287
Pterophyllum_Scalare_Y,35.9,1103,168,1160,234
Ancistrus,35.9,439,636,505,683
Pterophyllum_Scalare_Y,36.0,1102,169,1157,236
Pterophyllum_Scalare_B,36.0,920,217,979,294
Corydoras_Panda,36.0,1122,543,1161,597
Botia_Striata,36.0,897,655,951,684
Pterophyllum_Scalare_YWB,36.0,657,235,745,318
G_Matriarche,36.0,623,164,691,202
Ancistrus,36.0,442,636,506,679
Pterophyllum_Scalare_BB,36.0,715,183,769,248
Pterophyllum_Scalare_BB,36.1,714,183,781,248
Pterophyllum_Scalare_Y,36.1,1102,169,1157,237
Botia_Striata,36.1,894,655,950,682
Pterophyllum_Scalare_B,36.1,434,501,498,566
Pterophyllum_Scalare_YWB,36.1,673,235,762,319
G_Matriarche,36.1,615,157,686,196
Corydoras_Panda,36.1,1122,543,1160,596
Ancistrus,36.1,440,636,505,680
Pterophyllum_Scalare_B,36.1,924,217,991,294
Ancistrus,36.2,439,636,505,680
Corydoras_Panda,36.2,990,539,1035,566
Pterophyllum_Scalare_B,36.2,931,212,1007,303
Corydoras_Panda,36.2,1119,541,1161,594
Pterophyllum_Scalare_Y,36.2,1102,170,1155,238
G_Matriarche,36.2,613,150,674,190
Pterophyllum_Scalare_B,36.2,432,501,496,567
Pterophyllum_Scalare_YWB,36.2,693,239,774,318
Pterophyllum_Scalare_BB,36.2,722,186,793,248
Pterophyllum_Scalare_Y,36.3,698,254,731,318
Corydoras_Panda,36.3,1122,539,1160,593
Pterophyllum_Scalare_YWB,36.3,724,241,801,299
Pterophyllum_Scalare_Y,36.3,1103,169,1154,241
G_Matriarche,36.3,604,146,668,180
Pterophyllum_Scalare_BB,36.3,732,185,804,248
Pterophyllum_Scalare_B,36.3,954,217,1030,316
Ancistrus,36.3,440,635,505,681
Ancistrus,36.4,439,635,505,681
Pterophyllum_Scalare_BB,36.4,740,185,811,249
Pterophyllum_Scalare_YWB,36.4,746,239,837,303
Corydoras_Panda,36.4,1119,538,1160,594
Pterophyllum_Scalare_Y,36.4,1104,169,1153,241
G_Matriarche,36.4,600,140,665,180
Pterophyllum_Scalare_B,36.4,974,219,1048,315
Pterophyllum_Scalare_Y,36.4,697,252,734,317
Pterophyllum_Scalare_B,36.5,986,219,1064,322
Corydoras_Panda,36.5,1123,536,1161,588
Ancistrus,36.5,440,635,505,681
Pterophyllum_Scalare_YWB,36.5,767,242,859,305
G_Matriarche,36.5,598,137,666,184
Pterophyllum_Scalare_BB,36.5,748,186,819,263
Pterophyllum_Scalare_Y,36.5,1105,168,1153,242
Corydoras_Panda,36.6,1122,534,1161,585
Ancistrus,36.6,440,636,505,681
Pterophyllum_Scalare_B,36.6,998,225,1076,329
Corydoras_Panda,36.6,991,541,1032,563
Pterophyllum_Scalare_W,36.6,697,252,736,317
Pterophyllum_Scalare_YWB,36.6,788,241,875,308
G_Matriarche,36.6,604,138,661,188
Pterophyllum_Scalare_BB,36.6,756,186,826,269
Pterophyllum_Scalare_Y,36.6,1106,168,1152,243
Ancistrus,36.7,440,635,506,682
Pterophyllum_Scalare_Y,36.7,1108,167,1152,241
Pterophyllum_Scalare_YWB,36.7,822,244,906,313
Pterophyllum_Scalare_B,36.7,1012,235,1091,335
Pterophyllum_Scalare_W,36.7,696,251,737,317
Corydoras_Panda,36.7,1122,533,1159,587
Pterophyllum_Scalare_BB,36.7,763,187,834,277
Pterophyllum_Scalare_YWB,36.8,847,248,940,322
Pterophyllum_Scalare_Y,36.8,847,248,940,323
Corydoras_Panda,36.8,1123,527,1159,585
Ancistrus,36.8,440,635,505,682
Pterophyllum_Scalare_W,36.8,696,250,737,317
Pterophyllum_Scalare_Y,36.8,1110,166,1153,243
Pterophyllum_Scalare_BB,36.8,770,188,844,280
Pterophyllum_Scalare_B,36.8,1023,241,1104,344
Corydoras_Panda,36.9,1125,525,1158,590
Pterophyllum_Scalare_Y,36.9,884,258,977,334
Pterophyllum_Scalare_BB,36.9,775,188,850,281
G_Matriarche,36.9,581,157,655,218
Pterophyllum_Scalare_W,36.9,696,249,738,317
Pterophyllum_Scalare_B,36.9,1042,251,1122,352
Ancistrus,36.9,439,635,505,682
Pterophyllum_Scalare_Y,36.9,1112,164,1154,242
G_Matriarche,37.0,576,164,646,229
Pterophyllum_Scalare_W,37.0,695,249,739,318
Pterophyllum_Scalare_BB,37.0,783,189,852,279
Ancistrus,37.0,439,635,506,682
Pterophyllum_Scalare_B,37.0,1061,260,1138,361
Pterophyllum_Scalare_YWB,37.0,928,266,1012,344
Corydoras_Panda,37.0,1126,523,1157,585
Pterophyllum_Scalare_Y,37.0,1113,162,1154,241
Pterophyllum_Scalare_W,37.1,695,249,740,317
Pterophyllum_Scalare_YWB,37.1,949,275,1043,357
Ancistrus,37.1,439,635,506,682
G_Matriarche,37.1,574,172,646,234
Pterophyllum_Scalare_BB,37.1,797,192,855,277
Pterophyllum_Scalare_B,37.1,1077,269,1147,373
Pterophyllum_Scalare_Y,37.1,1114,161,1154,243
Pterophyllum_Scalare_Y,37.2,1116,161,1154,242
Pterophyllum_Scalare_YWB,37.2,987,286,1073,374
Pterophyllum_Scalare_B,37.2,436,501,490,563
Botia_Almorhae,37.2,1129,517,1157,590
G_Matriarche,37.2,565,178,639,243
Pterophyllum_Scalare_BB,37.2,808,194,860,277
Ancistrus,37.2,439,633,506,682
Pterophyllum_Scalare_B,37.2,1102,282,1145,381
Pterophyllum_Scalare_W,37.2,695,249,740,318
Ancistrus,37.3,440,632,506,680
Pterophyllum_Scalare_YWB,37.3,1011,290,1096,390
Pterophyllum_Scalare_W,37.3,694,248,741,318
Pterophyllum_Scalare_BB,37.3,815,197,862,278
Pterophyllum_Scalare_B,37.3,1106,292,1145,388
G_Matriarche,37.3,556,190,635,248
Pterophyllum_Scalare_Y,37.3,1117,159,1154,242
Pterophyllum_Scalare_B,37.4,1095,306,1141,404
Pterophyllum_Scalare_YWB,37.4,1032,299,1102,400
Pterophyllum_Scalare_W,37.4,694,248,741,318
G_Matriarche,37.4,549,210,628,251
Ancistrus,37.4,441,632,505,678
Pterophyllum_Scalare_BB,37.4,819,206,864,280
Pterophyllum_Scalare_Y,37.4,1119,159,1155,241
Pterophyllum_Scalare_BB,37.5,820,209,866,283
Pterophyllum_Scalare_W,37.5,694,248,742,317
Pterophyllum_Scalare_Y,37.5,1120,158,1156,241
G_Matriarche,37.5,537,213,622,251
Pterophyllum_Scalare_YWB,37.5,1046,305,1125,419
Corydoras_Albinos,37.5,714,631,751,665
Pterophyllum_Scalare_B,37.5,1046,303,1126,421
Ancistrus,37.5,440,633,505,678
Corydoras_Albinos,37.6,716,631,754,663
Corydoras_Panda,37.6,1120,514,1150,574
Pterophyllum_Scalare_YWB,37.6,1055,309,1130,396
Ancistrus,37.6,440,633,505,679
Pterophyllum_Scalare_Y,37.6,1121,158,1157,239
Pterophyllum_Scalare_BB,37.6,824,203,866,286
Pterophyllum_Scalare_W,37.6,693,248,742,318
G_Matriarche,37.6,529,212,606,251
Pterophyllum_Scalare_B,37.7,1034,354,1095,445
Ancistrus,37.7,440,632,505,679
Corydoras_Albinos,37.7,716,631,754,662
Pterophyllum_Scalare_YWB,37.7,1064,311,1134,401
Pterophyllum_Scalare_W,37.7,693,248,742,318
G_Matriarche,37.7,517,209,586,250
Pterophyllum_Scalare_Y,37.7,1121,158,1156,239
Pterophyllum_Scalare_BB,37.7,827,201,870,289
Corydoras_Albinos,37.8,716,631,755,661
Corydoras_Panda,37.8,1110,513,1153,570
Pterophyllum_Scalare_YWB,37.8,1064,310,1137,401
G_Matriarche,37.8,507,204,583,244
Pterophyllum_Scalare_B,37.8,1020,353,1088,460
Pterophyllum_Scalare_W,37.8,692,248,742,318
Pterophyllum_Scalare_Y,37.8,1121,161,1156,241
Ancistrus,37.8,440,632,505,679
Pterophyllum_Scalare_BB,37.8,831,202,876,295
Ancistrus,37.9,442,633,505,678
Corydoras_Albinos,37.9,716,631,753,661
Pterophyllum_Scalare_W,37.9,692,248,741,318
Pterophyllum_Scalare_B,37.9,1009,362,1082,471
G_Matriarche,37.9,495,200,568,241
Pterophyllum_Scalare_BB,37.9,836,203,878,297
Pterophyllum_Scalare_Y,37.9,1121,162,1156,241
Pterophyllum_Scalare_YWB,37.9,1066,309,1138,398
G_Matriarche,38.0,482,195,568,239
Pterophyllum_Scalare_W,38.0,691,248,741,318
Pterophyllum_Scalare_BB,38.0,839,225,882,298
Corydoras_Albinos,38.0,716,631,753,661
Pterophyllum_Scalare_YWB,38.0,1065,309,1138,398
Pterophyllum_Scalare_Y,38.0,1120,161,1156,240
Pterophyllum_Scalare_B,38.0,1001,367,1075,478
Ancistrus,38.0,441,633,505,678
Corydoras_Albinos,38.1,717,631,753,660
Pterophyllum_Scalare_BB,38.1,842,218,879,299
Pterophyllum_Scalare_W,38.1,691,248,742,319
Pterophyllum_Scalare_B,38.1,994,374,1069,485
Pterophyllum_Scalare_YWB,38.1,1066,309,1138,399
Ancistrus,38.1,440,632,505,679
G_Matriarche,38.1,472,192,562,231
Pterophyllum_Scalare_Y,38.1,1120,161,1156,242
Pterophyllum_Scalare_W,38.2,690,248,741,319
Pterophyllum_Scalare_YWB,38.2,1065,310,1138,397
Pterophyllum_Scalare_B,38.2,986,380,1063,492
Ancistrus,38.2,443,632,510,678
G_Matriarche,38.2,465,190,547,227
Corydoras_Albinos,38.2,717,631,758,659
Pterophyllum_Scalare_BB,38.2,841,214,878,297
Pterophyllum_Scalare_Y,38.2,1120,161,1157,243
Corydoras_Albinos,38.3,717,631,758,659
Pterophyllum_Scalare_Y,38.3,1120,160,1156,242
Pterophyllum_Scalare_BB,38.3,838,214,878,297
Pterophyllum_Scalare_YWB,38.3,1064,310,1137,396
Pterophyllum_Scalare_B,38.3,978,385,1058,496
Ancistrus,38.3,443,632,512,679
Pterophyllum_Scalare_W,38.3,690,248,741,319
G_Matriarche,38.3,456,187,525,227
G_Matriarche,38.4,451,186,518,219
Ancistrus,38.4,442,632,513,679
Pterophyllum_Scalare_Y,38.4,1120,161,1155,244
Pterophyllum_Scalare_B,38.4,976,389,1052,501
Pterophyllum_Scalare_BB,38.4,836,216,877,297
Pterophyllum_Scalare_YWB,38.4,1062,309,1136,398
Pterophyllum_Scalare_W,38.4,689,248,740,319
Pterophyllum_Scalare_YWB,38.5,1061,309,1134,397
Pterophyllum_Scalare_B,38.5,972,394,1045,505
Ancistrus,38.5,440,633,514,679
Pterophyllum_Scalare_Y,38.5,1120,162,1155,245
Pterophyllum_Scalare_W,38.5,688,247,739,319
Pterophyllum_Scalare_BB,38.5,834,218,877,299
Pterophyllum_Scalare_W,38.6,687,247,739,319
Pterophyllum_Scalare_B,38.6,966,398,1041,510
Pterophyllum_Scalare_YWB,38.6,1060,309,1132,397
Ancistrus,38.6,440,632,515,679
Pterophyllum_Scalare_BB,38.6,832,219,875,300
Pterophyllum_Scalare_Y,38.6,1120,160,1154,244
Corydoras_Albinos,38.6,717,631,757,660
Ancistrus,38.7,442,632,515,678
Corydoras_Albinos,38.7,717,631,758,660
Pterophyllum_Scalare_YWB,38.7,1056,308,1130,397
Pterophyllum_Scalare_W,38.7,686,247,739,319
Pterophyllum_Scalare_B,38.7,964,401,1036,515
Pterophyllum_Scalare_BB,38.7,830,219,874,301
Pterophyllum_Scalare_Y,38.7,1120,160,1154,243
Pterophyllum_Scalare_YWB,38.8,1053,308,1127,395
Pterophyllum_Scalare_W,38.8,685,247,738,319
Pterophyllum_Scalare_BB,38.8,827,221,874,302
Pterophyllum_Scalare_B,38.8,961,405,1034,517
Corydoras_Albinos,38.8,717,631,759,660
Corydoras_Panda,38.8,1108,509,1141,551
Ancistrus,38.8,442,633,514,678
Pterophyllum_Scalare_Y,38.8,1119,161,1154,245
Corydoras_Panda,38.9,1104,506,1144,559
G_Matriarche,38.9,399,183,485,221
Pterophyllum_Scalare_Y,38.9,1118,161,1154,245
Pterophyllum_Scalare_W,38.9,683,247,737,319
Pterophyllum_Scalare_BB,38.9,825,221,873,303
Pterophyllum_Scalare_B,38.9,959,409,1032,518
Corydoras_Albinos,38.9,717,631,760,660
Ancistrus,38.9,441,634,515,680
Pterophyllum_Scalare_YWB,38.9,1049,308,1122,394
G_Matriarche,39.0,388,183,470,218
Pterophyllum_Scalare_BB,39.0,825,222,873,304
Pterophyllum_Scalare_Y,39.0,1118,161,1154,245
Pterophyllum_Scalare_B,39.0,958,410,1029,524
Ancistrus,39.0,441,633,516,681
Corydoras_Panda,39.0,1100,506,1146,567
Pterophyllum_Scalare_YWB,39.0,1047,309,1119,393
Pterophyllum_Scalare_W,39.0,683,247,737,319
Ancistrus,39.1,441,633,515,681
G_Matriarche,39.1,372,183,454,220
Pterophyllum_Scalare_BB,39.1,825,221,873,306
Corydoras_Panda,39.1,1098,512,1141,573
Pterophyllum_Scalare_W,39.1,682,247,737,319
Pterophyllum_Scalare_B,39.1,957,415,1027,524
Pterophyllum_Scalare_Y,39.1,1118,161,1154,248
Pterophyllum_Scalare_YWB,39.1,1045,308,1116,393
Pterophyllum_Scalare_W,39.2,681,248,736,319
Pterophyllum_Scalare_BB,39.2,825,221,873,307
G_Matriarche,39.2,362,184,445,223
Ancistrus,39.2,441,634,517,681
Pterophyllum_Scalare_YWB,39.2,1043,309,1115,393
Corydoras_Panda,39.2,1093,521,1136,585
Pterophyllum_Scalare_B,39.2,955,421,1023,527
Pterophyllum_Scalare_Y,39.2,1116,162,1154,250
Pterophyllum_Scalare_W,39.3,681,248,736,319
Pterophyllum_Scalare_B,39.3,954,423,1022,535
Ancistrus,39.3,440,633,516,681
Pterophyllum_Scalare_BB,39.3,824,221,873,309
Pterophyllum_Scalare_Y,39.3,1114,162,1154,248
Pterophyllum_Scalare_YWB,39.3,1043,309,1114,394
Corydoras_Panda,39.3,1092,536,1132,596
G_Matriarche,39.3,353,185,439,223
G_Matriarche,39.4,346,185,429,224
Pterophyllum_Scalare_W,39.4,680,248,736,320
Pterophyllum_Scalare_YWB,39.4,1043,309,1113,394
Pterophyllum_Scalare_BB,39.4,824,221,875,309
Pterophyllum_Scalare_Y,39.4,1113,164,1154,248
Corydoras_Panda,39.4,1088,544,1128,603
Corydoras_Albinos,39.4,717,631,760,661
Pterophyllum_Scalare_B,39.4,952,431,1019,536
Ancistrus,39.4,440,633,515,680
Pterophyllum_Scalare_YWB,39.5,1042,310,1113,396
G_Matriarche,39.5,341,184,421,224
Pterophyllum_Scalare_B,39.5,949,433,1014,542
Pterophyllum_Scalare_Y,39.5,1113,164,1153,248
Pterophyllum_Scalare_BB,39.5,825,222,874,312
Pterophyllum_Scalare_W,39.5,679,248,735,320
Corydoras_Panda,39.5,1085,552,1124,611
Ancistrus,39.5,442,633,518,679
Pterophyllum_Scalare_B,39.6,947,436,1012,545
Pterophyllum_Scalare_Y,39.6,1112,165,1154,249
Pterophyllum_Scalare_W,39.6,678,248,735,320
G_Matriarche,39.6,338,181,416,225
Pterophyllum_Scalare_BB,39.6,825,224,874,313
Pterophyllum_Scalare_YWB,39.6,1043,314,1115,399
Ancistrus,39.6,443,634,521,679
Corydoras_Panda,39.6,1082,566,1122,626
Pterophyllum_Scalare_W,39.7,678,248,735,320
Pterophyllum_Scalare_B,39.7,943,438,1007,553
Ancistrus,39.7,437,633,520,682
Pterophyllum_Scalare_Y,39.7,1110,167,1155,248
Pterophyllum_Scalare_BB,39.7,825,226,875,315
Pterophyllum_Scalare_YWB,39.7,1045,315,1113,401
G_Matriarche,39.7,332,179,414,225
Pterophyllum_Scalare_BB,39.8,825,228,875,316
Pterophyllum_Scalare_YWB,39.8,1048,317,1115,407
Ancistrus,39.8,440,633,523,679
Pterophyllum_Scalare_Y,39.8,1109,168,1154,249
Pterophyllum_Scalare_W,39.8,678,248,734,321
Pterophyllum_Scalare_B,39.8,940,440,1003,556
Pterophyllum_Scalare_BB,39.9,825,229,875,318
Pterophyllum_Scalare_YWB,39.9,1054,320,1115,414
Pterophyllum_Scalare_W,39.9,678,248,733,321
Pterophyllum_Scalare_B,39.9,936,446,1003,558
Ancistrus,39.9,441,633,528,678
G_Matriarche,39.9,332,176,397,222
Pterophyllum_Scalare_Y,39.9,1108,169,1153,250
Pterophyllum_Scalare_Y,40.0,1107,170,1152,252
G_Matriarche,40.0,334,176,381,217
Pterophyllum_Scalare_YWB,40.0,1059,324,1111,422
Ancistrus,40.0,440,633,530,681
Pterophyllum_Scalare_B,40.0,928,452,1000,560
Pterophyllum_Scalare_Y,40.0,978,510,1015,560
Pterophyllum_Scalare_W,40.0,678,249,732,322
Pterophyllum_Scalare_BB,40.0,825,229,875,319
Pterophyllum_Scalare_Y,40.1,1105,170,1150,253
Ancistrus,40.1,442,633,533,679
Pterophyllum_Scalare_B,40.1,920,457,1001,561
Pterophyllum_Scalare_W,40.1,678,250,731,322
Pterophyllum_Scalare_BB,40.1,825,230,877,320
Pterophyllum_Scalare_YWB,40.1,1060,327,1108,429
Pterophyllum_Scalare_YWB,40.2,1063,333,1104,443
Pterophyllum_Scalare_W,40.2,678,250,730,321
Pterophyllum_Scalare_Y,40.2,1104,171,1149,253
Pterophyllum_Scalare_BB,40.2,824,230,879,321
Ancistrus,40.2,440,633,534,680
Pterophyllum_Scalare_B,40.2,914,461,991,559
Pterophyllum_Scalare_BB,40.3,824,231,879,322
Pterophyllum_Scalare_Y,40.3,1102,171,1150,255
Pterophyllum_Scalare_W,40.3,678,250,730,320
Pterophyllum_Scalare_YWB,40.3,1057,343,1102,454
Ancistrus,40.3,440,633,534,679
Pterophyllum_Scalare_B,40.3,898,470,977,549
Pterophyllum_Scalare_Y,40.4,1100,172,1151,259
Pterophyllum_Scalare_W,40.4,677,248,729,320
Pterophyllum_Scalare_YWB,40.4,1051,354,1093,468
Ancistrus,40.4,441,634,532,678
Pterophyllum_Scalare_BB,40.4,824,232,880,323
Pterophyllum_Scalare_B,40.4,886,477,964,562
Pterophyllum_Scalare_BB,40.5,824,232,881,324
Pterophyllum_Scalare_Y,40.5,1099,172,1151,261
Ancistrus,40.5,440,634,530,678
Pterophyllum_Scalare_B,40.5,865,486,946,586
Pterophyllum_Scalare_YWB,40.5,1044,369,1090,475
Pterophyllum_Scalare_W,40.5,678,247,729,318
Pterophyllum_Scalare_Y,40.6,1098,173,1152,263
Pterophyllum_Scalare_YWB,40.6,1031,377,1085,491
Pterophyllum_Scalare_BB,40.6,823,234,882,325
Pterophyllum_Scalare_B,40.6,851,492,928,584
Ancistrus,40.6,440,633,531,678
Pterophyllum_Scalare_W,40.6,677,246,727,317
Pterophyllum_Scalare_BB,40.7,822,235,881,326
Pterophyllum_Scalare_W,40.7,675,245,727,317
Pterophyllum_Scalare_B,40.7,829,497,913,587
Ancistrus,40.7,440,633,531,679
Pterophyllum_Scalare_Y,40.7,1098,175,1152,267
Pterophyllum_Scalare_YWB,40.7,1016,398,1071,504
Pterophyllum_Scalare_BB,40.8,812,236,876,329
Pterophyllum_Scalare_W,40.8,675,245,726,317
Pterophyllum_Scalare_Y,40.8,1099,176,1153,270
Pterophyllum_Scalare_YWB,40.8,998,417,1060,523
Pterophyllum_Scalare_B,40.8,801,507,880,593
Ancistrus,40.8,439,633,530,679
Pterophyllum_Scalare_Y,40.9,1098,178,1154,272
Pterophyllum_Scalare_BB,40.9,804,233,884,328
Pterophyllum_Scalare_B,40.9,781,504,851,596
Ancistrus,40.9,439,633,531,679
Pterophyllum_Scalare_YWB,40.9,977,427,1048,529
Pterophyllum_Scalare_W,40.9,675,245,725,316
Pterophyllum_Scalare_B,41.0,767,496,834,592
Ancistrus,41.0,439,633,530,680
Pterophyllum_Scalare_W,41.0,674,245,725,316
Pterophyllum_Scalare_Y,41.0,1099,180,1154,276
Pterophyllum_Scalare_YWB,41.0,957,433,1040,534
Pterophyllum_Scalare_BB,41.0,795,235,881,335
Ancistrus,41.1,439,633,528,681
Pterophyllum_Scalare_B,41.1,755,490,822,586
Pterophyllum_Scalare_W,41.1,673,245,724,316
Pterophyllum_Scalare_BB,41.1,786,236,872,339
Pterophyllum_Scalare_Y,41.1,1101,186,1154,280
G_Matriarche,41.1,358,172,380,207
Pterophyllum_Scalare_YWB,41.1,943,435,1030,545
Pterophyllum_Scalare_Y,41.2,1104,191,1155,285
Pterophyllum_Scalare_B,41.2,750,485,813,581
Pterophyllum_Scalare_YWB,41.2,932,434,1023,548
Pterophyllum_Scalare_W,41.2,672,244,723,316
Pterophyllum_Scalare_BB,41.2,777,235,865,338
G_Matriarche,41.2,348,171,383,207
Pterophyllum_Scalare_W,41.3,671,244,721,317
Pterophyllum_Scalare_Y,41.3,1107,197,1156,289
Pterophyllum_Scalare_BB,41.3,769,234,855,340
G_Matriarche,41.3,347,174,396,205
Pterophyllum_Scalare_B,41.3,747,484,805,580
Pterophyllum_Scalare_YWB,41.3,922,437,1011,548
Pterophyllum_Scalare_B,41.4,743,484,799,583
Pterophyllum_Scalare_Y,41.4,1111,203,1155,293
Pterophyllum_Scalare_YWB,41.4,913,436,1003,546
Pterophyllum_Scalare_W,41.4,671,244,720,317
Pterophyllum_Scalare_BB,41.4,762,233,848,338
Ancistrus,41.4,441,633,529,678
G_Matriarche,41.4,338,171,402,205
Pterophyllum_Scalare_Y,41.5,1114,208,1156,298
Pterophyllum_Scalare_YWB,41.5,906,435,998,541
Pterophyllum_Scalare_W,41.5,670,244,720,318
Pterophyllum_Scalare_BB,41.5,753,232,839,335
Ancistrus,41.5,439,632,535,678
Pterophyllum_Scalare_B,41.5,738,486,792,582
G_Matriarche,41.5,335,175,405,206
Pterophyllum_Scalare_B,41.6,734,487,786,579
Pterophyllum_Scalare_W,41.6,668,245,718,319
Pterophyllum_Scalare_BB,41.6,746,231,834,332
Pterophyllum_Scalare_YWB,41.6,902,439,994,539
Pterophyllum_Scalare_Y,41.6,1116,215,1156,302
G_Matriarche,41.6,336,175,410,210
Pterophyllum_Scalare_YWB,41.7,900,434,992,539
Pterophyllum_Scalare_W,41.7,667,245,717,319
Pterophyllum_Scalare_BB,41.7,739,229,827,328
Pterophyllum_Scalare_B,41.7,730,487,780,575
Pterophyllum_Scalare_Y,41.7,1118,226,1156,307
Pterophyllum_Scalare_W,41.8,666,246,715,320
Pterophyllum_Scalare_BB,41.8,736,225,822,321
Pterophyllum_Scalare_Y,41.8,1120,230,1158,310
Pterophyllum_Scalare_YWB,41.8,898,434,990,537
Ancistrus,41.8,446,636,562,673
Pterophyllum_Scalare_B,41.8,727,485,774,574
Pterophyllum_Scalare_YWB,41.9,895,431,986,536
Pterophyllum_Scalare_BB,41.9,735,224,819,317
Pterophyllum_Scalare_Y,41.9,1121,235,1159,314
Pterophyllum_Scalare_W,41.9,665,245,714,321
Pterophyllum_Scalare_B,41.9,723,488,770,574
Pterophyllum_Scalare_W,42.0,664,246,713,321
Pterophyllum_Scalare_YWB,42.0,892,428,982,533
Pterophyllum_Scalare_BB,42.0,734,224,817,315
Pterophyllum_Scalare_B,42.0,719,488,764,571
Pterophyllum_Scalare_Y,42.0,1123,239,1159,317
Pterophyllum_Scalare_YWB,42.1,890,425,979,531
Pterophyllum_Scalare_BB,42.1,731,222,814,316
Pterophyllum_Scalare_Y,42.1,1124,242,1159,320
Pterophyllum_Scalare_W,42.1,663,247,712,321
Pterophyllum_Scalare_B,42.1,718,490,760,571
Pterophyllum_Scalare_B,42.2,716,490,757,569
Pterophyllum_Scalare_W,42.2,661,248,709,322
Pterophyllum_Scalare_YWB,42.2,891,421,979,528
Pterophyllum_Scalare_BB,42.2,727,221,813,315
Pterophyllum_Scalare_Y,42.2,1125,248,1161,322
Pterophyllum_Scalare_YWB,42.3,889,420,975,525
Pterophyllum_Scalare_BB,42.3,724,220,812,314
Pterophyllum_Scalare_Y,42.3,1125,252,1161,324
Pterophyllum_Scalare_W,42.3,660,249,709,323
G_Matriarche,42.3,384,226,437,251
Pterophyllum_Scalare_B,42.3,715,490,756,568
Pterophyllum_Scalare_YWB,42.4,887,416,971,521
Pterophyllum_Scalare_BB,42.4,720,219,806,313
Pterophyllum_Scalare_Y,42.4,1125,253,1161,328
Pterophyllum_Scalare_W,42.4,658,250,708,324
Pterophyllum_Scalare_B,42.4,715,491,752,567
Pterophyllum_Scalare_B,42.5,715,495,749,564
Pterophyllum_Scalare_W,42.5,656,251,706,326
Pterophyllum_Scalare_YWB,42.5,886,412,967,518
Pterophyllum_Scalare_BB,42.5,714,217,803,310
Pterophyllum_Scalare_Y,42.5,1124,252,1162,331
Pterophyllum_Scalare_BB,42.6,709,215,798,307
Pterophyllum_Scalare_W,42.6,654,252,705,327
Pterophyllum_Scalare_Y,42.6,1124,254,1162,333
Pterophyllum_Scalare_YWB,42.6,883,412,965,513
G_Matriarche,42.6,391,249,444,275
Pterophyllum_Scalare_B,42.6,716,496,747,564
Pterophyllum_Scalare_BB,42.7,706,212,794,307
Pterophyllum_Scalare_W,42.7,653,253,705,328
Pterophyllum_Scalare_Y,42.7,1124,256,1162,335
Pterophyllum_Scalare_YWB,42.7,880,408,960,507
G_Matriarche,42.7,393,250,445,280
Pterophyllum_Scalare_B,42.7,717,496,747,562
Pterophyllum_Scalare_BB,42.8,703,210,791,305
Pterophyllum_Scalare_W,42.8,652,254,704,329
Pterophyllum_Scalare_Y,42.8,1123,256,1162,337
Pterophyllum_Scalare_YWB,42.8,878,401,962,503
Pterophyllum_Scalare_B,42.8,717,496,747,562
Pterophyllum_Scalare_BB,42.9,698,207,785,300
Pterophyllum_Scalare_YWB,42.9,877,396,961,497
Pterophyllum_Scalare_W,42.9,651,255,703,331
Pterophyllum_Scalare_B,42.9,719,496,747,562
Pterophyllum_Scalare_Y,42.9,1122,259,1162,339
Pterophyllum_Scalare_YWB,43.0,876,392,961,486
Pterophyllum_Scalare_BB,43.0,694,204,780,298
Pterophyllum_Scalare_B,43.0,720,494,749,561
Pterophyllum_Scalare_W,43.0,650,256,702,332
Pterophyllum_Scalare_Y,43.0,1122,258,1161,340
Pterophyllum_Scalare_W,43.1,649,257,702,332
Pterophyllum_Scalare_Y,43.1,1122,260,1160,342
Pterophyllum_Scalare_B,43.1,722,494,750,562
Pterophyllum_Scalare_BB,43.1,692,200,776,295
Pterophyllum_Scalare_YWB,43.1,875,386,956,481
Pterophyllum_Scalare_BB,43.2,689,197,773,293
Pterophyllum_Scalare_Y,43.2,1121,262,1160,343
Pterophyllum_Scalare_B,43.2,722,496,758,563
Pterophyllum_Scalare_YWB,43.2,874,384,956,477
Pterophyllum_Scalare_W,43.2,648,259,700,333
Pterophyllum_Scalare_W,43.3,647,260,700,334
Pterophyllum_Scalare_BB,43.3,687,194,770,291
Pterophyllum_Scalare_YWB,43.3,873,380,959,471
Pterophyllum_Scalare_Y,43.3,1121,263,1159,344
Pterophyllum_Scalare_B,43.3,723,499,763,565
Pterophyllum_Scalare_Y,43.4,1120,263,1159,345
Pterophyllum_Scalare_YWB,43.4,868,375,954,463
Pterophyllum_Scalare_B,43.4,724,499,766,564
Pterophyllum_Scalare_BB,43.4,686,192,768,291
Pterophyllum_Scalare_W,43.4,648,261,700,336
Pterophyllum_Scalare_B,43.5,723,497,767,565
Pterophyllum_Scalare_W,43.5,648,263,700,337
Pterophyllum_Scalare_Y,43.5,1120,264,1159,347
Ancistrus,43.5,503,633,564,674
Pterophyllum_Scalare_YWB,43.5,865,369,952,457
Pterophyllum_Scalare_BB,43.5,685,190,768,292
Pterophyllum_Scalare_Y,43.6,1119,264,1159,347
G_Matriarche,43.6,357,196,416,255
Pterophyllum_Scalare_BB,43.6,684,189,769,292
Pterophyllum_Scalare_YWB,43.6,862,364,949,451
Pterophyllum_Scalare_B,43.6,724,495,770,566
Pterophyllum_Scalare_W,43.6,647,264,699,338
Pterophyllum_Scalare_YWB,43.7,853,356,946,444
Pterophyllum_Scalare_BB,43.7,684,188,770,290
Pterophyllum_Scalare_B,43.7,724,496,772,566
Pterophyllum_Scalare_W,43.7,646,264,699,340
Pterophyllum_Scalare_Y,43.7,1119,264,1159,347
G_Matriarche,43.7,346,187,407,244
G_Matriarche,43.8,335,180,398,238
Pterophyllum_Scalare_Y,43.8,1119,265,1158,347
Pterophyllum_Scalare_YWB,43.8,845,349,938,437
Pterophyllum_Scalare_B,43.8,724,494,773,566
Pterophyllum_Scalare_W,43.8,644,265,698,341
Pterophyllum_Scalare_BB,43.8,679,187,767,289
Ancistrus,43.8,514,623,570,668
Pterophyllum_Scalare_Y,43.9,1119,265,1158,347
Pterophyllum_Scalare_YWB,43.9,840,343,931,432
Ancistrus,43.9,515,622,570,665
Pterophyllum_Scalare_W,43.9,642,267,697,342
G_Matriarche,43.9,324,172,398,235
Pterophyllum_Scalare_B,43.9,723,493,774,566
Pterophyllum_Scalare_BB,43.9,676,187,764,287
Ancistrus,44.0,495,621,572,677
Pterophyllum_Scalare_Y,44.0,1119,264,1158,347
Pterophyllum_Scalare_YWB,44.0,836,338,931,429
G_Matriarche,44.0,315,166,389,224
Pterophyllum_Scalare_BB,44.0,673,186,762,288
Pterophyllum_Scalare_B,44.0,724,492,775,567
Pterophyllum_Scalare_W,44.0,640,268,695,344
Pterophyllum_Scalare_W,44.1,640,269,695,345
G_Matriarche,44.1,299,160,373,214
Pterophyllum_Scalare_YWB,44.1,831,334,926,425
Ancistrus,44.1,499,620,572,680
Botia_Striata,44.1,896,508,941,539
Pterophyllum_Scalare_Y,44.1,1119,264,1158,348
Pterophyllum_Scalare_B,44.1,723,491,773,567
Pterophyllum_Scalare_BB,44.1,668,184,754,290
Pterophyllum_Scalare_W,44.2,639,271,693,346
Botia_Striata,44.2,888,512,941,539
Pterophyllum_Scalare_B,44.2,724,490,774,568
Ancistrus,44.2,499,620,572,678
Pterophyllum_Scalare_Y,44.2,1119,262,1158,348
Pterophyllum_Scalare_BB,44.2,667,182,754,291
Pterophyllum_Scalare_YWB,44.2,825,329,922,423
G_Matriarche,44.2,290,157,365,204
Pterophyllum_Scalare_B,44.3,725,490,775,567
Ancistrus,44.3,499,619,572,678
G_Matriarche,44.3,279,154,360,196
Pterophyllum_Scalare_W,44.3,638,273,693,347
Pterophyllum_Scalare_YWB,44.3,822,324,920,420
Pterophyllum_Scalare_Y,44.3,1118,269,1158,348
Pterophyllum_Scalare_BB,44.3,664,181,755,291
Pterophyllum_Scalare_W,44.4,637,275,692,349
Pterophyllum_Scalare_YWB,44.4,815,319,914,416
Pterophyllum_Scalare_BB,44.4,659,183,752,293
Pterophyllum_Scalare_B,44.4,725,489,774,567
Ancistrus,44.4,499,619,573,680
Pterophyllum_Scalare_Y,44.4,1117,269,1158,349
G_Matriarche,44.4,270,151,351,190
Botia_Striata,44.4,901,507,943,538
Botia_Striata,44.5,898,506,944,538
Pterophyllum_Scalare_Y,44.5,1117,269,1158,350
G_Matriarche,44.5,258,149,343,183
Pterophyllum_Scalare_B,44.5,725,490,774,567
Ancistrus,44.5,494,619,572,682
Pterophyllum_Scalare_W,44.5,636,277,689,350
Pterophyllum_Scalare_BB,44.5,656,185,747,296
Pterophyllum_Scalare_YWB,44.5,807,313,908,414
Pterophyllum_Scalare_Y,44.6,1116,270,1158,351
Ancistrus,44.6,492,618,572,685
Pterophyllum_Scalare_W,44.6,635,280,688,351
Pterophyllum_Scalare_B,44.6,726,488,774,568
G_Matriarche,44.6,251,147,333,185
Pterophyllum_Scalare_BB,44.6,653,190,736,298
Pterophyllum_Scalare_YWB,44.6,803,304,905,411
Botia_Striata,44.6,899,503,946,537
G_Matriarche,44.7,246,144,325,186
Pterophyllum_Scalare_W,44.7,632,280,687,353
Pterophyllum_Scalare_B,44.7,727,488,774,568
Pterophyllum_Scalare_BB,44.7,651,194,726,299
Pterophyllum_Scalare_YWB,44.7,798,296,902,404
Pterophyllum_Scalare_Y,44.7,1116,271,1159,352
Ancistrus,44.7,493,618,572,686
Pterophyllum_Scalare_B,44.8,727,489,774,567
Pterophyllum_Scalare_Y,44.8,1116,271,1160,352
Corydoras_Panda,44.8,901,501,951,535
Pterophyllum_Scalare_BB,44.8,656,200,714,296
Ancistrus,44.8,503,617,571,680
G_Matriarche,44.8,243,142,318,187
Pterophyllum_Scalare_W,44.8,631,282,686,353
Pterophyllum_Scalare_YWB,44.8,796,291,899,397
Pterophyllum_Scalare_B,44.9,727,487,774,568
Pterophyllum_Scalare_YWB,44.9,790,290,896,393
Pterophyllum_Scalare_BB,44.9,654,205,707,303
Pterophyllum_Scalare_Y,44.9,1114,272,1160,354
Pterophyllum_Scalare_W,44.9,628,287,685,355
Ancistrus,44.9,500,618,572,679
Corydoras_Panda,44.9,895,494,951,534
G_Matriarche,44.9,239,140,313,189
Corydoras_Panda,45.0,901,495,954,532
Pterophyllum_Scalare_BB,45.0,654,213,699,297
Pterophyllum_Scalare_B,45.0,728,488,774,567
Pterophyllum_Scalare_YWB,45.0,784,287,891,389
Pterophyllum_Scalare_Y,45.0,1113,272,1160,357
G_Matriarche,45.0,238,138,306,186
Pterophyllum_Scalare_W,45.0,625,289,682,354
Pterophyllum_Scalare_YWB,45.1,779,284,885,388
Pterophyllum_Scalare_Y,45.1,1113,277,1161,359
Corydoras_Panda,45.1,899,493,955,532
Pterophyllum_Scalare_B,45.1,728,489,773,567
G_Matriarche,45.1,245,138,295,181
Pterophyllum_Scalare_BB,45.1,652,222,692,302
Pterophyllum_Scalare_W,45.1,622,289,678,356
Pterophyllum_Scalare_BB,45.2,649,230,687,308
Ancistrus,45.2,508,616,571,676
Corydoras_Panda,45.2,904,491,956,532
Pterophyllum_Scalare_W,45.2,619,291,676,361
Pterophyllum_Scalare_Y,45.2,1112,278,1161,361
Pterophyllum_Scalare_B,45.2,728,489,774,567
Pterophyllum_Scalare_YWB,45.2,774,281,885,385
Pterophyllum_Scalare_W,45.3,616,292,674,363
G_Matriarche,45.3,246,136,274,170
Pterophyllum_Scalare_B,45.3,729,488,779,571
Pterophyllum_Scalare_YWB,45.3,771,275,881,383
Pterophyllum_Scalare_BB,45.3,648,235,686,313
Corydoras_Panda,45.3,909,491,961,534
Pterophyllum_Scalare_Y,45.3,1111,281,1161,364
Ancistrus,45.4,516,610,569,672
Pterophyllum_Scalare_BB,45.4,646,242,680,317
Corydoras_Panda,45.4,909,491,963,535
Pterophyllum_Scalare_B,45.4,728,491,783,573
Pterophyllum_Scalare_YWB,45.4,766,270,878,382
Pterophyllum_Scalare_Y,45.4,1110,282,1160,367
Pterophyllum_Scalare_W,45.4,613,292,672,366
Pterophyllum_Scalare_W,45.5,611,295,671,367
Pterophyllum_Scalare_YWB,45.5,763,266,874,380
Pterophyllum_Scalare_BB,45.5,645,248,676,318
Corydoras_Panda,45.5,907,490,966,533
Ancistrus,45.5,515,606,569,667
Pterophyllum_Scalare_Y,45.5,1109,288,1160,369
Pterophyllum_Scalare_B,45.5,727,495,788,578
Pterophyllum_Scalare_B,45.6,728,498,792,586
Pterophyllum_Scalare_YWB,45.6,762,264,871,380
Pterophyllum_Scalare_W,45.6,611,297,669,369
Pterophyllum_Scalare_BB,45.6,643,253,673,324
Corydoras_Panda,45.6,912,488,969,532
Pterophyllum_Scalare_Y,45.6,1109,289,1160,371
Pterophyllum_Scalare_BB,45.7,639,258,668,326
Ancistrus,45.7,509,600,570,655
Pterophyllum_Scalare_W,45.7,613,300,669,369
Pterophyllum_Scalare_B,45.7,729,499,794,588
Pterophyllum_Scalare_YWB,45.7,761,261,871,379
Pterophyllum_Scalare_Y,45.7,1107,291,1160,374
Corydoras_Panda,45.7,918,487,968,530
Pterophyllum_Scalare_Y,45.8,1105,294,1159,378
Pterophyllum_Scalare_B,45.8,731,501,798,590
Botia_Striata,45.8,681,288,739,327
Corydoras_Panda,45.8,918,487,970,529
Ancistrus,45.8,515,594,570,655
G_Matriarche,45.8,246,146,287,175
Pterophyllum_Scalare_YWB,45.8,761,259,869,377
G_Matriarche,45.9,240,148,295,177
Pterophyllum_Scalare_BB,45.9,614,266,672,370
Corydoras_Panda,45.9,920,487,970,528
Pterophyllum_Scalare_Y,45.9,1104,297,1159,381
Pterophyllum_Scalare_YWB,45.9,759,258,868,377
Pterophyllum_Scalare_B,45.9,732,504,802,592
Ancistrus,45.9,513,590,570,644
Pterophyllum_Scalare_BB,45.9,614,300,672,369
Ancistrus,46.0,514,585,570,645
Pterophyllum_Scalare_B,46.0,735,507,806,594
Pterophyllum_Scalare_YWB,46.0,759,256,867,376
Corydoras_Panda,46.0,919,489,969,527
Pterophyllum_Scalare_BB,46.0,613,268,673,372
Botia_Almorhae,46.0,663,280,740,326
Pterophyllum_Scalare_Y,46.0,1104,300,1158,383
G_Matriarche,46.1,245,149,325,184
Corydoras_Panda,46.1,922,490,970,526
Pterophyllum_Scalare_BB,46.1,613,274,672,372
Botia_Almorhae,46.1,652,279,741,323
Ancistrus,46.1,512,580,571,637
Pterophyllum_Scalare_Y,46.1,1103,300,1158,385
Pterophyllum_Scalare_YWB,46.1,759,255,867,375
Pterophyllum_Scalare_B,46.1,738,509,809,594
Pterophyllum_Scalare_Y,46.2,1104,302,1158,386
Pterophyllum_Scalare_YWB,46.2,760,254,867,374
G_Matriarche,46.2,265,148,333,184
Corydoras_Panda,46.2,921,486,969,524
Pterophyllum_Scalare_B,46.2,741,510,813,595
Botia_Almorhae,46.2,647,278,733,317
Pterophyllum_Scalare_BB,46.2,613,283,674,370
Pterophyllum_Scalare_BB,46.3,615,291,654,373
Botia_Almorhae,46.3,639,278,729,313
Pterophyllum_Scalare_BB,46.3,615,290,671,373
Corydoras_Panda,46.3,925,487,974,525
G_Matriarche,46.3,275,147,338,188
Pterophyllum_Scalare_Y,46.3,1103,305,1158,388
Pterophyllum_Scalare_B,46.3,742,510,817,598
Ancistrus,46.3,513,569,569,626
Pterophyllum_Scalare_YWB,46.3,760,253,867,374
Pterophyllum_Scalare_Y,46.4,1102,308,1158,390
G_Matriarche,46.4,284,143,344,188
Pterophyllum_Scalare_B,46.4,744,508,821,598
Ancistrus,46.4,514,564,573,617
Pterophyllum_Scalare_YWB,46.4,760,252,867,373
Corydoras_Panda,46.4,924,489,978,528
Botia_Almorhae,46.4,638,281,727,316
Ancistrus,46.5,514,559,568,616
Pterophyllum_Scalare_Y,46.5,1102,310,1157,392
Pterophyllum_Scalare_YWB,46.5,759,251,868,371
Pterophyllum_Scalare_BB,46.5,608,301,644,370
Corydoras_Panda,46.5,922,491,978,526
Pterophyllum_Scalare_B,46.5,745,508,824,597
Pterophyllum_Scalare_BB,46.6,609,312,641,374
Corydoras_Panda,46.6,924,488,979,526
Ancistrus,46.6,511,557,570,609
G_Matriarche,46.6,318,133,341,179
Pterophyllum_Scalare_YWB,46.6,757,249,867,371
Pterophyllum_Scalare_B,46.6,746,508,829,596
Pterophyllum_Scalare_Y,46.6,1102,311,1158,394
Botia_Almorhae,46.6,626,284,724,321
G_Matriarche,46.6,654,333,682,397
Pterophyllum_Scalare_B,46.7,754,509,832,594
Corydoras_Panda,46.7,927,484,978,525
Ancistrus,46.7,515,554,579,603
Botia_Almorhae,46.7,624,280,721,325
Pterophyllum_Scalare_BB,46.7,612,314,645,380
Pterophyllum_Scalare_BB,46.7,658,346,698,402
Pterophyllum_Scalare_Y,46.7,1102,313,1157,396
Pterophyllum_Scalare_YWB,46.7,757,249,868,369
Ancistrus,46.8,517,549,571,605
Pterophyllum_Scalare_BB,46.8,613,314,652,382
Pterophyllum_Scalare_Y,46.8,1101,315,1156,397
Corydoras_Panda,46.8,932,484,977,523
Pterophyllum_Scalare_YWB,46.8,756,248,867,368
Pterophyllum_Scalare_B,46.8,756,509,837,595
Pterophyllum_Scalare_YWB,46.9,755,248,867,368
Pterophyllum_Scalare_BB,46.9,619,325,655,383
Pterophyllum_Scalare_Y,46.9,1101,316,1156,399
Pterophyllum_Scalare_B,46.9,766,511,842,597
Corydoras_Panda,46.9,935,477,976,523
Pterophyllum_Scalare_Y,47.0,1100,319,1155,401
Pterophyllum_Scalare_W,47.0,701,355,739,405
Ancistrus,47.0,510,545,577,589
Pterophyllum_Scalare_B,47.0,770,510,846,596
Pterophyllum_Scalare_BB,47.0,622,338,658,386
Pterophyllum_Scalare_YWB,47.0,755,247,868,368
Pterophyllum_Scalare_W,47.1,709,356,740,404
Botia_Almorhae,47.1,592,319,648,360
Pterophyllum_Scalare_Y,47.1,1100,320,1155,402
Pterophyllum_Scalare_B,47.1,773,509,849,596
Pterophyllum_Scalare_YWB,47.1,756,247,867,367
Ancistrus,47.1,509,543,574,588
Pterophyllum_Scalare_Y,47.2,1100,321,1154,404
Pterophyllum_Scalare_B,47.2,775,510,854,595
Botia_Almorhae,47.2,585,323,653,378
Pterophyllum_Scalare_YWB,47.2,755,247,867,366
Pterophyllum_Scalare_B,47.3,778,508,857,597
Botia_Almorhae,47.3,578,322,655,381
Pterophyllum_Scalare_Y,47.3,1099,324,1154,405
Pterophyllum_Scalare_YWB,47.3,755,247,866,366
Botia_Almorhae,47.4,571,337,630,386
Pterophyllum_Scalare_BB,47.4,745,363,790,409
Pterophyllum_Scalare_B,47.4,780,508,858,597
Pterophyllum_Scalare_Y,47.4,1099,325,1154,406
Pterophyllum_Scalare_YWB,47.4,755,246,867,365
Pterophyllum_Scalare_BB,47.4,626,315,659,379
Corydoras_Panda,47.5,929,477,962,525
Botia_Almorhae,47.5,566,342,624,390
Pterophyllum_Scalare_B,47.5,781,507,859,597
Pterophyllum_Scalare_Y,47.5,1098,327,1153,408
Pterophyllum_Scalare_YWB,47.5,754,246,866,365
Pterophyllum_Scalare_BB,47.5,619,314,656,374
Botia_Almorhae,47.6,560,345,617,392
Pterophyllum_Scalare_Y,47.6,1097,327,1153,409
Pterophyllum_Scalare_YWB,47.6,754,245,867,365
Pterophyllum_Scalare_B,47.6,781,505,859,597
Pterophyllum_Scalare_BB,47.6,614,312,655,371
Pterophyllum_Scalare_B,47.7,781,503,859,597
Pterophyllum_Scalare_YWB,47.7,754,244,867,364
Pterophyllum_Scalare_Y,47.7,1097,330,1153,410
Pterophyllum_Scalare_BB,47.7,610,309,651,369
Corydoras_Panda,47.7,925,482,959,526
Pterophyllum_Scalare_BB,47.8,606,308,648,367
Pterophyllum_Scalare_YWB,47.8,754,244,866,364
Corydoras_Panda,47.8,920,484,959,527
G_Matriarche,47.8,345,117,399,144
Pterophyllum_Scalare_B,47.8,783,502,859,595
Pterophyllum_Scalare_Y,47.8,1097,331,1153,412
G_Matriarche,47.9,348,128,409,156
Pterophyllum_Scalare_B,47.9,784,501,859,592
Pterophyllum_Scalare_Y,47.9,1096,333,1153,414
Pterophyllum_Scalare_BB,47.9,603,304,642,366
Pterophyllum_Scalare_YWB,47.9,754,243,865,362
G_Matriarche,48.0,355,134,415,167
Pterophyllum_Scalare_YWB,48.0,751,242,863,361
Pterophyllum_Scalare_B,48.0,786,500,860,589
Pterophyllum_Scalare_BB,48.0,599,301,638,365
Corydoras_Panda,48.0,913,497,964,530
Pterophyllum_Scalare_Y,48.0,1095,334,1152,415
Pterophyllum_Scalare_YWB,48.1,750,241,863,359
Corydoras_Panda,48.1,902,496,964,531
Pterophyllum_Scalare_BB,48.1,596,298,635,363
Pterophyllum_Scalare_B,48.1,788,499,862,586
Pterophyllum_Scalare_Y,48.1,1094,335,1152,416
Corydoras_Panda,48.2,904,496,967,530
G_Matriarche,48.2,367,146,443,181
Pterophyllum_Scalare_B,48.2,793,498,865,582
Pterophyllum_Scalare_Y,48.2,1091,337,1151,418
Pterophyllum_Scalare_BB,48.2,593,295,630,359
Pterophyllum_Scalare_YWB,48.2,747,240,861,357
Pterophyllum_Scalare_YWB,48.3,745,239,857,356
Ancistrus,48.3,497,536,562,570
Pterophyllum_Scalare_Y,48.3,1088,341,1150,420
Pterophyllum_Scalare_B,48.3,795,498,867,578
G_Matriarche,48.3,367,146,458,194
Pterophyllum_Scalare_BB,48.3,589,293,626,358
Pterophyllum_Scalare_BB,48.4,586,291,622,358
Pterophyllum_Scalare_Y,48.4,1083,345,1147,422
Corydoras_Panda,48.4,909,495,969,528
G_Matriarche,48.4,377,154,471,201
Pterophyllum_Scalare_YWB,48.4,745,238,855,354
Pterophyllum_Scalare_B,48.4,796,496,869,575
Ancistrus,48.4,498,536,562,571
Pterophyllum_Scalare_BB,48.5,584,288,618,356
G_Matriarche,48.5,387,161,480,208
Pterophyllum_Scalare_Y,48.5,1079,348,1145,424
Corydoras_Panda,48.5,910,495,973,528
Pterophyllum_Scalare_YWB,48.5,744,236,853,352
Pterophyllum_Scalare_B,48.5,799,495,869,574
Pterophyllum_Scalare_Y,48.6,1075,353,1141,426
Pterophyllum_Scalare_B,48.6,799,491,871,571
Pterophyllum_Scalare_BB,48.6,581,287,613,355
Corydoras_Panda,48.6,917,494,979,527
G_Matriarche,48.6,395,168,490,214
Pterophyllum_Scalare_YWB,48.6,744,234,854,351
Pterophyllum_Scalare_BB,48.7,577,284,610,350
Corydoras_Panda,48.7,924,492,983,526
Pterophyllum_Scalare_Y,48.7,1072,356,1138,427
G_Matriarche,48.7,419,172,495,223
Pterophyllum_Scalare_YWB,48.7,744,232,853,349
Pterophyllum_Scalare_B,48.7,798,488,871,571
Pterophyllum_Scalare_BB,48.8,572,281,605,349
Corydoras_Panda,48.8,932,490,988,525
Pterophyllum_Scalare_B,48.8,798,484,871,570
Pterophyllum_Scalare_YWB,48.8,743,230,852,347
Pterophyllum_Scalare_Y,48.8,1067,359,1136,427
G_Matriarche,48.8,431,177,505,235
Pterophyllum_Scalare_B,48.9,797,482,872,570
Pterophyllum_Scalare_BB,48.9,570,278,603,346
Corydoras_Panda,48.9,942,489,994,526
Pterophyllum_Scalare_Y,48.9,1061,361,1129,428
G_Matriarche,48.9,449,183,517,249
Pterophyllum_Scalare_YWB,48.9,743,228,851,345
Corydoras_Panda,49.0,945,488,1002,533
Pterophyllum_Scalare_B,49.0,796,480,872,570
G_Matriarche,49.0,457,190,527,264
Pterophyllum_Scalare_Y,49.0,1057,363,1124,428
Pterophyllum_Scalare_YWB,49.0,743,226,851,343
Pterophyllum_Scalare_BB,49.0,564,276,601,342
Pterophyllum_Scalare_B,49.1,797,477,871,569
Pterophyllum_Scalare_Y,49.1,1051,364,1120,429
Corydoras_Panda,49.1,953,490,1005,536
Pterophyllum_Scalare_BB,49.1,559,272,600,339
Pterophyllum_Scalare_YWB,49.1,741,224,852,340
G_Matriarche,49.1,472,198,535,278
G_Matriarche,49.2,482,209,544,292
Ancistrus,49.2,498,536,563,570
Pterophyllum_Scalare_B,49.2,796,476,872,569
Pterophyllum_Scalare_YWB,49.2,742,222,852,337
Pterophyllum_Scalare_Y,49.2,1047,365,1115,429
Pterophyllum_Scalare_BB,49.2,555,269,599,337
Pterophyllum_Scalare_BB,49.3,551,266,599,335
Corydoras_Panda,49.3,973,494,1009,557
Pterophyllum_Scalare_Y,49.3,1043,364,1112,428
Pterophyllum_Scalare_B,49.3,794,475,871,566
Pterophyllum_Scalare_YWB,49.3,742,220,851,335
G_Matriarche,49.3,488,220,534,259
Ancistrus,49.3,498,536,563,570
Pterophyllum_Scalare_B,49.4,792,472,870,564
Pterophyllum_Scalare_BB,49.4,548,263,597,335
Ancistrus,49.4,497,536,561,569
Pterophyllum_Scalare_YWB,49.4,741,219,850,333
Pterophyllum_Scalare_Y,49.4,1038,365,1107,429
Pterophyllum_Scalare_BB,49.5,529,260,595,350
Pterophyllum_Scalare_Y,49.5,1033,364,1102,427
Pterophyllum_Scalare_YWB,49.5,740,215,849,331
Pterophyllum_Scalare_B,49.5,792,470,868,562
Pterophyllum_Scalare_Y,49.6,1027,364,1098,426
Pterophyllum_Scalare_BB,49.6,529,254,594,325
Pterophyllum_Scalare_YWB,49.6,739,213,848,329
Pterophyllum_Scalare_B,49.6,791,468,868,558
Pterophyllum_Scalare_BB,49.7,529,250,590,324
Pterophyllum_Scalare_Y,49.7,1023,363,1093,427
Pterophyllum_Scalare_YWB,49.7,738,211,847,327
Pterophyllum_Scalare_B,49.7,789,466,867,557
Pterophyllum_Scalare_B,49.8,788,465,866,555
Pterophyllum_Scalare_YWB,49.8,738,209,846,325
G_Matriarche,49.8,550,304,606,384
Pterophyllum_Scalare_Y,49.8,1018,363,1088,426
Pterophyllum_Scalare_BB,49.8,525,253,589,322
Pterophyllum_Scalare_YWB,49.9,739,207,846,322
G_Matriarche,49.9,555,309,615,390
Pterophyllum_Scalare_Y,49.9,1011,363,1082,427
Pterophyllum_Scalare_BB,49.9,519,250,586,317
Pterophyllum_Scalare_B,49.9,788,464,866,556
Pterophyllum_Scalare_B,50.0,787,464,866,555
Pterophyllum_Scalare_BB,50.0,513,249,580,314
G_Matriarche,50.0,561,315,624,396
Pterophyllum_Scalare_YWB,50.0,739,205,845,320
Ancistrus,50.0,497,536,560,569
Pterophyllum_Scalare_Y,50.0,1006,363,1076,426
Pterophyllum_Scalare_Y,50.1,985,496,1008,563
Pterophyllum_Scalare_B,50.1,787,463,866,554
Pterophyllum_Scalare_BB,50.1,507,245,574,311
Pterophyllum_Scalare_YWB,50.1,739,203,845,318
G_Matriarche,50.1,569,321,632,400
Pterophyllum_Scalare_Y,50.1,999,361,1071,426
Ancistrus,50.1,498,536,561,570
Pterophyllum_Scalare_Y,50.2,993,361,1067,429
G_Matriarche,50.2,577,324,638,403
Ancistrus,50.2,496,536,561,570
Pterophyllum_Scalare_YWB,50.2,737,202,845,315
Pterophyllum_Scalare_BB,50.2,499,242,569,308
Pterophyllum_Scalare_B,50.2,786,463,866,555
Pterophyllum_Scalare_B,50.3,786,463,866,555
Pterophyllum_Scalare_Y,50.3,989,360,1063,430
Pterophyllum_Scalare_YWB,50.3,735,200,844,313
G_Matriarche,50.3,584,329,649,407
Pterophyllum_Scalare_BB,50.3,493,238,564,305
Pterophyllum_Scalare_B,50.4,786,462,866,555
Pterophyllum_Scalare_W,50.4,776,383,808,418
Pterophyllum_Scalare_BB,50.4,487,235,555,300
Pterophyllum_Scalare_YWB,50.4,733,198,843,309
G_Matriarche,50.4,591,334,656,411
Pterophyllum_Scalare_Y,50.4,984,359,1058,430
Pterophyllum_Scalare_B,50.5,787,461,866,555
Pterophyllum_Scalare_YWB,50.5,729,195,840,306
G_Matriarche,50.5,598,339,663,415
Pterophyllum_Scalare_Y,50.5,980,359,1054,432
Pterophyllum_Scalare_BB,50.5,481,232,550,297
Pterophyllum_Scalare_B,50.6,787,461,866,555
Pterophyllum_Scalare_YWB,50.6,726,192,839,303
G_Matriarche,50.6,605,340,669,416
Pterophyllum_Scalare_Y,50.6,975,360,1047,434
Pterophyllum_Scalare_BB,50.6,472,228,540,292
Pterophyllum_Scalare_YWB,50.7,724,190,835,299
Pterophyllum_Scalare_BB,50.7,466,225,533,289
Pterophyllum_Scalare_Y,50.7,968,362,1040,435
G_Matriarche,50.7,612,342,676,418
Pterophyllum_Scalare_B,50.7,787,461,866,555
G_Matriarche,50.8,617,345,682,419
Pterophyllum_Scalare_Y,50.8,964,363,1034,437
Pterophyllum_Scalare_YWB,50.8,724,188,834,297
Pterophyllum_Scalare_BB,50.8,459,222,525,285
Pterophyllum_Scalare_B,50.8,787,461,866,555
G_Matriarche,50.9,623,349,692,421
Pterophyllum_Scalare_B,50.9,786,461,866,555
Pterophyllum_Scalare_YWB,50.9,724,185,833,294
Pterophyllum_Scalare_Y,50.9,959,365,1028,441
Pterophyllum_Scalare_BB,50.9,454,219,518,285
Pterophyllum_Scalare_YWB,51.0,723,181,832,292
Pterophyllum_Scalare_Y,51.0,952,366,1019,444
G_Matriarche,51.0,632,354,694,424
Pterophyllum_Scalare_BB,51.0,448,216,511,281
Pterophyllum_Scalare_B,51.0,787,460,866,555
Pterophyllum_Scalare_YWB,51.1,723,178,831,288
Pterophyllum_Scalare_Y,51.1,945,369,1009,446
Pterophyllum_Scalare_BB,51.1,443,213,505,280
G_Matriarche,51.1,643,359,700,430
Pterophyllum_Scalare_B,51.1,787,461,866,555
Pterophyllum_Scalare_Y,51.2,938,372,1001,448
G_Matriarche,51.2,651,358,706,433
Pterophyllum_Scalare_YWB,51.2,723,175,832,286
Pterophyllum_Scalare_BB,51.2,439,209,502,278
Pterophyllum_Scalare_B,51.2,787,460,866,555
G_Matriarche,51.3,476,270,515,303
Pterophyllum_Scalare_YWB,51.3,723,172,832,286
G_Matriarche,51.3,661,365,706,403
Pterophyllum_Scalare_BB,51.3,436,205,501,277
Pterophyllum_Scalare_B,51.3,787,460,865,555
Pterophyllum_Scalare_Y,51.3,930,374,995,451
Pterophyllum_Scalare_Y,51.4,925,376,992,452
Pterophyllum_Scalare_B,51.4,787,460,865,555
Pterophyllum_Scalare_BB,51.4,436,203,501,276
Pterophyllum_Scalare_YWB,51.4,724,171,833,286
G_Matriarche,51.4,675,366,711,440
Pterophyllum_Scalare_BB,51.5,435,201,500,277
Pterophyllum_Scalare_B,51.5,787,460,865,555
G_Matriarche,51.5,688,366,717,440
Pterophyllum_Scalare_YWB,51.5,724,171,833,285
Pterophyllum_Scalare_Y,51.5,918,380,988,455
Pterophyllum_Scalare_YWB,51.6,725,169,834,284
Pterophyllum_Scalare_Y,51.6,913,384,978,458
Pterophyllum_Scalare_B,51.6,787,461,865,555
Pterophyllum_Scalare_BB,51.6,434,200,500,277
G_Matriarche,51.6,694,367,720,445
Pterophyllum_Scalare_Y,51.7,909,385,970,461
Pterophyllum_Scalare_YWB,51.7,725,168,834,283
Pterophyllum_Scalare_BB,51.7,434,199,501,278
Pterophyllum_Scalare_B,51.7,787,461,865,554
G_Matriarche,51.7,698,369,726,447
Pterophyllum_Scalare_YWB,51.8,725,167,834,283
Pterophyllum_Scalare_Y,51.8,898,390,960,465
G_Matriarche,51.8,702,374,733,448
Pterophyllum_Scalare_BB,51.8,434,200,501,278
Pterophyllum_Scalare_B,51.8,786,463,864,555
Pterophyllum_Scalare_Y,51.9,891,393,953,468
Pterophyllum_Scalare_YWB,51.9,725,167,835,282
G_Matriarche,51.9,705,375,736,449
Pterophyllum_Scalare_B,51.9,787,464,864,558
Pterophyllum_Scalare_BB,51.9,434,199,501,278
Pterophyllum_Scalare_B,52.0,504,526,563,573
Pterophyllum_Scalare_BB,52.0,433,199,501,277
Pterophyllum_Scalare_YWB,52.0,726,166,834,282
Pterophyllum_Scalare_B,52.0,791,466,862,563
Pterophyllum_Scalare_Y,52.0,883,399,948,472
G_Matriarche,52.0,710,376,740,450
Pterophyllum_Scalare_B,52.1,807,473,865,562
Pterophyllum_Scalare_BB,52.1,433,200,502,278
Pterophyllum_Scalare_Y,52.1,876,400,937,475
Pterophyllum_Scalare_YWB,52.1,726,165,835,281
Pterophyllum_Scalare_B,52.2,819,475,870,559
Pterophyllum_Scalare_BB,52.2,433,199,502,277
Pterophyllum_Scalare_YWB,52.2,727,165,836,281
Pterophyllum_Scalare_Y,52.2,869,402,928,480
Pterophyllum_Scalare_B,52.3,825,475,882,566
G_Matriarche,52.3,717,381,748,452
Pterophyllum_Scalare_Y,52.3,863,401,924,480
Botia_Striata,52.3,506,518,555,568
Pterophyllum_Scalare_BB,52.3,431,198,502,276
Pterophyllum_Scalare_YWB,52.3,727,164,839,281
Pterophyllum_Scalare_Y,52.4,722,381,751,451
Pterophyllum_Scalare_BB,52.4,430,198,502,275
Pterophyllum_Scalare_B,52.4,831,483,890,568
Pterophyllum_Scalare_YWB,52.4,728,164,839,281
Pterophyllum_Scalare_Y,52.4,857,403,914,480
Botia_Striata,52.4,503,515,554,565
Pterophyllum_Scalare_YWB,52.5,728,163,839,281
Pterophyllum_Scalare_B,52.5,839,494,903,574
Pterophyllum_Scalare_BB,52.5,428,197,500,273
Pterophyllum_Scalare_Y,52.5,852,402,906,482
Pterophyllum_Scalare_Y,52.6,845,404,901,482
Pterophyllum_Scalare_B,52.6,850,490,914,576
G_Matriarche,52.6,727,383,759,452
Pterophyllum_Scalare_YWB,52.6,729,163,841,281
Pterophyllum_Scalare_BB,52.6,425,196,498,271
Pterophyllum_Scalare_BB,52.7,423,195,497,268
Pterophyllum_Scalare_Y,52.7,838,404,896,482
Pterophyllum_Scalare_YWB,52.7,730,163,844,281
Pterophyllum_Scalare_B,52.7,858,491,924,579
G_Matriarche,52.8,733,385,764,452
Pterophyllum_Scalare_YWB,52.8,731,162,842,280
Pterophyllum_Scalare_BB,52.8,420,195,495,266
Pterophyllum_Scalare_Y,52.8,832,405,889,484
Pterophyllum_Scalare_B,52.8,865,492,945,599
Pterophyllum_Scalare_YWB,52.9,730,163,842,280
Pterophyllum_Scalare_B,52.9,876,494,945,601
Pterophyllum_Scalare_Y,52.9,828,404,885,483
Pterophyllum_Scalare_BB,52.9,419,194,491,263
Pterophyllum_Scalare_Y,53.0,828,402,883,482
Pterophyllum_Scalare_B,53.0,881,498,954,599
Pterophyllum_Scalare_YWB,53.0,731,163,842,281
G_Matriarche,53.0,738,392,771,453
Pterophyllum_Scalare_BB,53.0,417,193,487,259
Pterophyllum_Scalare_B,53.1,885,498,956,599
Pterophyllum_Scalare_Y,53.1,828,398,880,479
Pterophyllum_Scalare_YWB,53.1,731,162,843,280
Pterophyllum_Scalare_BB,53.1,415,191,484,254
G_Matriarche,53.1,739,395,775,453
Pterophyllum_Scalare_Y,53.2,828,396,875,478
Pterophyllum_Scalare_YWB,53.2,732,161,844,280
G_Matriarche,53.2,743,397,778,454
Pterophyllum_Scalare_BB,53.2,412,188,479,253
Pterophyllum_Scalare_B,53.2,896,501,965,598
Pterophyllum_Scalare_Y,53.3,827,394,873,477
Pterophyllum_Scalare_BB,53.3,408,186,474,252
Pterophyllum_Scalare_YWB,53.3,732,160,844,280
G_Matriarche,53.3,746,398,781,454
Pterophyllum_Scalare_BB,53.4,405,185,467,250
Pterophyllum_Scalare_Y,53.4,826,391,871,474
Pterophyllum_Scalare_YWB,53.4,732,159,844,280
Pterophyllum_Scalare_B,53.4,903,509,982,603
Pterophyllum_Scalare_BB,53.5,402,184,460,248
Pterophyllum_Scalare_Y,53.5,826,388,867,470
Pterophyllum_Scalare_YWB,53.5,732,159,842,279
G_Matriarche,53.6,751,404,789,455
Pterophyllum_Scalare_YWB,53.6,732,159,843,277
Pterophyllum_Scalare_BB,53.6,398,182,453,247
Pterophyllum_Scalare_Y,53.6,826,387,860,466
Pterophyllum_Scalare_Y,53.7,825,386,854,465
Pterophyllum_Scalare_YWB,53.7,731,158,840,277
Pterophyllum_Scalare_BB,53.7,394,179,449,245
G_Matriarche,53.7,753,405,791,456
Pterophyllum_Scalare_YWB,53.8,730,158,839,276
Pterophyllum_Scalare_Y,53.8,824,387,851,465
Pterophyllum_Scalare_BB,53.8,391,178,448,244
G_Matriarche,53.8,756,406,794,457
Pterophyllum_Scalare_YWB,53.9,728,158,835,275
G_Matriarche,53.9,757,406,797,458
Pterophyllum_Scalare_BB,53.9,388,175,446,240
Pterophyllum_Scalare_Y,53.9,822,387,847,461
G_Matriarche,54.0,759,410,798,463
Pterophyllum_Scalare_Y,54.0,820,385,845,459
Pterophyllum_Scalare_BB,54.0,385,173,444,237
Pterophyllum_Scalare_YWB,54.0,726,158,835,275
Pterophyllum_Scalare_YWB,54.1,725,157,835,275
Pterophyllum_Scalare_Y,54.1,817,386,844,460
Pterophyllum_Scalare_BB,54.1,384,170,438,233
G_Matriarche,54.1,764,414,802,464
Pterophyllum_Scalare_YWB,54.2,724,157,834,275
Pterophyllum_Scalare_Y,54.2,815,388,845,461
Pterophyllum_Scalare_BB,54.2,383,168,433,231
G_Matriarche,54.2,764,415,801,468
Pterophyllum_Scalare_BB,54.3,380,164,428,227
Pterophyllum_Scalare_Y,54.3,814,389,845,461
Pterophyllum_Scalare_YWB,54.3,722,158,832,276
G_Matriarche,54.3,765,416,797,471
G_Matriarche,54.4,767,422,797,474
Pterophyllum_Scalare_Y,54.4,813,390,846,460
Pterophyllum_Scalare_YWB,54.4,721,159,829,277
Pterophyllum_Scalare_BB,54.4,379,161,424,225
Pterophyllum_Scalare_BB,54.5,377,158,420,222
G_Matriarche,54.5,769,423,800,486
Pterophyllum_Scalare_B,54.5,981,519,1043,612
Pterophyllum_Scalare_YWB,54.5,717,160,825,279
Pterophyllum_Scalare_Y,54.5,811,392,848,461
Pterophyllum_Scalare_BB,54.6,376,156,419,220
Pterophyllum_Scalare_YWB,54.6,714,160,822,280
Pterophyllum_Scalare_B,54.6,984,523,1044,617
Pterophyllum_Scalare_Y,54.6,809,392,849,461
Pterophyllum_Scalare_Y,54.7,808,392,851,463
Pterophyllum_Scalare_YWB,54.7,712,162,820,283
Pterophyllum_Scalare_B,54.7,986,525,1047,619
Pterophyllum_Scalare_BB,54.7,375,152,417,218
Pterophyllum_Scalare_B,54.8,989,530,1049,620
Pterophyllum_Scalare_BB,54.8,374,148,415,215
Pterophyllum_Scalare_YWB,54.8,712,163,820,284
Pterophyllum_Scalare_Y,54.8,806,392,852,464
Pterophyllum_Scalare_BB,54.9,374,145,414,213
Pterophyllum_Scalare_Y,54.9,771,439,811,502
Pterophyllum_Scalare_YWB,54.9,712,163,817,285
Pterophyllum_Scalare_B,54.9,990,534,1051,619
Pterophyllum_Scalare_Y,54.9,806,390,853,465
Pterophyllum_Scalare_Y,55.0,805,389,854,465
Pterophyllum_Scalare_B,55.0,993,531,1054,623
Pterophyllum_Scalare_YWB,55.0,713,162,819,287
Pterophyllum_Scalare_BB,55.0,372,142,413,209
Pterophyllum_Scalare_BB,55.1,371,137,413,207
Pterophyllum_Scalare_Y,55.1,805,387,855,465
Corydoras_Panda,55.1,512,541,551,579
Pterophyllum_Scalare_YWB,55.1,715,164,820,289
Pterophyllum_Scalare_B,55.1,996,534,1055,624
Pterophyllum_Scalare_BB,55.2,369,136,413,204
Pterophyllum_Scalare_Y,55.2,804,386,856,465
Pterophyllum_Scalare_YWB,55.2,715,165,819,290
Pterophyllum_Scalare_Y,55.3,804,385,857,465
G_Matriarche,55.3,781,448,810,506
Pterophyllum_Scalare_YWB,55.3,716,167,820,291
Pterophyllum_Scalare_BB,55.3,367,133,411,201
Pterophyllum_Scalare_Y,55.4,804,385,859,465
Pterophyllum_Scalare_YWB,55.4,716,168,819,293
Pterophyllum_Scalare_BB,55.4,367,130,409,200
G_Matriarche,55.4,780,453,813,508
Pterophyllum_Scalare_YWB,55.5,717,168,821,294
Pterophyllum_Scalare_Y,55.5,803,384,862,464
Pterophyllum_Scalare_BB,55.5,366,128,408,199
Pterophyllum_Scalare_BB,55.6,364,126,408,197
Pterophyllum_Scalare_Y,55.6,804,385,865,464
Pterophyllum_Scalare_B,55.6,1011,537,1059,630
Pterophyllum_Scalare_YWB,55.6,719,169,824,296
Pterophyllum_Scalare_YWB,55.7,721,173,824,298
Pterophyllum_Scalare_Y,55.7,805,384,867,465
Pterophyllum_Scalare_W,55.7,759,472,797,509
Pterophyllum_Scalare_BB,55.7,360,126,406,196
Pterophyllum_Scalare_YWB,55.8,723,176,827,298
Corydoras_Panda,55.8,1010,534,1041,581
Pterophyllum_Scalare_W,55.8,781,471,823,519
Pterophyllum_Scalare_BB,55.8,358,124,404,195
Pterophyllum_Scalare_Y,55.8,805,384,869,464
G_Matriarche,55.9,779,481,831,520
Pterophyllum_Scalare_YWB,55.9,724,177,825,302
Pterophyllum_Scalare_BB,55.9,357,121,403,194
Pterophyllum_Scalare_Y,55.9,806,384,871,465
Pterophyllum_Scalare_B,56.0,1017,543,1057,627
Pterophyllum_Scalare_W,56.0,759,474,796,504
G_Matriarche,56.0,775,485,838,523
Pterophyllum_Scalare_BB,56.0,354,119,400,193
Pterophyllum_Scalare_Y,56.0,807,385,873,465
Pterophyllum_Scalare_YWB,56.0,724,185,826,304
Pterophyllum_Scalare_W,56.1,759,475,799,505
Pterophyllum_Scalare_Y,56.1,809,385,875,465
Pterophyllum_Scalare_BB,56.1,352,119,398,192
Pterophyllum_Scalare_YWB,56.1,725,188,826,307
G_Matriarche,56.1,772,489,843,526
G_Matriarche,56.2,770,494,845,528
Pterophyllum_Scalare_W,56.2,759,475,802,507
Pterophyllum_Scalare_Y,56.2,809,385,876,465
Pterophyllum_Scalare_BB,56.2,346,119,393,193
Pterophyllum_Scalare_YWB,56.2,728,189,829,310
Pterophyllum_Scalare_BB,56.3,343,116,392,193
Pterophyllum_Scalare_Y,56.3,810,385,879,465
Pterophyllum_Scalare_W,56.3,758,475,801,507
G_Matriarche,56.3,768,499,844,531
Pterophyllum_Scalare_YWB,56.3,730,193,831,313
Pterophyllum_Scalare_BB,56.4,341,114,389,193
G_Matriarche,56.4,766,500,848,533
Pterophyllum_Scalare_YWB,56.4,733,193,834,315
Pterophyllum_Scalare_W,56.4,758,475,801,508
Pterophyllum_Scalare_Y,56.4,811,385,880,465
Pterophyllum_Scalare_W,56.5,758,475,799,509
G_Matriarche,56.5,764,502,848,535
Pterophyllum_Scalare_Y,56.5,813,384,882,466
Pterophyllum_Scalare_YWB,56.5,734,194,835,317
Pterophyllum_Scalare_BB,56.5,339,113,384,192
Pterophyllum_Scalare_YWB,56.6,735,195,833,321
Pterophyllum_Scalare_Y,56.6,814,385,884,466
G_Matriarche,56.6,764,503,848,536
Pterophyllum_Scalare_BB,56.6,335,111,384,193
Pterophyllum_Scalare_W,56.6,758,475,802,508
Pterophyllum_Scalare_Y,56.7,815,386,886,466
Pterophyllum_Scalare_BB,56.7,331,111,384,192
Pterophyllum_Scalare_W,56.7,759,476,801,509
Pterophyllum_Scalare_YWB,56.7,740,196,832,326
G_Matriarche,56.7,764,504,849,536
Pterophyllum_Scalare_W,56.8,757,476,801,509
Pterophyllum_Scalare_YWB,56.8,744,199,830,330
Pterophyllum_Scalare_BB,56.8,326,110,385,191
Pterophyllum_Scalare_Y,56.8,816,385,886,467
G_Matriarche,56.8,763,504,849,536
Pterophyllum_Scalare_YWB,56.9,746,202,828,334
G_Matriarche,56.9,761,503,846,537
Pterophyllum_Scalare_BB,56.9,322,110,387,189
Pterophyllum_Scalare_Y,56.9,818,385,888,467
Pterophyllum_Scalare_W,56.9,756,476,801,509
Pterophyllum_Scalare_W,57.0,758,476,802,510
Pterophyllum_Scalare_Y,57.0,820,384,889,467
G_Matriarche,57.0,762,504,845,537
Pterophyllum_Scalare_BB,57.0,320,110,389,188
Pterophyllum_Scalare_YWB,57.0,747,206,827,339
Pterophyllum_Scalare_BB,57.1,317,110,391,188
Pterophyllum_Scalare_W,57.1,759,476,800,509
Pterophyllum_Scalare_YWB,57.1,748,211,825,342
G_Matriarche,57.1,761,505,846,537
Pterophyllum_Scalare_Y,57.1,820,385,891,467
Pterophyllum_Scalare_BB,57.2,317,109,392,187
Pterophyllum_Scalare_Y,57.2,821,385,892,467
G_Matriarche,57.2,761,504,845,538
Pterophyllum_Scalare_YWB,57.2,753,216,819,346
Pterophyllum_Scalare_W,57.2,760,476,801,509
Pterophyllum_Scalare_Y,57.3,824,385,896,470
G_Matriarche,57.3,761,505,843,539
Pterophyllum_Scalare_BB,57.3,317,107,395,186
Pterophyllum_Scalare_Y,57.4,827,386,904,474
Pterophyllum_Scalare_B,57.4,951,562,1022,654
Pterophyllum_Scalare_BB,57.4,317,105,398,185
G_Matriarche,57.4,761,505,844,539
Pterophyllum_Scalare_Y,57.5,831,387,910,474
Pterophyllum_Scalare_BB,57.5,319,105,400,184
G_Matriarche,57.5,761,506,843,540
Pterophyllum_Scalare_BB,57.5,765,244,802,372
Pterophyllum_Scalare_BB,57.5,765,283,802,371
Pterophyllum_Scalare_BB,57.6,320,104,403,183
Pterophyllum_Scalare_YWB,57.6,768,246,806,380
G_Matriarche,57.6,762,507,842,540
Pterophyllum_Scalare_Y,57.6,836,388,913,475
G_Matriarche,57.7,763,508,842,541
Pterophyllum_Scalare_BB,57.7,321,102,406,182
Pterophyllum_Scalare_Y,57.7,839,390,919,475
Pterophyllum_Scalare_Y,57.8,845,394,928,476
Pterophyllum_Scalare_YWB,57.8,775,300,818,391
Pterophyllum_Scalare_BB,57.8,323,103,410,180
G_Matriarche,57.8,763,509,843,542
Pterophyllum_Scalare_Y,57.9,851,393,933,476
Pterophyllum_Scalare_YWB,57.9,785,314,824,400
G_Matriarche,57.9,764,510,843,543
Pterophyllum_Scalare_BB,57.9,325,101,414,178
Pterophyllum_Scalare_YWB,58.0,793,331,834,410
Pterophyllum_Scalare_BB,58.0,332,100,422,177
G_Matriarche,58.0,764,512,846,544
Pterophyllum_Scalare_Y,58.0,870,400,946,475
Pterophyllum_Scalare_BB,58.1,338,99,429,177
Pterophyllum_Scalare_Y,58.1,884,403,959,479
Pterophyllum_Scalare_YWB,58.1,802,346,850,421
G_Matriarche,58.1,763,512,845,546
Pterophyllum_Scalare_YWB,58.2,819,356,864,439
Pterophyllum_Scalare_Y,58.2,906,404,977,477
Pterophyllum_Scalare_BB,58.2,342,98,434,176
G_Matriarche,58.2,764,514,844,548
Pterophyllum_Scalare_Y,58.3,925,406,994,476
Pterophyllum_Scalare_W,58.3,788,478,822,515
G_Matriarche,58.3,764,516,847,549
Pterophyllum_Scalare_BB,58.3,351,98,444,176
Pterophyllum_Scalare_YWB,58.3,831,373,875,454
Pterophyllum_Scalare_YWB,58.4,845,386,888,469
G_Matriarche,58.4,763,518,845,551
Pterophyllum_Scalare_W,58.4,790,479,825,515
Pterophyllum_Scalare_Y,58.4,940,402,1016,474
Pterophyllum_Scalare_BB,58.4,360,98,453,176
Pterophyllum_Scalare_BB,58.5,368,97,460,175
G_Matriarche,58.5,763,520,844,553
Pterophyllum_Scalare_YWB,58.5,855,402,894,485
Corydoras_Albinos,58.5,717,632,759,659
Pterophyllum_Scalare_Y,58.5,957,399,1036,470
Pterophyllum_Scalare_W,58.5,790,479,827,515
Pterophyllum_Scalare_W,58.6,791,479,830,516
Pterophyllum_Scalare_Y,58.6,975,399,1057,467
Pterophyllum_Scalare_YWB,58.6,853,406,896,493
G_Matriarche,58.6,763,521,846,555
Pterophyllum_Scalare_BB,58.6,378,97,470,173
Pterophyllum_Scalare_Y,58.7,994,397,1074,468
Pterophyllum_Scalare_BB,58.7,389,97,478,171
Pterophyllum_Scalare_YWB,58.7,843,404,901,500
Pterophyllum_Scalare_W,58.7,793,480,833,516
G_Matriarche,58.7,761,524,844,558
Pterophyllum_Scalare_Y,58.8,1009,396,1088,467
G_Matriarche,58.8,760,527,843,559
Pterophyllum_Scalare_YWB,58.8,837,405,908,504
Pterophyllum_Scalare_W,58.8,796,480,834,518
Pterophyllum_Scalare_BB,58.8,397,96,486,170
Pterophyllum_Scalare_YWB,58.9,834,405,906,505
Pterophyllum_Scalare_BB,58.9,404,95,493,170
Pterophyllum_Scalare_W,58.9,800,481,836,519
Pterophyllum_Scalare_Y,58.9,1023,395,1098,467
G_Matriarche,58.9,760,528,847,561
Pterophyllum_Scalare_BB,59.0,411,93,499,169
Pterophyllum_Scalare_Y,59.0,1034,394,1106,469
Pterophyllum_Scalare_YWB,59.0,832,405,904,504
G_Matriarche,59.0,760,530,849,563
Pterophyllum_Scalare_W,59.0,803,482,838,520
Pterophyllum_Scalare_Y,59.1,1041,393,1113,469
Pterophyllum_Scalare_YWB,59.1,830,407,902,505
G_Matriarche,59.1,759,531,847,565
Pterophyllum_Scalare_W,59.1,806,483,840,521
Pterophyllum_Scalare_BB,59.1,415,92,505,168
Botia_Almorhae,59.2,413,493,447,523
Pterophyllum_Scalare_BB,59.2,422,91,512,167
G_Matriarche,59.2,760,534,846,566
Pterophyllum_Scalare_W,59.2,809,485,843,521
Pterophyllum_Scalare_YWB,59.2,829,407,903,504
Pterophyllum_Scalare_Y,59.2,1051,394,1119,470
Pterophyllum_Scalare_BB,59.3,428,92,518,165
Pterophyllum_Scalare_YWB,59.3,826,407,900,503
Pterophyllum_Scalare_Y,59.3,1058,395,1124,472
G_Matriarche,59.3,760,535,848,567
Pterophyllum_Scalare_W,59.3,811,485,845,522
Botia_Almorhae,59.3,401,495,449,528
Pterophyllum_Scalare_Y,59.4,1063,396,1128,474
G_Matriarche,59.4,758,536,844,568
Pterophyllum_Scalare_BB,59.4,433,93,520,165
Pterophyllum_Scalare_W,59.4,813,485,847,525
Pterophyllum_Scalare_YWB,59.4,824,406,898,504
Botia_Almorhae,59.4,393,498,449,532
Botia_Almorhae,59.5,379,501,445,534
Pterophyllum_Scalare_W,59.5,813,485,848,526
Pterophyllum_Scalare_BB,59.5,435,94,520,166
Pterophyllum_Scalare_YWB,59.5,822,407,897,504
Pterophyllum_Scalare_Y,59.5,1067,397,1132,476
G_Matriarche,59.5,755,537,841,570
Pterophyllum_Scalare_Y,59.6,1073,398,1135,477
G_Matriarche,59.6,754,538,844,571
Pterophyllum_Scalare_BB,59.6,437,95,525,167
Pterophyllum_Scalare_W,59.6,816,485,848,525
Pterophyllum_Scalare_YWB,59.6,821,407,897,503
Botia_Almorhae,59.6,371,500,446,536
Pterophyllum_Scalare_YWB,59.7,821,408,898,503
Pterophyllum_Scalare_BB,59.7,439,95,529,167
G_Matriarche,59.7,752,538,845,572
Pterophyllum_Scalare_Y,59.7,1077,399,1137,479
Pterophyllum_Scalare_BB,59.8,442,94,531,167
Pterophyllum_Scalare_YWB,59.8,822,408,899,503
G_Matriarche,59.8,752,538,844,572
Pterophyllum_Scalare_Y,59.8,1081,401,1139,480
Pterophyllum_Scalare_Y,59.9,1085,403,1142,482
Pterophyllum_Scalare_BB,59.9,445,94,534,169
G_Matriarche,59.9,751,539,844,572
Pterophyllum_Scalare_YWB,59.9,822,408,900,503
Pterophyllum_Scalare_Y,60.0,1088,405,1144,485
Pterophyllum_Scalare_YWB,60.0,822,408,901,504
G_Matriarche,60.0,752,540,844,572
Pterophyllum_Scalare_BB,60.0,445,94,537,170
Botia_Almorhae,60.0,320,514,409,550
Pterophyllum_Scalare_Y,60.1,1089,407,1145,487
Pterophyllum_Scalare_YWB,60.1,821,409,900,504
Pterophyllum_Scalare_BB,60.1,445,94,537,170
Botia_Almorhae,60.1,311,511,401,553
G_Matriarche,60.1,752,541,844,573
Botia_Almorhae,60.2,1008,608,1060,633
Pterophyllum_Scalare_BB,60.2,445,92,538,171
G_Matriarche,60.2,753,541,844,573
Pterophyllum_Scalare_Y,60.2,1092,409,1146,488
Pterophyllum_Scalare_YWB,60.2,821,408,901,504
Botia_Almorhae,60.2,305,509,400,554
Pterophyllum_Scalare_Y,60.3,1095,410,1147,490
Pterophyllum_Scalare_YWB,60.3,821,409,901,503
Pterophyllum_Scalare_BB,60.3,445,91,539,171
Botia_Almorhae,60.3,298,507,385,555
G_Matriarche,60.3,753,542,844,574
Pterophyllum_Scalare_BB,60.4,448,91,541,171
Botia_Almorhae,60.4,286,505,380,551
Pterophyllum_Scalare_YWB,60.4,821,410,903,503
Pterophyllum_Scalare_Y,60.4,1096,412,1148,491
G_Matriarche,60.4,754,543,845,575
Pterophyllum_Scalare_YWB,60.5,821,411,902,503
Pterophyllum_Scalare_BB,60.5,452,90,544,172
G_Matriarche,60.5,754,543,844,576
Botia_Almorhae,60.5,283,502,366,546
Pterophyllum_Scalare_Y,60.5,1098,414,1150,492
Pterophyllum_Scalare_YWB,60.6,821,411,900,503
G_Matriarche,60.6,754,544,844,577
Pterophyllum_Scalare_Y,60.6,1100,414,1151,493
Botia_Almorhae,60.6,272,499,338,537
Pterophyllum_Scalare_BB,60.6,454,92,547,174
Pterophyllum_Scalare_BB,60.7,455,94,549,176
Pterophyllum_Scalare_Y,60.7,1102,417,1152,495
Pterophyllum_Scalare_YWB,60.7,821,411,901,503
G_Matriarche,60.7,755,544,846,578
Pterophyllum_Scalare_W,60.7,838,509,862,544
Pterophyllum_Scalare_YWB,60.8,821,412,902,502
Pterophyllum_Scalare_BB,60.8,458,96,550,179
Pterophyllum_Scalare_Y,60.8,1103,419,1152,496
Pterophyllum_Scalare_B,60.8,902,573,975,656
G_Matriarche,60.8,755,545,845,578
Pterophyllum_Scalare_W,60.8,839,510,862,545
Pterophyllum_Scalare_W,60.9,839,510,862,545
Pterophyllum_Scalare_BB,60.9,459,98,552,183
Pterophyllum_Scalare_YWB,60.9,820,412,903,502
Pterophyllum_Scalare_Y,60.9,1105,421,1153,498
Pterophyllum_Scalare_B,60.9,900,575,970,655
G_Matriarche,60.9,757,545,845,578
Botia_Almorhae,61.0,243,492,289,534
Pterophyllum_Scalare_BB,61.0,463,101,554,186
G_Matriarche,61.0,757,546,847,578
Pterophyllum_Scalare_W,61.0,840,511,863,545
Pterophyllum_Scalare_YWB,61.0,820,412,900,501
Pterophyllum_Scalare_Y,61.0,1106,422,1154,499
Pterophyllum_Scalare_Y,61.1,1108,424,1155,500
G_Matriarche,61.1,758,546,847,577
Botia_Almorhae,61.1,238,493,295,531
Pterophyllum_Scalare_YWB,61.1,820,412,900,501
Pterophyllum_Scalare_BB,61.1,468,104,557,190
Botia_Almorhae,61.2,223,494,301,533
G_Matriarche,61.2,758,546,847,577
Pterophyllum_Scalare_BB,61.2,472,106,562,193
Pterophyllum_Scalare_YWB,61.2,819,411,902,500
Pterophyllum_Scalare_Y,61.2,1110,425,1156,501
Pterophyllum_Scalare_YWB,61.3,818,411,900,501
G_Matriarche,61.3,759,546,850,577
Pterophyllum_Scalare_Y,61.3,1111,426,1157,503
Pterophyllum_Scalare_BB,61.3,476,106,565,197
Botia_Almorhae,61.3,225,493,313,534
Pterophyllum_Scalare_BB,61.4,478,108,567,202
G_Matriarche,61.4,760,546,850,577
Botia_Almorhae,61.4,235,481,331,532
Pterophyllum_Scalare_YWB,61.4,818,412,897,500
Pterophyllum_Scalare_Y,61.4,1113,427,1158,504
Pterophyllum_Scalare_Y,61.5,1114,429,1159,505
G_Matriarche,61.5,760,547,851,577
Pterophyllum_Scalare_YWB,61.5,817,411,900,499
Pterophyllum_Scalare_BB,61.5,482,112,569,208
Botia_Striata,61.5,265,472,344,528
Botia_Almorhae,61.6,272,471,354,528
Corydoras_Albinos,61.6,718,632,758,660
Pterophyllum_Scalare_BB,61.6,484,115,571,214
Pterophyllum_Scalare_YWB,61.6,816,411,899,498
Pterophyllum_Scalare_Y,61.6,1115,429,1160,506
G_Matriarche,61.6,762,548,852,579
Pterophyllum_Scalare_Y,61.7,1116,429,1160,506
Pterophyllum_Scalare_YWB,61.7,814,410,897,496
G_Matriarche,61.7,762,548,853,579
Pterophyllum_Scalare_BB,61.7,486,118,573,219
Pterophyllum_Scalare_BB,61.8,489,123,574,223
Pterophyllum_Scalare_Y,61.8,1117,430,1161,507
G_Matriarche,61.8,764,548,853,580
Pterophyllum_Scalare_YWB,61.8,811,409,893,494
Pterophyllum_Scalare_Y,61.9,1118,430,1162,507
Pterophyllum_Scalare_W,61.9,841,507,863,545
Pterophyllum_Scalare_BB,61.9,492,128,576,227
Pterophyllum_Scalare_YWB,61.9,805,406,888,490
G_Matriarche,61.9,764,550,854,582
Pterophyllum_Scalare_W,62.0,841,500,862,545
Pterophyllum_Scalare_Y,62.0,1119,430,1162,508
G_Matriarche,62.0,765,550,855,583
Pterophyllum_Scalare_BB,62.0,495,134,579,232
Pterophyllum_Scalare_YWB,62.0,798,404,884,487
Pterophyllum_Scalare_YWB,62.1,793,401,878,484
G_Matriarche,62.1,765,551,855,583
Pterophyllum_Scalare_W,62.1,841,494,863,545
Pterophyllum_Scalare_BB,62.1,497,138,581,237
Pterophyllum_Scalare_Y,62.1,1121,431,1163,508
Pterophyllum_Scalare_W,62.2,841,504,863,546
Pterophyllum_Scalare_Y,62.2,1122,431,1163,508
G_Matriarche,62.2,766,551,855,584
Pterophyllum_Scalare_YWB,62.2,784,399,873,481
Pterophyllum_Scalare_BB,62.2,502,144,582,242
Pterophyllum_Scalare_YWB,62.3,777,395,868,478
G_Matriarche,62.3,767,551,855,584
Pterophyllum_Scalare_Y,62.3,1122,431,1164,508
Pterophyllum_Scalare_BB,62.3,505,149,585,248
Pterophyllum_Scalare_W,62.3,842,494,863,545
Pterophyllum_Scalare_Y,62.4,1123,431,1164,508
Pterophyllum_Scalare_YWB,62.4,774,393,859,469
Corydoras_Albinos,62.4,718,631,759,660
Pterophyllum_Scalare_W,62.4,841,491,863,545
Pterophyllum_Scalare_BB,62.4,510,154,587,253
G_Matriarche,62.4,766,551,855,584
Pterophyllum_Scalare_YWB,62.5,767,390,854,466
Pterophyllum_Scalare_BB,62.5,512,158,589,258
Pterophyllum_Scalare_W,62.5,841,493,864,545
G_Matriarche,62.5,767,551,856,584
Pterophyllum_Scalare_Y,62.5,1123,431,1164,509
Pterophyllum_Scalare_BB,62.6,515,164,591,263
G_Matriarche,62.6,767,550,856,584
Pterophyllum_Scalare_YWB,62.6,758,386,845,462
Pterophyllum_Scalare_Y,62.6,1124,432,1164,510
Corydoras_Albinos,62.6,717,631,760,660
Pterophyllum_Scalare_W,62.6,842,503,865,546
Pterophyllum_Scalare_W,62.7,842,507,868,546
Corydoras_Albinos,62.7,717,632,759,660
G_Matriarche,62.7,766,550,855,582
Pterophyllum_Scalare_BB,62.7,516,168,592,267
Pterophyllum_Scalare_YWB,62.7,753,384,840,458
Pterophyllum_Scalare_Y,62.7,1125,432,1165,510
Pterophyllum_Scalare_Y,62.8,1125,432,1165,511
Pterophyllum_Scalare_YWB,62.8,749,381,834,450
Pterophyllum_Scalare_BB,62.8,519,174,594,272
G_Matriarche,62.8,767,549,855,582
Pterophyllum_Scalare_W,62.8,842,507,869,547
Pterophyllum_Scalare_W,62.9,841,506,870,546
Pterophyllum_Scalare_YWB,62.9,745,378,829,438
Pterophyllum_Scalare_BB,62.9,524,178,595,276
G_Matriarche,62.9,766,547,854,580
Pterophyllum_Scalare_Y,62.9,1126,432,1165,511
Pterophyllum_Scalare_W,63.0,842,503,872,547
Pterophyllum_Scalare_BB,63.0,526,182,596,281
G_Matriarche,63.0,766,545,853,578
Pterophyllum_Scalare_Y,63.0,1127,433,1165,512
Pterophyllum_Scalare_YWB,63.0,742,375,827,434
Pterophyllum_Scalare_Y,63.1,1127,432,1166,511
Pterophyllum_Scalare_W,63.1,844,505,873,548
Pterophyllum_Scalare_YWB,63.1,737,372,821,431
G_Matriarche,63.1,765,543,852,577
Pterophyllum_Scalare_BB,63.1,529,188,597,284
Pterophyllum_Scalare_BB,63.2,532,191,598,289
Pterophyllum_Scalare_W,63.2,842,505,874,549
G_Matriarche,63.2,765,540,852,575
Pterophyllum_Scalare_Y,63.2,1128,433,1166,511
Pterophyllum_Scalare_YWB,63.2,734,370,815,428
Pterophyllum_Scalare_YWB,63.3,730,368,811,426
G_Matriarche,63.3,765,538,849,572
Pterophyllum_Scalare_Y,63.3,1129,433,1166,511
Pterophyllum_Scalare_BB,63.3,534,196,599,293
Botia_Almorhae,63.4,458,357,489,427
Pterophyllum_Scalare_Y,63.4,1130,432,1166,511
Pterophyllum_Scalare_BB,63.4,534,200,599,296
Pterophyllum_Scalare_YWB,63.4,727,365,806,425
G_Matriarche,63.4,764,536,847,571
Pterophyllum_Scalare_Y,63.5,1131,432,1166,510
Pterophyllum_Scalare_BB,63.5,535,205,599,301
G_Matriarche,63.5,763,534,847,568
Pterophyllum_Scalare_YWB,63.5,723,364,803,422
Pterophyllum_Scalare_BB,63.6,536,208,600,306
Pterophyllum_Scalare_YWB,63.6,720,359,804,422
G_Matriarche,63.6,763,531,847,565
Pterophyllum_Scalare_Y,63.6,1132,433,1166,511
Botia_Striata,63.6,523,429,558,457
Pterophyllum_Scalare_BB,63.7,536,211,600,308
Pterophyllum_Scalare_Y,63.7,1133,432,1166,512
Botia_Striata,63.7,522,429,558,458
G_Matriarche,63.7,762,529,844,563
Pterophyllum_Scalare_YWB,63.7,717,357,801,422
G_Matriarche,63.8,762,527,845,560
Pterophyllum_Scalare_Y,63.8,1134,433,1166,512
Pterophyllum_Scalare_YWB,63.8,715,355,800,421
Pterophyllum_Scalare_BB,63.8,536,215,600,311
Pterophyllum_Scalare_Y,63.9,1135,432,1166,513
G_Matriarche,63.9,761,527,845,558
Pterophyllum_Scalare_YWB,63.9,713,353,798,420
Pterophyllum_Scalare_BB,63.9,537,218,601,314
G_Matriarche,64.0,761,525,844,557
Pterophyllum_Scalare_YWB,64.0,710,351,798,420
Pterophyllum_Scalare_Y,64.0,1136,433,1166,513
Pterophyllum_Scalare_BB,64.0,538,222,602,316
G_Matriarche,64.1,760,524,844,556
Pterophyllum_Scalare_YWB,64.1,709,349,795,419
Pterophyllum_Scalare_Y,64.1,1136,433,1166,514
Pterophyllum_Scalare_BB,64.1,538,226,603,319
Pterophyllum_Scalare_Y,64.2,1138,434,1166,514
Pterophyllum_Scalare_BB,64.2,539,229,603,322
Pterophyllum_Scalare_YWB,64.2,707,346,794,419
G_Matriarche,64.2,758,524,844,556
Pterophyllum_Scalare_Y,64.3,1139,434,1166,514
G_Matriarche,64.3,756,524,840,555
Pterophyllum_Scalare_YWB,64.3,705,345,793,417
Pterophyllum_Scalare_BB,64.3,538,232,604,324
Pterophyllum_Scalare_YWB,64.4,704,343,790,417
G_Matriarche,64.4,754,524,839,555
Pterophyllum_Scalare_W,64.4,843,509,881,554
Pterophyllum_Scalare_BB,64.4,538,236,604,326
Botia_Almorhae,64.4,443,273,479,365
Pterophyllum_Scalare_Y,64.4,1140,435,1166,514
Pterophyllum_Scalare_YWB,64.5,703,342,788,416
Botia_Almorhae,64.5,432,266,477,347
Pterophyllum_Scalare_W,64.5,843,509,881,554
Pterophyllum_Scalare_BB,64.5,536,238,603,328
G_Matriarche,64.5,750,524,834,555
Pterophyllum_Scalare_Y,64.5,1142,436,1166,513
Botia_Almorhae,64.6,424,266,478,344
G_Matriarche,64.6,748,524,832,555
Pterophyllum_Scalare_W,64.6,843,507,881,555
Pterophyllum_Scalare_Y,64.6,1144,438,1166,511
Pterophyllum_Scalare_YWB,64.6,702,340,786,415
Pterophyllum_Scalare_BB,64.6,535,240,602,330
Pterophyllum_Scalare_W,64.7,843,507,881,554
Botia_Almorhae,64.7,429,265,477,349
G_Matriarche,64.7,745,524,830,556
Pterophyllum_Scalare_BB,64.7,533,242,602,331
Pterophyllum_Scalare_Y,64.7,1146,438,1166,512
Pterophyllum_Scalare_YWB,64.7,701,339,784,414
Botia_Almorhae,64.8,427,267,476,354
Pterophyllum_Scalare_BB,64.8,533,245,601,332
Pterophyllum_Scalare_Y,64.8,1147,439,1166,511
G_Matriarche,64.8,742,524,826,556
Pterophyllum_Scalare_YWB,64.8,701,336,786,413
Pterophyllum_Scalare_W,64.8,843,506,881,554
Pterophyllum_Scalare_W,64.9,842,506,881,555
G_Matriarche,64.9,740,525,823,556
Pterophyllum_Scalare_Y,64.9,1148,440,1166,513
Botia_Almorhae,64.9,426,270,476,352
Pterophyllum_Scalare_YWB,64.9,702,330,784,411
Pterophyllum_Scalare_BB,64.9,533,245,601,333
Pterophyllum_Scalare_Y,65.0,1149,441,1166,518
Pterophyllum_Scalare_W,65.0,842,506,881,555
G_Matriarche,65.0,737,525,822,557
Botia_Almorhae,65.0,424,271,475,353
Pterophyllum_Scalare_YWB,65.0,704,328,786,410
Pterophyllum_Scalare_BB,65.0,530,247,599,335
Pterophyllum_Scalare_BB,65.1,528,248,597,338
Pterophyllum_Scalare_W,65.1,842,506,881,555
G_Matriarche,65.1,733,526,817,558
Pterophyllum_Scalare_YWB,65.1,704,328,788,407
Pterophyllum_Scalare_Y,65.1,1149,442,1167,520
Botia_Almorhae,65.1,423,274,475,353
G_Matriarche,65.2,731,527,813,559
Pterophyllum_Scalare_YWB,65.2,705,328,789,406
Pterophyllum_Scalare_Y,65.2,1149,444,1167,523
Botia_Almorhae,65.2,424,275,473,358
Pterophyllum_Scalare_BB,65.2,527,249,594,340
Pterophyllum_Scalare_W,65.2,842,506,881,556
Pterophyllum_Scalare_BB,65.3,526,250,593,340
Pterophyllum_Scalare_W,65.3,842,506,881,556
G_Matriarche,65.3,728,528,813,560
Pterophyllum_Scalare_YWB,65.3,706,327,790,405
Pterophyllum_Scalare_Y,65.3,1149,446,1168,524
Botia_Almorhae,65.3,420,280,471,355
Pterophyllum_Scalare_Y,65.4,1149,447,1168,524
G_Matriarche,65.4,725,530,811,562
Pterophyllum_Scalare_BB,65.4,526,252,592,340
Pterophyllum_Scalare_YWB,65.4,707,328,790,405
Botia_Almorhae,65.4,421,283,469,358
Pterophyllum_Scalare_W,65.4,841,506,881,556
G_Matriarche,65.5,724,531,808,564
Pterophyllum_Scalare_YWB,65.5,707,328,790,404
Botia_Almorhae,65.5,410,290,466,366
Pterophyllum_Scalare_Y,65.5,1148,449,1168,525
Pterophyllum_Scalare_BB,65.5,529,253,593,339
Pterophyllum_Scalare_W,65.5,842,506,881,555
Pterophyllum_Scalare_BB,65.6,533,252,594,336
G_Matriarche,65.6,722,533,806,566
Pterophyllum_Scalare_Y,65.6,1148,450,1168,525
Pterophyllum_Scalare_YWB,65.6,707,327,791,404
Botia_Almorhae,65.6,409,292,464,373
Pterophyllum_Scalare_W,65.6,842,506,881,555
Botia_Almorhae,65.7,426,286,461,377
Pterophyllum_Scalare_W,65.7,842,506,881,555
G_Matriarche,65.7,718,534,800,566
Pterophyllum_Scalare_Y,65.7,1147,452,1168,527
Pterophyllum_Scalare_BB,65.7,534,252,596,333
Pterophyllum_Scalare_YWB,65.7,707,326,791,404
Pterophyllum_Scalare_YWB,65.8,707,326,790,404
G_Matriarche,65.8,715,536,795,568
Pterophyllum_Scalare_BB,65.8,536,252,597,330
Pterophyllum_Scalare_W,65.8,842,506,881,555
Pterophyllum_Scalare_Y,65.8,1147,452,1168,529
Botia_Almorhae,65.8,404,283,456,369
Pterophyllum_Scalare_YWB,65.9,708,326,791,404
Botia_Almorhae,65.9,404,284,448,372
Pterophyllum_Scalare_Y,65.9,1146,454,1168,530
Pterophyllum_Scalare_W,65.9,842,507,881,554
Pterophyllum_Scalare_BB,65.9,536,251,596,329
G_Matriarche,65.9,713,535,796,568
Pterophyllum_Scalare_BB,66.0,537,251,595,329
G_Matriarche,66.0,711,535,790,570
Pterophyllum_Scalare_Y,66.0,1145,456,1167,532
Botia_Almorhae,66.0,385,284,442,374
Pterophyllum_Scalare_YWB,66.0,708,327,792,405
Pterophyllum_Scalare_W,66.0,848,510,881,553
Pterophyllum_Scalare_YWB,66.1,708,325,793,405
G_Matriarche,66.1,708,535,787,570
Pterophyllum_Scalare_BB,66.1,536,250,595,329
Botia_Almorhae,66.1,387,287,434,379
Pterophyllum_Scalare_W,66.1,850,514,882,554
Pterophyllum_Scalare_Y,66.1,1145,456,1167,534
Pterophyllum_Scalare_W,66.2,853,516,882,553
Pterophyllum_Scalare_BB,66.2,535,250,593,328
Botia_Almorhae,66.2,363,292,423,381
Pterophyllum_Scalare_Y,66.2,1144,457,1168,534
Pterophyllum_Scalare_YWB,66.2,708,325,792,405
G_Matriarche,66.2,701,534,775,570
Botia_Almorhae,66.3,367,296,418,381
Pterophyllum_Scalare_W,66.3,854,516,882,553
Pterophyllum_Scalare_BB,66.3,535,249,593,328
Pterophyllum_Scalare_YWB,66.3,709,325,792,406
G_Matriarche,66.3,694,536,781,570
Pterophyllum_Scalare_Y,66.3,1144,458,1167,537
Botia_Almorhae,66.4,350,301,413,380
Pterophyllum_Scalare_Y,66.4,1143,459,1167,537
Pterophyllum_Scalare_YWB,66.4,709,326,793,407
Pterophyllum_Scalare_BB,66.4,535,249,593,327
Pterophyllum_Scalare_B,66.4,940,609,994,679
Pterophyllum_Scalare_W,66.4,853,517,882,553
G_Matriarche,66.4,687,536,780,570
Pterophyllum_Scalare_B,66.5,940,609,994,680
Pterophyllum_Scalare_Y,66.5,1143,462,1166,538
Pterophyllum_Scalare_W,66.5,854,517,882,553
Pterophyllum_Scalare_YWB,66.5,709,326,793,407
Pterophyllum_Scalare_BB,66.5,535,249,592,327
Botia_Almorhae,66.5,352,307,409,379
G_Matriarche,66.5,685,536,776,570
Pterophyllum_Scalare_YWB,66.6,709,327,794,407
Pterophyllum_Scalare_BB,66.6,534,248,591,327
Botia_Almorhae,66.6,334,314,408,381
Pterophyllum_Scalare_B,66.6,941,610,994,678
Pterophyllum_Scalare_W,66.6,853,517,882,553
G_Matriarche,66.6,683,536,773,571
Pterophyllum_Scalare_Y,66.6,1142,462,1166,540
Pterophyllum_Scalare_BB,66.7,533,248,590,329
Pterophyllum_Scalare_W,66.7,853,518,882,553
Pterophyllum_Scalare_YWB,66.7,709,327,793,408
Botia_Striata,66.7,763,612,820,641
Pterophyllum_Scalare_Y,66.7,1142,464,1166,540
Botia_Almorhae,66.7,336,318,406,386
G_Matriarche,66.7,680,534,769,572
Pterophyllum_Scalare_BB,66.8,532,248,589,330
Pterophyllum_Scalare_W,66.8,853,518,882,554
Pterophyllum_Scalare_Y,66.8,1141,465,1165,542
Pterophyllum_Scalare_YWB,66.8,709,328,793,408
G_Matriarche,66.8,679,534,766,572
Botia_Almorhae,66.8,322,319,405,395
Corydoras_Panda,66.9,763,617,816,646
Botia_Almorhae,66.9,336,320,403,403
Pterophyllum_Scalare_Y,66.9,1140,467,1165,542
Pterophyllum_Scalare_W,66.9,854,518,882,554
Pterophyllum_Scalare_BB,66.9,531,248,589,330
G_Matriarche,66.9,677,536,764,573
Pterophyllum_Scalare_YWB,66.9,709,328,793,408
Pterophyllum_Scalare_YWB,67.0,709,328,793,408
Corydoras_Albinos,67.0,717,631,761,662
G_Matriarche,67.0,674,536,761,573
Botia_Almorhae,67.0,331,318,403,402
Pterophyllum_Scalare_Y,67.0,1140,468,1164,543
Pterophyllum_Scalare_BB,67.0,531,248,588,330
Pterophyllum_Scalare_W,67.0,856,519,883,555
Botia_Striata,67.0,755,618,829,647
Pterophyllum_Scalare_BB,67.1,529,249,586,330
G_Matriarche,67.1,672,538,759,573
Pterophyllum_Scalare_YWB,67.1,709,328,794,408
Corydoras_Albinos,67.1,718,631,759,662
Botia_Almorhae,67.1,334,319,404,394
Corydoras_Panda,67.1,753,617,820,646
Pterophyllum_Scalare_Y,67.1,1139,470,1164,544
Pterophyllum_Scalare_W,67.1,858,520,883,556
Pterophyllum_Scalare_YWB,67.2,709,329,795,408
G_Matriarche,67.2,669,538,755,574
Pterophyllum_Scalare_Y,67.2,1139,472,1164,546
Botia_Almorhae,67.2,340,322,405,392
Corydoras_Albinos,67.2,718,632,759,662
Pterophyllum_Scalare_W,67.2,858,524,881,555
Pterophyllum_Scalare_BB,67.2,528,249,584,330
Pterophyllum_Scalare_Y,67.3,1138,474,1163,547
Botia_Almorhae,67.3,324,322,407,395
Corydoras_Albinos,67.3,718,632,758,662
Pterophyllum_Scalare_W,67.3,859,524,881,555
G_Matriarche,67.3,666,539,750,574
Pterophyllum_Scalare_BB,67.3,527,249,582,331
Pterophyllum_Scalare_YWB,67.3,709,330,794,409
Pterophyllum_Scalare_BB,67.4,526,250,580,331
G_Matriarche,67.4,663,541,751,576
Pterophyllum_Scalare_W,67.4,859,525,882,555
Botia_Almorhae,67.4,319,321,406,396
Pterophyllum_Scalare_YWB,67.4,709,331,794,409
Pterophyllum_Scalare_Y,67.4,1138,477,1162,549
Corydoras_Albinos,67.4,718,632,759,663
Botia_Almorhae,67.5,336,322,404,405
Pterophyllum_Scalare_Y,67.5,1137,479,1162,550
Pterophyllum_Scalare_W,67.5,859,525,882,555
Corydoras_Albinos,67.5,718,632,760,663
Pterophyllum_Scalare_BB,67.5,525,251,579,332
Pterophyllum_Scalare_YWB,67.5,709,331,794,409
G_Matriarche,67.5,659,542,747,576
G_Matriarche,67.6,658,544,746,577
Botia_Almorhae,67.6,331,320,404,405
Corydoras_Albinos,67.6,718,632,759,663
Pterophyllum_Scalare_Y,67.6,1136,478,1163,552
Pterophyllum_Scalare_YWB,67.6,709,332,794,409
Pterophyllum_Scalare_W,67.6,859,525,881,555
Pterophyllum_Scalare_BB,67.6,524,252,576,333
Pterophyllum_Scalare_BB,67.7,523,253,574,333
Pterophyllum_Scalare_YWB,67.7,709,334,794,409
Pterophyllum_Scalare_Y,67.7,1136,480,1163,553
Corydoras_Albinos,67.7,718,631,758,663
Botia_Almorhae,67.7,333,318,403,405
Pterophyllum_Scalare_W,67.7,859,525,882,556
G_Matriarche,67.7,655,543,742,577
Pterophyllum_Scalare_Y,67.8,1135,481,1163,554
Botia_Almorhae,67.8,344,321,400,409
Corydoras_Albinos,67.8,718,632,758,663
Pterophyllum_Scalare_W,67.8,861,525,882,557
Pterophyllum_Scalare_YWB,67.8,710,334,794,412
Pterophyllum_Scalare_BB,67.8,522,258,571,334
G_Matriarche,67.8,654,542,740,578
Pterophyllum_Scalare_W,67.9,861,524,881,557
Corydoras_Albinos,67.9,718,632,756,662
Pterophyllum_Scalare_BB,67.9,520,260,569,341
G_Matriarche,67.9,653,540,739,579
Pterophyllum_Scalare_Y,67.9,1135,481,1163,555
Pterophyllum_Scalare_YWB,67.9,712,336,795,413
Botia_Almorhae,67.9,334,322,401,403
Botia_Almorhae,68.0,341,321,403,395
G_Matriarche,68.0,652,539,735,580
Pterophyllum_Scalare_Y,68.0,1134,483,1163,557
Pterophyllum_Scalare_BB,68.0,517,264,567,343
Pterophyllum_Scalare_W,68.0,863,526,882,559
Pterophyllum_Scalare_YWB,68.0,712,336,796,412
G_Matriarche,68.1,652,538,736,582
Pterophyllum_Scalare_BB,68.1,516,269,565,345
Pterophyllum_Scalare_Y,68.1,1133,482,1162,559
Botia_Almorhae,68.1,336,320,403,401
Corydoras_Albinos,68.1,718,631,758,663
Pterophyllum_Scalare_YWB,68.1,713,338,797,412
Pterophyllum_Scalare_Y,68.2,1132,480,1163,560
Pterophyllum_Scalare_BB,68.2,515,275,563,345
Pterophyllum_Scalare_YWB,68.2,713,339,797,415
Corydoras_Albinos,68.2,718,632,757,663
Botia_Almorhae,68.2,334,321,403,402
G_Matriarche,68.2,650,538,734,584
Corydoras_Albinos,68.3,717,632,757,663
G_Matriarche,68.3,648,542,729,582
Botia_Almorhae,68.3,342,320,403,395
Pterophyllum_Scalare_BB,68.3,514,279,562,346
Pterophyllum_Scalare_YWB,68.3,713,340,797,417
Pterophyllum_Scalare_Y,68.3,1130,484,1162,561
Corydoras_Albinos,68.4,335,320,405,396
Pterophyllum_Scalare_W,68.4,864,527,883,558
Pterophyllum_Scalare_B,68.4,969,569,1005,652
Pterophyllum_Scalare_YWB,68.4,713,342,797,418
Corydoras_Albinos,68.4,718,631,759,664
Pterophyllum_Scalare_Y,68.4,1129,487,1162,562
G_Matriarche,68.4,646,542,736,582
Pterophyllum_Scalare_BB,68.4,513,277,558,347
G_Matriarche,68.5,644,547,735,583
Corydoras_Albinos,68.5,718,631,758,663
Botia_Almorhae,68.5,332,320,407,398
Botia_Striata,68.5,521,428,559,458
Pterophyllum_Scalare_W,68.5,864,527,883,558
Pterophyllum_Scalare_YWB,68.5,714,343,797,419
Pterophyllum_Scalare_BB,68.5,511,281,557,348
Pterophyllum_Scalare_Y,68.5,1127,485,1162,563
Botia_Almorhae,68.6,348,318,408,394
Pterophyllum_Scalare_W,68.6,863,527,883,557
Pterophyllum_Scalare_YWB,68.6,714,344,797,419
Pterophyllum_Scalare_Y,68.6,1125,486,1161,564
Corydoras_Albinos,68.6,718,632,757,663
Pterophyllum_Scalare_BB,68.6,510,301,556,351
G_Matriarche,68.6,642,550,731,583
Pterophyllum_Scalare_BB,68.7,509,297,557,356
G_Matriarche,68.7,638,548,731,585
Botia_Striata,68.7,739,615,788,644
Botia_Almorhae,68.7,350,318,409,394
Pterophyllum_Scalare_YWB,68.7,715,346,795,420
Pterophyllum_Scalare_Y,68.7,1122,488,1160,566
Pterophyllum_Scalare_YWB,68.8,714,345,792,420
Pterophyllum_Scalare_BB,68.8,508,291,559,360
Botia_Almorhae,68.8,355,315,412,393
Pterophyllum_Scalare_Y,68.8,1119,489,1159,565
G_Matriarche,68.8,637,545,727,584
Pterophyllum_Scalare_BB,68.9,509,295,562,363
G_Matriarche,68.9,636,541,725,584
Botia_Striata,68.9,742,608,805,643
Pterophyllum_Scalare_YWB,68.9,713,346,787,421
Botia_Almorhae,68.9,350,309,418,383
Pterophyllum_Scalare_Y,68.9,1117,490,1159,564
Pterophyllum_Scalare_Y,69.0,1114,490,1157,564
Corydoras_Albinos,69.0,718,632,757,661
Botia_Almorhae,69.0,360,304,427,374
G_Matriarche,69.0,635,538,720,582
Pterophyllum_Scalare_YWB,69.0,711,349,779,422
Pterophyllum_Scalare_BB,69.0,510,298,564,365
Botia_Almorhae,69.1,371,299,433,375
Corydoras_Panda,69.1,747,606,808,638
Pterophyllum_Scalare_YWB,69.1,710,353,769,422
Pterophyllum_Scalare_B,69.1,975,554,1039,646
Corydoras_Albinos,69.1,718,632,755,661
G_Matriarche,69.1,631,535,720,578
Pterophyllum_Scalare_Y,69.1,1112,489,1154,564
Pterophyllum_Scalare_BB,69.1,511,303,565,367
Pterophyllum_Scalare_Y,69.2,1110,488,1151,565
Pterophyllum_Scalare_B,69.2,978,553,1043,631
G_Matriarche,69.2,630,532,718,574
Corydoras_Panda,69.2,748,604,811,637
Pterophyllum_Scalare_YWB,69.2,708,356,767,424
Pterophyllum_Scalare_BB,69.2,511,305,566,370
Botia_Almorhae,69.2,369,296,439,371
Pterophyllum_Scalare_BB,69.3,512,304,567,373
Pterophyllum_Scalare_YWB,69.3,706,354,768,425
G_Matriarche,69.3,629,529,716,568
Corydoras_Albinos,69.3,718,631,758,661
Pterophyllum_Scalare_B,69.3,983,549,1047,624
Corydoras_Panda,69.3,754,601,813,637
Pterophyllum_Scalare_Y,69.3,1109,486,1150,565
Botia_Almorhae,69.3,371,290,446,364
Pterophyllum_Scalare_B,69.4,985,548,1051,619
Pterophyllum_Scalare_BB,69.4,511,307,567,374
Pterophyllum_Scalare_YWB,69.4,704,356,765,426
Pterophyllum_Scalare_W,69.4,859,525,882,557
Corydoras_Albinos,69.4,718,631,757,661
G_Matriarche,69.4,627,527,712,565
Botia_Almorhae,69.4,379,287,446,361
Corydoras_Panda,69.4,755,597,819,633
Pterophyllum_Scalare_Y,69.4,1108,484,1148,563
Corydoras_Panda,69.5,765,594,825,630
Pterophyllum_Scalare_Y,69.5,1108,482,1147,563
Botia_Almorhae,69.5,375,288,446,362
Corydoras_Albinos,69.5,717,631,758,661
Pterophyllum_Scalare_B,69.5,987,544,1053,619
G_Matriarche,69.5,623,526,710,562
Pterophyllum_Scalare_BB,69.5,511,309,565,375
Pterophyllum_Scalare_YWB,69.5,703,357,762,425
Pterophyllum_Scalare_W,69.5,858,522,881,556
Pterophyllum_Scalare_YWB,69.6,702,357,759,425
Pterophyllum_Scalare_BB,69.6,510,313,562,375
Pterophyllum_Scalare_B,69.6,988,539,1052,618
Corydoras_Panda,69.6,975,625,1032,670
Pterophyllum_Scalare_W,69.6,857,522,881,554
Corydoras_Panda,69.6,767,593,828,624
G_Matriarche,69.6,622,524,706,558
Pterophyllum_Scalare_Y,69.6,1109,480,1147,563
Pterophyllum_Scalare_W,69.7,857,521,881,555
Corydoras_Albinos,69.7,718,632,760,661
Pterophyllum_Scalare_B,69.7,991,536,1048,617
Pterophyllum_Scalare_YWB,69.7,701,357,759,425
Corydoras_Panda,69.7,766,591,831,621
Pterophyllum_Scalare_BB,69.7,514,314,561,375
Pterophyllum_Scalare_Y,69.7,1109,479,1147,562
G_Matriarche,69.7,619,523,705,556
G_Matriarche,69.8,618,519,703,556
Pterophyllum_Scalare_Y,69.8,1109,478,1147,561
Pterophyllum_Scalare_BB,69.8,518,315,559,373
Pterophyllum_Scalare_W,69.8,857,522,881,555
Corydoras_Panda,69.8,771,589,833,618
Pterophyllum_Scalare_YWB,69.8,702,357,760,425
G_Matriarche,69.9,616,515,700,556
Pterophyllum_Scalare_B,69.9,1008,519,1042,599
Corydoras_Albinos,69.9,717,631,761,661
Pterophyllum_Scalare_W,69.9,857,521,881,555
Pterophyllum_Scalare_Y,69.9,1109,477,1147,560
Pterophyllum_Scalare_YWB,69.9,702,357,760,425
Pterophyllum_Scalare_BB,69.9,520,314,556,371
Corydoras_Panda,69.9,779,589,838,616
Pterophyllum_Scalare_Y,70.0,1110,476,1148,559
G_Matriarche,70.0,615,510,699,555
Pterophyllum_Scalare_YWB,70.0,701,358,760,426
Pterophyllum_Scalare_B,70.0,1007,534,1044,597
Corydoras_Panda,70.0,780,588,842,617
Botia_Almorhae,70.0,384,276,439,382
Pterophyllum_Scalare_W,70.0,857,517,881,555
Pterophyllum_Scalare_BB,70.0,521,315,557,370
Pterophyllum_Scalare_B,70.1,999,532,1047,601
Pterophyllum_Scalare_YWB,70.1,701,357,760,432
G_Matriarche,70.1,615,508,698,553
Botia_Almorhae,70.1,397,304,440,390
Botia_Striata,70.1,784,591,845,617
Pterophyllum_Scalare_BB,70.1,523,314,554,367
Pterophyllum_Scalare_Y,70.1,1111,475,1149,557
Pterophyllum_Scalare_W,70.1,859,516,882,555
Pterophyllum_Scalare_YWB,70.2,705,358,759,424
Corydoras_Panda,70.2,799,590,850,617
Pterophyllum_Scalare_BB,70.2,525,314,552,366
G_Matriarche,70.2,615,504,695,551
Pterophyllum_Scalare_Y,70.2,1113,474,1150,557
Pterophyllum_Scalare_B,70.2,989,525,1049,603
Pterophyllum_Scalare_B,70.3,979,524,1048,603
Corydoras_Panda,70.3,796,588,854,616
Pterophyllum_Scalare_YWB,70.3,710,357,760,434
Pterophyllum_Scalare_BB,70.3,526,313,550,366
G_Matriarche,70.3,614,500,693,548
Pterophyllum_Scalare_Y,70.3,1114,475,1150,557
Pterophyllum_Scalare_B,70.4,971,525,1039,602
Pterophyllum_Scalare_YWB,70.4,704,357,761,426
G_Matriarche,70.4,613,496,692,543
Pterophyllum_Scalare_Y,70.4,1114,474,1150,556
Pterophyllum_Scalare_BB,70.4,525,312,548,363
Pterophyllum_Scalare_BB,70.5,524,309,546,361
Botia_Almorhae,70.5,418,272,461,351
Corydoras_Panda,70.5,813,588,866,617
G_Matriarche,70.5,612,495,691,539
Pterophyllum_Scalare_Y,70.5,1115,474,1150,556
Pterophyllum_Scalare_YWB,70.5,705,358,761,415
Pterophyllum_Scalare_Y,70.6,1115,474,1151,556
Pterophyllum_Scalare_BB,70.6,522,308,543,359
Pterophyllum_Scalare_YWB,70.6,705,358,761,421
Botia_Almorhae,70.6,418,264,463,340
Corydoras_Panda,70.6,808,587,868,617
G_Matriarche,70.6,612,494,691,535
Pterophyllum_Scalare_BB,70.7,522,305,542,356
Botia_Almorhae,70.7,414,261,463,340
G_Matriarche,70.7,612,493,691,532
Pterophyllum_Scalare_Y,70.7,1115,474,1151,556
Pterophyllum_Scalare_YWB,70.7,704,358,761,425
G_Matriarche,70.8,612,491,692,530
Botia_Almorhae,70.8,417,259,464,342
Pterophyllum_Scalare_B,70.8,930,534,1000,626
Pterophyllum_Scalare_BB,70.8,519,303,540,351
Pterophyllum_Scalare_YWB,70.8,704,358,761,426
Pterophyllum_Scalare_Y,70.8,1116,474,1150,556
Pterophyllum_Scalare_Y,70.9,1116,473,1151,556
Botia_Almorhae,70.9,407,260,460,339
Pterophyllum_Scalare_YWB,70.9,705,359,761,425
Pterophyllum_Scalare_B,70.9,926,533,995,630
G_Matriarche,70.9,613,490,693,528
Botia_Almorhae,71.0,406,261,459,338
Botia_Striata,71.0,959,636,992,679
Pterophyllum_Scalare_YWB,71.0,705,359,762,434
Pterophyllum_Scalare_Y,71.0,1116,473,1150,556
G_Matriarche,71.0,613,489,693,527
Pterophyllum_Scalare_BB,71.1,513,297,534,350
Pterophyllum_Scalare_Y,71.1,1116,473,1151,556
Botia_Almorhae,71.1,401,261,459,340
Pterophyllum_Scalare_YWB,71.1,706,359,762,437
G_Matriarche,71.1,614,489,693,525
Pterophyllum_Scalare_Y,71.2,1116,472,1150,555
Botia_Almorhae,71.2,407,262,457,339
Pterophyllum_Scalare_YWB,71.2,707,360,762,434
Corydoras_Panda,71.2,834,594,885,627
Pterophyllum_Scalare_BB,71.2,510,296,532,350
G_Matriarche,71.2,611,487,690,523
Botia_Almorhae,71.3,397,263,455,339
Pterophyllum_Scalare_YWB,71.3,708,361,762,429
Pterophyllum_Scalare_Y,71.3,1116,472,1151,555
G_Matriarche,71.3,611,485,688,520
Pterophyllum_Scalare_B,71.3,899,570,966,649
Corydoras_Panda,71.3,828,598,890,630
Pterophyllum_Scalare_BB,71.3,508,296,531,349
Pterophyllum_Scalare_Y,71.4,1116,473,1150,555
G_Matriarche,71.4,610,483,689,519
Pterophyllum_Scalare_BB,71.4,506,296,530,350
Botia_Almorhae,71.4,400,264,454,345
Pterophyllum_Scalare_YWB,71.4,708,361,762,430
Botia_Almorhae,71.5,389,264,451,345
G_Matriarche,71.5,609,482,688,518
Pterophyllum_Scalare_Y,71.5,1116,473,1150,555
Pterophyllum_Scalare_BB,71.5,503,294,529,350
Corydoras_Panda,71.5,813,604,860,638
Pterophyllum_Scalare_YWB,71.5,708,361,763,433
Pterophyllum_Scalare_Y,71.6,1116,472,1150,555
Pterophyllum_Scalare_YWB,71.6,708,362,762,430
Corydoras_Panda,71.6,805,606,869,643
G_Matriarche,71.6,608,479,687,517
Pterophyllum_Scalare_BB,71.6,500,293,528,348
Botia_Almorhae,71.6,395,266,447,349
Botia_Almorhae,71.7,380,270,444,347
G_Matriarche,71.7,608,477,685,516
Pterophyllum_Scalare_Y,71.7,1115,473,1150,555
Pterophyllum_Scalare_BB,71.7,498,291,526,348
Pterophyllum_Scalare_YWB,71.7,708,362,762,436
Pterophyllum_Scalare_Y,71.8,1115,474,1149,555
G_Matriarche,71.8,603,473,676,513
Pterophyllum_Scalare_YWB,71.8,708,361,763,434
Botia_Striata,71.8,798,608,846,654
Botia_Almorhae,71.8,388,271,441,349
Pterophyllum_Scalare_BB,71.8,496,289,525,347
Pterophyllum_Scalare_Y,71.9,1115,473,1150,556
Pterophyllum_Scalare_BB,71.9,494,288,523,348
Pterophyllum_Scalare_YWB,71.9,708,361,764,436
G_Matriarche,71.9,600,471,677,509
Botia_Striata,71.9,794,618,838,661
Botia_Almorhae,71.9,380,273,440,348
Pterophyllum_Scalare_BB,72.0,493,287,522,348
Pterophyllum_Scalare_Y,72.0,1115,473,1150,556
Botia_Almorhae,72.0,375,274,440,344
Botia_Striata,72.0,796,584,838,621
G_Matriarche,72.0,590,464,663,501
Botia_Striata,72.0,795,620,841,663
Pterophyllum_Scalare_YWB,72.0,709,362,764,443
Pterophyllum_Scalare_BB,72.1,492,286,522,348
Botia_Striata,72.1,792,580,837,622
Pterophyllum_Scalare_Y,72.1,1115,473,1149,556
G_Matriarche,72.1,584,459,654,496
Pterophyllum_Scalare_B,72.1,860,586,934,671
Pterophyllum_Scalare_YWB,72.1,710,362,764,441
Pterophyllum_Scalare_B,72.2,858,592,932,673
Pterophyllum_Scalare_BB,72.2,491,285,521,348
Pterophyllum_Scalare_Y,72.2,1115,472,1150,556
Pterophyllum_Scalare_YWB,72.2,710,362,765,442
G_Matriarche,72.2,577,454,645,493
Botia_Striata,72.2,785,576,832,616
Pterophyllum_Scalare_YWB,72.3,711,363,765,442
Botia_Almorhae,72.3,389,278,458,340
Botia_Striata,72.3,775,575,829,615
Pterophyllum_Scalare_B,72.3,854,595,930,675
Pterophyllum_Scalare_BB,72.3,490,285,519,348
Pterophyllum_Scalare_Y,72.3,1114,472,1150,556
G_Matriarche,72.3,573,449,642,487
Botia_Striata,72.4,765,573,824,615
G_Matriarche,72.4,564,442,629,475
Botia_Striata,72.4,521,428,558,458
Pterophyllum_Scalare_Y,72.4,1113,473,1148,557
Pterophyllum_Scalare_B,72.4,849,596,928,680
Pterophyllum_Scalare_YWB,72.4,711,363,766,444
Pterophyllum_Scalare_BB,72.4,488,286,516,348
Pterophyllum_Scalare_B,72.5,846,595,926,683
Botia_Striata,72.5,747,571,822,613
Pterophyllum_Scalare_BB,72.5,487,285,514,348
G_Matriarche,72.5,557,436,636,466
Corydoras_Panda,72.5,794,651,846,692
Pterophyllum_Scalare_YWB,72.5,711,363,766,445
Pterophyllum_Scalare_Y,72.5,1114,474,1148,556
Botia_Striata,72.6,738,570,816,609
Pterophyllum_Scalare_Y,72.6,1113,472,1148,556
Pterophyllum_Scalare_YWB,72.6,712,363,767,444
Botia_Striata,72.6,795,653,846,694
Pterophyllum_Scalare_B,72.6,847,594,927,682
Pterophyllum_Scalare_BB,72.6,485,284,513,349
G_Matriarche,72.6,545,432,629,461
Pterophyllum_Scalare_Y,72.7,1113,474,1148,556
Botia_Striata,72.7,728,569,804,605
Pterophyllum_Scalare_BB,72.7,484,285,511,349
Corydoras_Panda,72.7,787,654,839,698
Pterophyllum_Scalare_YWB,72.7,713,364,768,445
G_Matriarche,72.7,539,427,619,455
Pterophyllum_Scalare_B,72.7,848,595,925,681
Pterophyllum_Scalare_BB,72.8,483,284,509,349
Pterophyllum_Scalare_YWB,72.8,713,364,768,445
G_Matriarche,72.8,542,423,612,454
Corydoras_Panda,72.8,776,667,846,701
Pterophyllum_Scalare_B,72.8,847,593,925,682
Botia_Striata,72.8,723,568,792,601
Pterophyllum_Scalare_Y,72.8,1113,474,1148,556
G_Matriarche,72.9,528,417,608,451
Pterophyllum_Scalare_YWB,72.9,715,365,767,444
Pterophyllum_Scalare_Y,72.9,1113,474,1147,557
Pterophyllum_Scalare_BB,72.9,481,283,507,348
Pterophyllum_Scalare_B,72.9,847,596,927,683
Corydoras_Panda,72.9,775,667,847,702
Botia_Striata,72.9,719,569,791,599
Pterophyllum_Scalare_B,73.0,845,599,925,685
Pterophyllum_Scalare_Y,73.0,1112,474,1146,557
Pterophyllum_Scalare_YWB,73.0,721,365,768,445
Botia_Striata,73.0,718,569,782,596
Corydoras_Panda,73.0,770,668,840,704
G_Matriarche,73.0,520,413,605,448
Pterophyllum_Scalare_BB,73.0,479,282,505,348
Pterophyllum_Scalare_BB,73.1,478,282,504,348
Botia_Striata,73.1,719,570,767,597
Pterophyllum_Scalare_YWB,73.1,725,367,765,445
Pterophyllum_Scalare_Y,73.1,1112,474,1146,557
Corydoras_Panda,73.1,770,665,838,707
G_Matriarche,73.1,520,409,601,445
Pterophyllum_Scalare_B,73.1,843,601,924,685
Pterophyllum_Scalare_Y,73.2,727,369,763,445
Pterophyllum_Scalare_B,73.2,839,601,922,683
G_Matriarche,73.2,517,404,608,444
Corydoras_Panda,73.2,772,662,841,707
Pterophyllum_Scalare_BB,73.2,477,285,502,347
Botia_Almorhae,73.2,427,252,459,341
Pterophyllum_Scalare_Y,73.2,1112,473,1145,557
Botia_Almorhae,73.3,412,254,454,336
Pterophyllum_Scalare_B,73.3,828,603,916,684
Pterophyllum_Scalare_Y,73.3,1112,473,1144,557
Pterophyllum_Scalare_Y,73.3,728,371,760,446
Corydoras_Panda,73.3,771,664,834,707
Pterophyllum_Scalare_BB,73.3,475,285,501,347
G_Matriarche,73.3,514,399,604,441
Pterophyllum_Scalare_BB,73.4,474,283,500,347
Botia_Almorhae,73.4,403,259,448,327
G_Matriarche,73.4,515,398,606,438
Pterophyllum_Scalare_Y,73.4,1112,474,1142,558
Pterophyllum_Scalare_B,73.4,818,606,910,684
Pterophyllum_Scalare_Y,73.4,727,374,758,449
Corydoras_Panda,73.4,770,666,837,707
Pterophyllum_Scalare_B,73.5,811,601,900,682
G_Matriarche,73.5,515,394,605,435
Pterophyllum_Scalare_Y,73.5,1111,473,1141,557
Pterophyllum_Scalare_Y,73.5,727,377,757,453
Corydoras_Panda,73.5,775,669,841,708
Pterophyllum_Scalare_BB,73.5,473,283,499,346
Pterophyllum_Scalare_B,73.6,804,599,893,676
Pterophyllum_Scalare_Y,73.6,1111,474,1140,558
Botia_Almorhae,73.6,390,260,444,329
Corydoras_Panda,73.6,776,669,839,711
Corydoras_Albinos,73.6,1011,639,1043,673
G_Matriarche,73.6,516,392,605,431
Pterophyllum_Scalare_BB,73.6,472,284,498,346
Pterophyllum_Scalare_Y,73.7,390,269,445,335
Corydoras_Panda,73.7,776,670,839,713
Pterophyllum_Scalare_BB,73.7,470,284,497,345
Pterophyllum_Scalare_Y,73.7,1111,474,1139,557
Pterophyllum_Scalare_B,73.7,796,596,885,673
G_Matriarche,73.7,515,388,606,428
Pterophyllum_Scalare_Y,73.8,1110,472,1138,557
Pterophyllum_Scalare_BB,73.8,469,281,495,345
Corydoras_Panda,73.8,777,673,841,717
Pterophyllum_Scalare_B,73.8,787,595,878,668
G_Matriarche,73.8,518,385,606,424
Pterophyllum_Scalare_YWB,73.9,729,421,762,488
Corydoras_Panda,73.9,776,677,837,718
G_Matriarche,73.9,519,380,606,422
Pterophyllum_Scalare_BB,73.9,468,279,496,344
Pterophyllum_Scalare_Y,73.9,1109,472,1137,557
Pterophyllum_Scalare_B,73.9,780,595,872,666
Pterophyllum_Scalare_BB,74.0,466,277,496,344
Pterophyllum_Scalare_YWB,74.0,730,422,766,496
Pterophyllum_Scalare_B,74.0,777,594,865,665
G_Matriarche,74.0,518,377,609,418
Pterophyllum_Scalare_Y,74.0,1109,472,1137,557
Corydoras_Panda,74.0,779,676,839,717
Pterophyllum_Scalare_BB,74.1,464,277,497,343
Corydoras_Panda,74.1,781,674,838,717
Pterophyllum_Scalare_Y,74.1,1108,471,1136,557
G_Matriarche,74.1,519,374,611,414
Pterophyllum_Scalare_YWB,74.1,731,426,764,504
Pterophyllum_Scalare_B,74.1,775,589,862,663
Pterophyllum_Scalare_Y,74.2,1107,471,1135,556
Pterophyllum_Scalare_B,74.2,775,585,860,664
Pterophyllum_Scalare_BB,74.2,462,276,498,343
Botia_Almorhae,74.2,412,247,459,426
G_Matriarche,74.2,522,370,612,409
Pterophyllum_Scalare_YWB,74.2,732,428,758,515
Botia_Striata,74.2,522,429,559,458
Botia_Almorhae,74.2,412,247,459,342
Corydoras_Panda,74.2,783,674,836,715
Pterophyllum_Scalare_YWB,74.3,731,431,761,523
G_Matriarche,74.3,523,367,613,404
Pterophyllum_Scalare_Y,74.3,1107,470,1134,555
Corydoras_Panda,74.3,781,670,830,713
Botia_Almorhae,74.3,409,252,453,334
Pterophyllum_Scalare_BB,74.3,460,275,498,342
Pterophyllum_Scalare_B,74.3,776,578,859,664
G_Matriarche,74.4,525,364,615,400
Pterophyllum_Scalare_Y,74.4,1106,470,1133,554
Pterophyllum_Scalare_BB,74.4,458,274,499,341
Pterophyllum_Scalare_YWB,74.4,729,443,764,532
Pterophyllum_Scalare_B,74.4,775,571,854,661
Corydoras_Panda,74.4,779,669,831,715
Botia_Almorhae,74.4,402,253,449,321
Corydoras_Panda,74.5,780,666,830,713
Corydoras_Panda,74.5,975,634,1042,663
G_Matriarche,74.5,526,361,617,397
Pterophyllum_Scalare_Y,74.5,1105,468,1132,553
Pterophyllum_Scalare_B,74.5,767,570,840,660
Pterophyllum_Scalare_BB,74.5,457,274,500,340
Botia_Striata,74.5,522,429,559,458
Pterophyllum_Scalare_YWB,74.5,730,455,765,540
Pterophyllum_Scalare_YWB,74.6,732,461,765,548
Botia_Almorhae,74.6,397,258,454,314
G_Matriarche,74.6,527,355,619,394
Corydoras_Panda,74.6,780,665,830,715
Corydoras_Panda,74.6,974,633,1047,663
Pterophyllum_Scalare_Y,74.6,1104,468,1131,553
Pterophyllum_Scalare_B,74.6,751,581,828,662
Pterophyllum_Scalare_BB,74.6,456,274,500,339
Pterophyllum_Scalare_Y,74.7,1103,468,1130,552
G_Matriarche,74.7,529,353,620,392
Corydoras_Albinos,74.7,717,634,765,664
Corydoras_Panda,74.7,978,632,1049,660
Botia_Almorhae,74.7,395,261,453,322
Corydoras_Panda,74.7,776,677,836,718
Pterophyllum_Scalare_B,74.7,736,589,819,663
Pterophyllum_Scalare_YWB,74.7,734,466,766,558
Pterophyllum_Scalare_BB,74.7,455,273,500,338
Pterophyllum_Scalare_Y,74.8,1102,467,1129,552
G_Matriarche,74.8,530,348,622,389
Pterophyllum_Scalare_YWB,74.8,736,481,768,568
Pterophyllum_Scalare_BB,74.8,455,273,501,338
Pterophyllum_Scalare_B,74.8,724,592,810,665
Corydoras_Panda,74.8,988,628,1056,660
Corydoras_Panda,74.8,777,679,838,715
Corydoras_Panda,74.9,991,625,1060,660
Pterophyllum_Scalare_Y,74.9,1100,466,1128,551
Pterophyllum_Scalare_BB,74.9,455,274,502,338
Pterophyllum_Scalare_B,74.9,698,599,777,668
G_Matriarche,74.9,532,344,623,387
Botia_Almorhae,74.9,376,255,460,316
Pterophyllum_Scalare_YWB,74.9,736,491,767,580
G_Matriarche,75.0,533,342,623,382
Pterophyllum_Scalare_Y,75.0,1099,465,1126,550
Pterophyllum_Scalare_BB,75.0,455,274,502,339
Pterophyllum_Scalare_YWB,75.0,724,508,767,595
Pterophyllum_Scalare_Y,75.1,1098,464,1125,549
Pterophyllum_Scalare_YWB,75.1,691,526,765,611
G_Matriarche,75.1,533,337,626,378
Pterophyllum_Scalare_B,75.1,605,590,685,648
Pterophyllum_Scalare_BB,75.1,455,274,502,339
Pterophyllum_Scalare_BB,75.2,454,274,502,341
G_Matriarche,75.2,533,335,627,375
Pterophyllum_Scalare_B,75.2,576,584,651,658
Pterophyllum_Scalare_Y,75.2,1097,462,1124,548
Pterophyllum_Scalare_YWB,75.2,657,542,744,625
Pterophyllum_Scalare_Y,75.3,1095,462,1122,547
G_Matriarche,75.3,534,330,627,370
Pterophyllum_Scalare_BB,75.3,454,274,502,341
Pterophyllum_Scalare_B,75.3,549,584,621,668
Pterophyllum_Scalare_YWB,75.3,619,555,714,637
Pterophyllum_Scalare_BB,75.4,454,274,501,341
Pterophyllum_Scalare_YWB,75.4,583,559,684,649
G_Matriarche,75.4,534,324,627,366
Pterophyllum_Scalare_B,75.4,508,574,577,659
Pterophyllum_Scalare_Y,75.4,1094,462,1120,546
G_Matriarche,75.5,534,316,627,363
Pterophyllum_Scalare_Y,75.5,1094,461,1117,544
Pterophyllum_Scalare_BB,75.5,453,274,501,342
Pterophyllum_Scalare_YWB,75.5,556,568,656,662
Pterophyllum_Scalare_B,75.5,494,559,547,648
Pterophyllum_Scalare_BB,75.6,453,273,501,342
Pterophyllum_Scalare_YWB,75.6,537,574,645,670
G_Matriarche,75.6,535,311,627,359
Pterophyllum_Scalare_Y,75.6,1093,461,1114,542
Pterophyllum_Scalare_YWB,75.7,524,581,639,674
Pterophyllum_Scalare_BB,75.7,453,274,500,344
G_Matriarche,75.7,535,305,628,354
Corydoras_Panda,75.7,794,675,852,702
Pterophyllum_Scalare_Y,75.7,1091,461,1113,542
Corydoras_Panda,75.8,1054,612,1103,642
Pterophyllum_Scalare_Y,75.8,1088,460,1111,542
Pterophyllum_Scalare_Y,75.8,397,270,430,337
Pterophyllum_Scalare_BB,75.8,452,274,500,344
G_Matriarche,75.8,539,300,631,349
Pterophyllum_Scalare_YWB,75.8,512,581,627,677
G_Matriarche,75.9,540,295,633,343
Pterophyllum_Scalare_BB,75.9,453,275,501,344
Pterophyllum_Scalare_Y,75.9,1087,460,1110,542
Pterophyllum_Scalare_YWB,75.9,507,583,621,676
Pterophyllum_Scalare_YWB,76.0,505,584,617,671
Pterophyllum_Scalare_BB,76.0,454,276,502,343
Pterophyllum_Scalare_Y,76.0,1085,460,1109,542
G_Matriarche,76.0,543,289,636,336
Corydoras_Panda,76.1,797,673,872,698
Pterophyllum_Scalare_Y,76.1,1083,460,1107,541
Pterophyllum_Scalare_YWB,76.1,503,585,613,665
Pterophyllum_Scalare_B,76.1,509,517,555,582
G_Matriarche,76.1,554,278,623,322
Pterophyllum_Scalare_BB,76.1,455,277,503,343
Pterophyllum_Scalare_B,76.2,515,516,566,584
Botia_Striata,76.2,522,429,559,458
Pterophyllum_Scalare_YWB,76.2,502,583,609,667
G_Matriarche,76.2,565,268,623,309
Corydoras_Panda,76.2,798,672,877,697
Pterophyllum_Scalare_Y,76.2,1082,460,1106,540
Pterophyllum_Scalare_BB,76.2,455,278,504,343
Pterophyllum_Scalare_BB,76.3,456,278,505,343
Pterophyllum_Scalare_B,76.3,524,512,579,584
Corydoras_Panda,76.3,803,671,878,697
Pterophyllum_Scalare_YWB,76.3,501,581,609,669
G_Matriarche,76.3,572,256,618,296
Pterophyllum_Scalare_Y,76.3,1080,460,1105,540
Pterophyllum_Scalare_BB,76.4,456,277,506,343
Corydoras_Panda,76.4,804,669,883,695
Pterophyllum_Scalare_B,76.4,536,509,586,575
Pterophyllum_Scalare_YWB,76.4,501,579,607,668
G_Matriarche,76.4,579,246,616,285
Pterophyllum_Scalare_Y,76.4,1078,460,1105,541
Pterophyllum_Scalare_BB,76.5,456,276,506,345
Corydoras_Panda,76.5,805,666,883,696
Pterophyllum_Scalare_YWB,76.5,501,577,605,665
Pterophyllum_Scalare_Y,76.5,1077,461,1105,541
G_Matriarche,76.5,584,236,618,277
Pterophyllum_Scalare_B,76.5,545,520,594,578
G_Matriarche,76.6,587,227,622,270
Pterophyllum_Scalare_BB,76.6,455,276,506,345
Corydoras_Panda,76.6,807,666,882,696
Pterophyllum_Scalare_YWB,76.6,499,575,604,665
Pterophyllum_Scalare_Y,76.6,1075,461,1105,540
Pterophyllum_Scalare_YWB,76.7,500,574,603,665
Pterophyllum_Scalare_BB,76.7,455,276,507,345
Pterophyllum_Scalare_Y,76.7,1073,460,1104,540
G_Matriarche,76.7,596,219,628,266
Corydoras_Panda,76.7,805,664,884,698
G_Matriarche,76.8,602,213,632,258
Corydoras_Panda,76.8,806,662,884,696
Pterophyllum_Scalare_YWB,76.8,500,575,603,667
Pterophyllum_Scalare_BB,76.8,456,277,507,344
Pterophyllum_Scalare_Y,76.8,1072,460,1104,539
G_Matriarche,76.9,606,208,634,251
Pterophyllum_Scalare_BB,76.9,457,278,508,345
Pterophyllum_Scalare_YWB,76.9,500,574,604,666
Pterophyllum_Scalare_Y,76.9,1071,461,1104,539
Corydoras_Panda,76.9,808,662,882,695
Pterophyllum_Scalare_Y,77.0,1068,459,1104,539
Pterophyllum_Scalare_YWB,77.0,500,574,605,666
Corydoras_Panda,77.0,808,660,882,694
Pterophyllum_Scalare_BB,77.0,457,279,507,347
G_Matriarche,77.0,611,203,640,244
Corydoras_Panda,77.1,809,660,882,695
Pterophyllum_Scalare_Y,77.1,1066,458,1103,538
Pterophyllum_Scalare_BB,77.1,457,279,507,348
Pterophyllum_Scalare_YWB,77.1,500,574,605,665
G_Matriarche,77.1,616,197,645,238
Pterophyllum_Scalare_BB,77.2,457,279,507,349
G_Matriarche,77.2,618,193,650,231
Corydoras_Panda,77.2,809,658,882,695
Pterophyllum_Scalare_YWB,77.2,500,573,608,664
Pterophyllum_Scalare_Y,77.2,1064,457,1102,538
Pterophyllum_Scalare_Y,77.3,1062,457,1102,537
G_Matriarche,77.3,621,189,655,225
Pterophyllum_Scalare_YWB,77.3,500,572,608,665
Corydoras_Panda,77.3,810,651,877,696
Pterophyllum_Scalare_BB,77.3,456,279,506,348
Corydoras_Panda,77.4,811,654,873,695
Pterophyllum_Scalare_YWB,77.4,500,571,608,664
Botia_Striata,77.4,522,429,558,457
Pterophyllum_Scalare_BB,77.4,456,280,505,349
Pterophyllum_Scalare_Y,77.4,1060,456,1101,538
G_Matriarche,77.4,618,186,663,222
Corydoras_Panda,77.5,808,655,878,695
Pterophyllum_Scalare_BB,77.5,456,279,505,348
G_Matriarche,77.5,618,182,674,220
Pterophyllum_Scalare_Y,77.5,1058,456,1101,537
Pterophyllum_Scalare_YWB,77.5,500,571,607,663
G_Matriarche,77.6,619,177,681,215
Botia_Striata,77.6,523,429,558,457
Pterophyllum_Scalare_YWB,77.6,500,570,607,663
Pterophyllum_Scalare_BB,77.6,455,279,504,350
Pterophyllum_Scalare_Y,77.6,1057,455,1100,537
Corydoras_Panda,77.6,805,656,877,695
G_Matriarche,77.7,620,172,684,208
Pterophyllum_Scalare_YWB,77.7,501,568,607,662
Pterophyllum_Scalare_BB,77.7,455,279,504,352
Corydoras_Panda,77.7,805,660,879,695
Botia_Almorhae,77.7,374,254,464,297
Pterophyllum_Scalare_Y,77.7,1056,454,1099,536
Corydoras_Panda,77.8,804,660,877,695
Botia_Striata,77.8,523,429,558,458
Pterophyllum_Scalare_BB,77.8,456,279,503,351
Pterophyllum_Scalare_Y,77.8,1054,454,1098,535
G_Matriarche,77.8,617,167,684,203
Pterophyllum_Scalare_YWB,77.8,501,567,606,665
Pterophyllum_Scalare_BB,77.9,456,280,502,351
Pterophyllum_Scalare_Y,77.9,1052,453,1097,534
Botia_Striata,77.9,522,429,558,458
Corydoras_Panda,77.9,804,661,875,694
Pterophyllum_Scalare_YWB,77.9,501,566,605,663
Botia_Almorhae,77.9,381,259,463,316
G_Matriarche,77.9,617,163,687,199
Corydoras_Panda,77.9,1116,580,1139,621
G_Matriarche,78.0,617,158,691,194
Corydoras_Panda,78.0,802,661,870,695
Pterophyllum_Scalare_YWB,78.0,501,564,605,661
Pterophyllum_Scalare_BB,78.0,457,280,502,352
Botia_Almorhae,78.0,389,254,467,321
Pterophyllum_Scalare_Y,78.0,1051,453,1096,534
Pterophyllum_Scalare_YWB,78.1,501,563,604,662
Corydoras_Panda,78.1,801,660,871,694
G_Matriarche,78.1,618,154,692,190
Pterophyllum_Scalare_Y,78.1,1050,453,1095,534
Pterophyllum_Scalare_BB,78.1,456,281,502,353
Botia_Almorhae,78.1,405,248,473,320
Botia_Almorhae,78.2,401,250,469,332
Pterophyllum_Scalare_YWB,78.2,501,561,604,663
G_Matriarche,78.2,619,151,694,188
Pterophyllum_Scalare_Y,78.2,1048,452,1094,533
Pterophyllum_Scalare_BB,78.2,457,282,502,355
Corydoras_Panda,78.2,801,660,870,694
Pterophyllum_Scalare_B,78.2,705,521,740,568
Pterophyllum_Scalare_YWB,78.3,501,560,604,663
Pterophyllum_Scalare_B,78.3,705,519,747,573
G_Matriarche,78.3,617,147,693,185
Pterophyllum_Scalare_Y,78.3,1046,451,1093,532
Pterophyllum_Scalare_BB,78.3,456,284,502,356
Corydoras_Panda,78.3,801,660,871,694
Corydoras_Panda,78.3,1116,573,1139,619
Botia_Almorhae,78.3,399,252,465,331
Botia_Almorhae,78.4,395,254,464,325
Pterophyllum_Scalare_YWB,78.4,502,558,604,648
Corydoras_Panda,78.4,800,662,869,693
Corydoras_Panda,78.4,1116,578,1138,618
Pterophyllum_Scalare_B,78.4,704,516,755,574
Pterophyllum_Scalare_Y,78.4,1045,451,1092,532
Pterophyllum_Scalare_BB,78.4,454,285,502,356
Pterophyllum_Scalare_BB,78.5,454,286,503,357
Corydoras_Panda,78.5,800,661,870,693
Botia_Almorhae,78.5,417,254,462,335
Pterophyllum_Scalare_YWB,78.5,501,555,604,634
Pterophyllum_Scalare_Y,78.5,1044,451,1090,532
Pterophyllum_Scalare_B,78.5,702,510,766,576
Pterophyllum_Scalare_B,78.6,702,506,774,581
Pterophyllum_Scalare_BB,78.6,453,288,502,356
Pterophyllum_Scalare_YWB,78.6,501,552,604,631
Pterophyllum_Scalare_Y,78.6,1042,450,1088,531
Corydoras_Panda,78.6,800,666,869,693
Botia_Almorhae,78.7,388,254,469,321
Corydoras_Panda,78.7,798,666,868,693
Pterophyllum_Scalare_BB,78.7,452,292,503,355
Pterophyllum_Scalare_YWB,78.7,501,551,604,630
Pterophyllum_Scalare_B,78.7,705,505,781,578
Pterophyllum_Scalare_Y,78.7,1041,449,1087,531
Pterophyllum_Scalare_B,78.8,709,504,786,583
Botia_Almorhae,78.8,393,257,469,322
Pterophyllum_Scalare_BB,78.8,452,294,504,355
Corydoras_Panda,78.8,797,666,868,693
Pterophyllum_Scalare_YWB,78.8,501,548,601,627
Pterophyllum_Scalare_Y,78.8,1038,449,1086,531
Corydoras_Panda,78.9,795,666,867,693
Pterophyllum_Scalare_BB,78.9,452,296,504,356
Pterophyllum_Scalare_YWB,78.9,501,545,603,627
Pterophyllum_Scalare_B,78.9,714,502,793,588
Pterophyllum_Scalare_Y,78.9,1036,449,1084,531
Botia_Almorhae,78.9,393,261,467,329
Pterophyllum_Scalare_Y,79.0,1034,449,1083,531
Pterophyllum_Scalare_BB,79.0,452,299,503,356
Pterophyllum_Scalare_YWB,79.0,502,542,601,625
Corydoras_Panda,79.0,795,668,865,693
Pterophyllum_Scalare_B,79.0,720,501,800,586
Pterophyllum_Scalare_Y,79.1,1031,449,1081,531
Pterophyllum_Scalare_BB,79.1,450,298,503,357
Pterophyllum_Scalare_YWB,79.1,502,540,600,624
G_Matriarche,79.1,515,124,595,166
Pterophyllum_Scalare_B,79.1,724,498,805,584
Corydoras_Panda,79.1,794,668,870,693
Corydoras_Panda,79.2,793,668,867,693
G_Matriarche,79.2,491,127,566,177
Pterophyllum_Scalare_YWB,79.2,502,537,598,622
Pterophyllum_Scalare_Y,79.2,1029,449,1079,532
Pterophyllum_Scalare_B,79.2,730,498,813,586
Pterophyllum_Scalare_BB,79.2,449,300,503,361
Pterophyllum_Scalare_B,79.3,734,498,817,586
Corydoras_Panda,79.3,795,668,868,693
Pterophyllum_Scalare_Y,79.3,1027,449,1077,533
Pterophyllum_Scalare_BB,79.3,446,300,502,363
G_Matriarche,79.3,473,129,549,184
Pterophyllum_Scalare_YWB,79.3,502,535,597,621
Pterophyllum_Scalare_B,79.4,737,499,822,586
Pterophyllum_Scalare_BB,79.4,445,302,502,367
G_Matriarche,79.4,456,145,521,193
Pterophyllum_Scalare_YWB,79.4,501,533,599,620
Pterophyllum_Scalare_Y,79.4,1025,450,1075,533
Corydoras_Panda,79.4,794,668,869,692
G_Matriarche,79.5,439,152,514,202
Pterophyllum_Scalare_B,79.5,742,498,827,584
Pterophyllum_Scalare_BB,79.5,441,304,501,369
Corydoras_Panda,79.5,795,667,868,692
Pterophyllum_Scalare_Y,79.5,1022,450,1073,536
Pterophyllum_Scalare_YWB,79.5,501,531,599,619
Pterophyllum_Scalare_Y,79.6,1019,451,1071,537
Pterophyllum_Scalare_B,79.6,752,500,836,584
Pterophyllum_Scalare_YWB,79.6,500,528,598,617
Pterophyllum_Scalare_BB,79.6,442,303,500,370
G_Matriarche,79.6,425,163,508,210
Corydoras_Panda,79.6,795,667,869,692
G_Matriarche,79.7,409,180,484,216
Pterophyllum_Scalare_Y,79.7,1017,452,1069,537
Pterophyllum_Scalare_B,79.7,763,500,844,582
Pterophyllum_Scalare_BB,79.7,441,304,500,371
Pterophyllum_Scalare_YWB,79.7,500,525,597,617
Corydoras_Panda,79.7,795,665,867,691
Corydoras_Panda,79.8,795,664,870,691
Pterophyllum_Scalare_BB,79.8,437,304,499,373
Pterophyllum_Scalare_Y,79.8,1015,453,1068,537
Pterophyllum_Scalare_YWB,79.8,498,522,596,615
Pterophyllum_Scalare_B,79.8,778,503,856,584
G_Matriarche,79.8,392,187,481,223
Pterophyllum_Scalare_B,79.9,790,502,868,581
Pterophyllum_Scalare_YWB,79.9,496,519,596,614
Pterophyllum_Scalare_BB,79.9,439,304,499,374
Corydoras_Panda,79.9,797,663,867,690
G_Matriarche,79.9,378,194,470,229
Pterophyllum_Scalare_Y,79.9,1013,454,1066,538
Corydoras_Panda,80.0,799,661,869,690
Pterophyllum_Scalare_B,80.0,801,499,880,580
G_Matriarche,80.0,367,198,458,235
Pterophyllum_Scalare_BB,80.0,440,303,498,375
Pterophyllum_Scalare_Y,80.0,1010,455,1064,538
Pterophyllum_Scalare_YWB,80.0,496,517,595,613
Pterophyllum_Scalare_B,80.1,808,495,885,583
G_Matriarche,80.1,358,201,447,241
Corydoras_Panda,80.1,803,661,869,689
Pterophyllum_Scalare_BB,80.1,439,304,498,375
Pterophyllum_Scalare_Y,80.1,1007,456,1063,538
Pterophyllum_Scalare_YWB,80.1,495,514,593,611
Pterophyllum_Scalare_B,80.2,811,492,889,583
Pterophyllum_Scalare_Y,80.2,1005,457,1061,538
G_Matriarche,80.2,349,202,435,245
Corydoras_Panda,80.2,805,659,870,690
Pterophyllum_Scalare_BB,80.2,437,304,498,376
Pterophyllum_Scalare_YWB,80.2,494,511,592,609
Pterophyllum_Scalare_YWB,80.3,494,510,590,609
Pterophyllum_Scalare_Y,80.3,423,252,465,330
Pterophyllum_Scalare_B,80.3,815,489,893,583
Pterophyllum_Scalare_Y,80.3,1003,458,1059,539
Pterophyllum_Scalare_BB,80.3,438,305,499,378
G_Matriarche,80.3,341,203,419,244
Corydoras_Panda,80.3,806,657,875,691
Pterophyllum_Scalare_Y,80.4,1001,459,1058,540
Pterophyllum_Scalare_B,80.4,817,488,896,586
Pterophyllum_Scalare_BB,80.4,438,304,498,377
Pterophyllum_Scalare_YWB,80.4,495,509,590,609
G_Matriarche,80.4,332,201,417,243
Corydoras_Panda,80.4,814,654,869,690
Corydoras_Panda,80.5,817,651,869,689
Pterophyllum_Scalare_B,80.5,819,487,898,588
Pterophyllum_Scalare_YWB,80.5,495,508,591,609
G_Matriarche,80.5,333,199,399,240
Pterophyllum_Scalare_Y,80.5,997,460,1057,540
Pterophyllum_Scalare_BB,80.5,437,304,497,378
Corydoras_Panda,80.6,817,648,873,690
Pterophyllum_Scalare_B,80.6,822,488,901,588
Pterophyllum_Scalare_BB,80.6,437,304,497,377
Pterophyllum_Scalare_Y,80.6,995,461,1057,542
Pterophyllum_Scalare_YWB,80.6,497,508,591,608
Pterophyllum_Scalare_YWB,80.7,497,508,591,607
Pterophyllum_Scalare_BB,80.7,436,305,494,374
Corydoras_Panda,80.7,820,647,869,689
Pterophyllum_Scalare_B,80.7,824,490,903,587
Pterophyllum_Scalare_Y,80.7,992,462,1056,544
Pterophyllum_Scalare_BB,80.8,434,304,492,371
Pterophyllum_Scalare_YWB,80.8,499,509,592,611
Pterophyllum_Scalare_Y,80.8,989,464,1055,545
Corydoras_Panda,80.8,821,644,871,684
Pterophyllum_Scalare_B,80.8,824,488,904,587
G_Matriarche,80.8,326,197,373,228
Corydoras_Panda,80.9,821,641,870,679
Pterophyllum_Scalare_BB,80.9,433,302,488,368
Pterophyllum_Scalare_YWB,80.9,499,510,590,611
Botia_Almorhae,80.9,398,238,475,298
Botia_Almorhae,80.9,218,599,283,637
Pterophyllum_Scalare_B,80.9,824,487,904,588
Pterophyllum_Scalare_Y,80.9,988,465,1055,546
G_Matriarche,80.9,335,198,399,229
Pterophyllum_Scalare_B,81.0,823,487,904,589
Botia_Almorhae,81.0,399,235,474,301
Botia_Almorhae,81.0,222,597,283,637
Pterophyllum_Scalare_BB,81.0,431,301,484,365
G_Matriarche,81.0,344,200,423,233
Corydoras_Panda,81.0,820,635,870,674
Pterophyllum_Scalare_Y,81.0,986,465,1055,546
Pterophyllum_Scalare_YWB,81.0,499,510,590,611
Pterophyllum_Scalare_B,81.1,822,487,904,589
Pterophyllum_Scalare_Y,81.1,985,466,1055,544
Corydoras_Panda,81.1,824,632,874,669
G_Matriarche,81.1,373,199,445,236
Pterophyllum_Scalare_YWB,81.1,501,510,591,610
Botia_Almorhae,81.1,415,235,476,296
Pterophyllum_Scalare_BB,81.1,429,299,482,363
Pterophyllum_Scalare_BB,81.2,429,298,481,361
Pterophyllum_Scalare_B,81.2,822,490,904,590
Corydoras_Panda,81.2,818,628,879,668
Botia_Almorhae,81.2,398,234,475,298
Pterophyllum_Scalare_Y,81.2,984,466,1054,544
Pterophyllum_Scalare_YWB,81.2,503,512,591,611
G_Matriarche,81.2,392,198,465,237
Pterophyllum_Scalare_B,81.3,825,492,906,592
Pterophyllum_Scalare_Y,81.3,983,467,1048,544
Pterophyllum_Scalare_BB,81.3,427,297,479,361
Corydoras_Panda,81.3,816,624,883,662
Pterophyllum_Scalare_YWB,81.3,502,511,592,613
Botia_Almorhae,81.3,407,234,481,296
G_Matriarche,81.3,407,198,480,239
Pterophyllum_Scalare_Y,81.4,981,469,1045,545
Pterophyllum_Scalare_W,81.4,1040,487,1066,545
Corydoras_Panda,81.4,816,621,881,658
G_Matriarche,81.4,438,195,503,229
Pterophyllum_Scalare_BB,81.4,426,296,478,360
Pterophyllum_Scalare_YWB,81.4,505,514,593,614
Pterophyllum_Scalare_B,81.4,830,495,912,596
Pterophyllum_Scalare_B,81.5,837,498,916,600
Pterophyllum_Scalare_W,81.5,1041,485,1067,540
Pterophyllum_Scalare_YWB,81.5,506,515,594,614
Pterophyllum_Scalare_Y,81.5,979,469,1045,546
Pterophyllum_Scalare_BB,81.5,425,295,476,358
Corydoras_Panda,81.5,815,618,874,649
G_Matriarche,81.5,434,195,525,234
G_Matriarche,81.6,228,582,259,613
Pterophyllum_Scalare_B,81.6,842,500,919,605
Pterophyllum_Scalare_YWB,81.6,507,515,596,615
G_Matriarche,81.6,448,195,543,242
Pterophyllum_Scalare_Y,81.6,976,471,1045,546
Corydoras_Albinos,81.6,801,629,851,669
Pterophyllum_Scalare_BB,81.6,425,291,475,357
G_Matriarche,81.7,480,200,566,251
Pterophyllum_Scalare_Y,81.7,974,473,1044,548
Botia_Striata,81.7,799,614,870,641
G_Matriarche,81.7,226,569,250,608
Pterophyllum_Scalare_YWB,81.7,509,516,598,615
Pterophyllum_Scalare_BB,81.7,424,290,474,357
Pterophyllum_Scalare_B,81.7,855,506,927,609
Corydoras_Albinos,81.8,717,631,759,660
G_Matriarche,81.8,511,204,590,262
Pterophyllum_Scalare_BB,81.8,423,288,472,356
Pterophyllum_Scalare_Y,81.8,973,475,1044,548
Pterophyllum_Scalare_B,81.8,866,509,932,613
Pterophyllum_Scalare_YWB,81.8,510,516,601,616
Pterophyllum_Scalare_BB,81.9,422,286,470,354
Botia_Almorhae,81.9,472,228,502,305
Corydoras_Panda,81.9,784,610,857,641
G_Matriarche,81.9,224,571,251,598
G_Matriarche,81.9,532,210,611,270
Pterophyllum_Scalare_Y,81.9,971,476,1042,549
Pterophyllum_Scalare_YWB,81.9,513,517,602,616
Pterophyllum_Scalare_B,81.9,871,513,937,615
Corydoras_Albinos,82.0,811,631,871,673
Pterophyllum_Scalare_B,82.0,875,517,943,617
Pterophyllum_Scalare_BB,82.0,421,286,470,354
Pterophyllum_Scalare_Y,82.0,969,477,1042,550
Pterophyllum_Scalare_YWB,82.0,516,519,603,617
G_Matriarche,82.0,553,220,631,281
Corydoras_Panda,82.1,778,606,843,636
Corydoras_Albinos,82.1,816,634,872,671
Pterophyllum_Scalare_YWB,82.1,518,519,604,617
Pterophyllum_Scalare_Y,82.1,969,478,1043,551
G_Matriarche,82.1,566,236,651,297
Pterophyllum_Scalare_BB,82.1,421,285,469,352
Pterophyllum_Scalare_B,82.1,878,518,946,615
Pterophyllum_Scalare_Y,82.2,968,479,1043,551
Pterophyllum_Scalare_YWB,82.2,520,520,608,617
G_Matriarche,82.2,584,235,669,310
Pterophyllum_Scalare_BB,82.2,420,284,466,350
Corydoras_Albinos,82.2,820,638,879,674
Pterophyllum_Scalare_Y,82.3,969,480,1043,551
G_Matriarche,82.3,601,245,682,319
Pterophyllum_Scalare_BB,82.3,420,284,465,350
Pterophyllum_Scalare_YWB,82.3,524,522,613,618
Botia_Almorhae,82.3,469,233,501,307
Corydoras_Albinos,82.3,822,641,889,677
Pterophyllum_Scalare_BB,82.4,417,284,459,348
Pterophyllum_Scalare_W,82.4,1008,465,1066,498
Botia_Almorhae,82.4,465,231,501,311
Pterophyllum_Scalare_YWB,82.4,529,523,618,617
Pterophyllum_Scalare_Y,82.4,969,481,1043,552
Corydoras_Albinos,82.4,717,631,758,661
G_Matriarche,82.4,621,271,697,332
Corydoras_Albinos,82.4,823,642,888,678
Pterophyllum_Scalare_BB,82.5,414,280,461,342
Pterophyllum_Scalare_W,82.5,1007,462,1064,497
Pterophyllum_Scalare_Y,82.5,968,481,1043,552
G_Matriarche,82.5,629,278,709,341
Corydoras_Albinos,82.5,821,643,891,680
Pterophyllum_Scalare_YWB,82.5,533,524,624,624
Pterophyllum_Scalare_BB,82.6,414,278,468,341
Corydoras_Albinos,82.6,820,644,887,677
Pterophyllum_Scalare_Y,82.6,968,482,1042,552
Pterophyllum_Scalare_YWB,82.6,539,525,629,630
Pterophyllum_Scalare_W,82.6,1006,460,1050,497
Botia_Almorhae,82.6,474,230,500,310
G_Matriarche,82.6,640,290,720,349
Pterophyllum_Scalare_BB,82.7,413,272,474,339
Pterophyllum_Scalare_Y,82.7,967,482,1042,553
Pterophyllum_Scalare_YWB,82.7,544,527,635,633
G_Matriarche,82.7,654,290,730,355
Corydoras_Panda,82.7,790,614,829,656
Pterophyllum_Scalare_W,82.7,1007,456,1053,497
Botia_Almorhae,82.7,477,232,501,305
Corydoras_Albinos,82.7,717,632,759,661
G_Matriarche,82.8,660,299,740,358
Pterophyllum_Scalare_YWB,82.8,549,530,641,634
Corydoras_Albinos,82.8,815,643,891,681
Pterophyllum_Scalare_Y,82.8,967,483,1042,554
Botia_Almorhae,82.8,476,230,502,315
Pterophyllum_Scalare_W,82.8,1007,454,1054,497
Pterophyllum_Scalare_BB,82.8,412,268,477,339
Corydoras_Panda,82.8,789,615,832,663
Pterophyllum_Scalare_YWB,82.9,555,532,647,637
Botia_Almorhae,82.9,477,228,503,307
Corydoras_Albinos,82.9,824,639,886,679
G_Matriarche,82.9,671,301,748,360
Corydoras_Panda,82.9,797,616,833,672
Pterophyllum_Scalare_BB,82.9,413,268,482,341
Corydoras_Albinos,82.9,717,631,760,662
Pterophyllum_Scalare_Y,82.9,966,483,1042,554
Pterophyllum_Scalare_W,82.9,1008,453,1051,497
Pterophyllum_Scalare_BB,83.0,416,270,485,344
Pterophyllum_Scalare_W,83.0,1007,451,1054,498
Corydoras_Panda,83.0,804,617,839,677
Pterophyllum_Scalare_Y,83.0,966,483,1042,555
Corydoras_Albinos,83.0,833,641,882,678
Botia_Almorhae,83.0,476,229,502,315
Pterophyllum_Scalare_YWB,83.0,562,534,654,638
G_Matriarche,83.0,687,303,752,362
Corydoras_Albinos,83.1,838,639,879,677
Corydoras_Panda,83.1,803,622,844,682
Pterophyllum_Scalare_BB,83.1,421,273,488,346
Botia_Almorhae,83.1,473,230,499,310
Pterophyllum_Scalare_W,83.1,1005,451,1052,498
Pterophyllum_Scalare_YWB,83.1,567,534,657,637
G_Matriarche,83.1,699,304,766,366
Pterophyllum_Scalare_Y,83.1,965,484,1042,554
Pterophyllum_Scalare_Y,83.2,965,485,1042,553
Corydoras_Albinos,83.2,839,640,876,675
Botia_Almorhae,83.2,470,228,495,296
Pterophyllum_Scalare_YWB,83.2,574,535,662,640
Pterophyllum_Scalare_BB,83.2,427,275,490,347
Pterophyllum_Scalare_W,83.2,1003,451,1052,496
G_Matriarche,83.2,713,309,771,369
Corydoras_Panda,83.2,802,628,847,685
G_Matriarche,83.3,726,314,778,372
Botia_Almorhae,83.3,465,232,489,295
Pterophyllum_Scalare_BB,83.3,431,279,492,349
Corydoras_Albinos,83.3,837,636,875,673
Pterophyllum_Scalare_W,83.3,1003,450,1051,495
Pterophyllum_Scalare_Y,83.3,964,485,1043,554
Pterophyllum_Scalare_YWB,83.3,580,538,668,639
Pterophyllum_Scalare_BB,83.4,432,287,492,352
G_Matriarche,83.4,733,318,787,375
Corydoras_Albinos,83.4,832,637,873,669
Pterophyllum_Scalare_YWB,83.4,586,540,672,641
Pterophyllum_Scalare_W,83.4,1001,449,1051,495
Pterophyllum_Scalare_B,83.4,935,586,979,655
Pterophyllum_Scalare_Y,83.4,965,485,1042,554
Pterophyllum_Scalare_W,83.5,1001,449,1052,496
Pterophyllum_Scalare_YWB,83.5,590,540,675,640
Pterophyllum_Scalare_Y,83.5,965,485,1042,554
G_Matriarche,83.5,744,321,795,378
Corydoras_Albinos,83.5,831,631,872,669
Pterophyllum_Scalare_Y,83.5,454,226,484,297
Pterophyllum_Scalare_BB,83.5,433,293,493,354
Pterophyllum_Scalare_W,83.6,1000,448,1052,496
Pterophyllum_Scalare_BB,83.6,433,294,492,355
Pterophyllum_Scalare_YWB,83.6,594,542,677,640
Corydoras_Panda,83.6,815,660,877,697
Pterophyllum_Scalare_Y,83.6,964,485,1043,555
Botia_Almorhae,83.6,451,222,482,296
Corydoras_Albinos,83.6,828,634,870,667
Pterophyllum_Scalare_Y,83.7,964,485,1042,555
Pterophyllum_Scalare_BB,83.7,430,293,490,356
Corydoras_Albinos,83.7,815,626,867,675
G_Matriarche,83.7,758,348,832,380
Pterophyllum_Scalare_W,83.7,999,448,1051,496
Pterophyllum_Scalare_YWB,83.7,597,541,681,640
Pterophyllum_Scalare_Y,83.8,964,485,1042,555
Pterophyllum_Scalare_YWB,83.8,605,540,681,640
Pterophyllum_Scalare_W,83.8,999,447,1052,495
Pterophyllum_Scalare_BB,83.8,435,297,487,359
G_Matriarche,83.8,758,350,849,381
Corydoras_Panda,83.8,821,665,891,695
Corydoras_Albinos,83.8,821,628,864,674
Pterophyllum_Scalare_YWB,83.9,611,541,681,640
Pterophyllum_Scalare_W,83.9,999,446,1052,495
Pterophyllum_Scalare_Y,83.9,965,486,1042,555
G_Matriarche,83.9,774,350,865,382
Corydoras_Panda,83.9,833,665,898,692
Botia_Almorhae,83.9,413,222,480,295
Corydoras_Albinos,83.9,821,625,862,677
Pterophyllum_Scalare_BB,83.9,433,295,484,359
Corydoras_Albinos,84.0,818,626,865,679
Pterophyllum_Scalare_YWB,84.0,615,541,683,640
Pterophyllum_Scalare_W,84.0,997,445,1052,495
G_Matriarche,84.0,785,350,877,382
Pterophyllum_Scalare_BB,84.0,432,297,480,358
Pterophyllum_Scalare_Y,84.0,964,486,1042,554
Corydoras_Albinos,84.1,817,627,863,679
Pterophyllum_Scalare_Y,84.1,965,486,1042,555
Botia_Almorhae,84.1,408,222,476,295
G_Matriarche,84.1,799,350,889,382
Pterophyllum_Scalare_YWB,84.1,620,543,685,642
Pterophyllum_Scalare_BB,84.1,436,301,472,358
Pterophyllum_Scalare_W,84.1,997,444,1052,495
Pterophyllum_Scalare_BB,84.2,436,299,469,356
Corydoras_Albinos,84.2,818,626,864,680
Botia_Almorhae,84.2,417,228,474,297
Pterophyllum_Scalare_YWB,84.2,626,545,687,642
G_Matriarche,84.2,811,350,898,381
Corydoras_Panda,84.2,856,659,922,686
Pterophyllum_Scalare_W,84.2,998,443,1052,494
Pterophyllum_Scalare_Y,84.2,965,487,1042,555
Pterophyllum_Scalare_YWB,84.3,632,546,690,641
G_Matriarche,84.3,819,349,908,381
Pterophyllum_Scalare_Y,84.3,965,487,1042,554
Corydoras_Albinos,84.3,815,632,869,683
Botia_Almorhae,84.3,395,225,475,291
Pterophyllum_Scalare_W,84.3,998,443,1052,493
Pterophyllum_Scalare_YWB,84.4,634,546,695,640
Pterophyllum_Scalare_Y,84.4,964,487,1042,554
Corydoras_Albinos,84.4,814,633,872,684
G_Matriarche,84.4,817,349,918,381
Botia_Almorhae,84.4,391,226,473,290
Corydoras_Panda,84.4,873,658,944,686
Pterophyllum_Scalare_W,84.4,998,442,1053,492
G_Matriarche,84.5,837,349,927,381
Corydoras_Panda,84.5,884,659,950,685
Pterophyllum_Scalare_YWB,84.5,640,548,702,644
Corydoras_Albinos,84.5,812,634,873,685
Pterophyllum_Scalare_BB,84.5,434,296,458,353
Pterophyllum_Scalare_W,84.5,998,441,1053,493
Pterophyllum_Scalare_Y,84.5,964,487,1041,555
Pterophyllum_Scalare_W,84.6,997,440,1053,494
Pterophyllum_Scalare_Y,84.6,963,486,1040,554
Pterophyllum_Scalare_YWB,84.6,647,549,704,646
G_Matriarche,84.6,851,349,931,383
Pterophyllum_Scalare_BB,84.6,432,295,456,354
Corydoras_Albinos,84.6,812,635,871,684
G_Matriarche,84.7,869,354,937,386
Corydoras_Albinos,84.7,810,638,873,685
Pterophyllum_Scalare_W,84.7,997,439,1053,494
Pterophyllum_Scalare_Y,84.7,964,487,1039,556
Pterophyllum_Scalare_YWB,84.7,652,553,706,647
Botia_Almorhae,84.7,389,231,466,294
Pterophyllum_Scalare_BB,84.8,430,294,453,353
Pterophyllum_Scalare_W,84.8,997,438,1054,491
G_Matriarche,84.8,875,352,943,387
G_Matriarche,84.8,846,349,884,375
Pterophyllum_Scalare_Y,84.8,965,487,1038,553
Corydoras_Albinos,84.8,809,637,872,685
Pterophyllum_Scalare_YWB,84.8,655,551,707,644
Botia_Almorhae,84.8,383,234,464,295
Pterophyllum_Scalare_Y,84.9,965,487,1038,552
Pterophyllum_Scalare_W,84.9,997,437,1053,488
Pterophyllum_Scalare_BB,84.9,428,293,453,353
Corydoras_Albinos,84.9,810,638,871,684
Pterophyllum_Scalare_Y,84.9,401,239,454,300
G_Matriarche,84.9,881,352,947,385
Pterophyllum_Scalare_YWB,84.9,654,550,708,643
Pterophyllum_Scalare_Y,85.0,966,487,1037,549
Pterophyllum_Scalare_W,85.0,997,434,1053,488
G_Matriarche,85.0,866,350,954,385
Pterophyllum_Scalare_YWB,85.0,660,548,715,631
Pterophyllum_Scalare_BB,85.0,425,294,453,355
Corydoras_Albinos,85.0,808,637,869,685
Corydoras_Panda,85.0,890,646,952,674
Pterophyllum_Scalare_YWB,85.1,667,545,723,628
Corydoras_Panda,85.1,886,645,949,672
Corydoras_Albinos,85.1,810,636,869,685
Pterophyllum_Scalare_W,85.1,998,432,1054,486
Pterophyllum_Scalare_Y,85.1,965,486,1037,548
G_Matriarche,85.1,877,348,962,389
Botia_Striata,85.1,502,533,555,566
Pterophyllum_Scalare_BB,85.1,425,295,453,356
Pterophyllum_Scalare_W,85.2,997,429,1054,485
Corydoras_Panda,85.2,879,643,945,671
Pterophyllum_Scalare_YWB,85.2,671,542,730,635
Botia_Striata,85.2,495,532,558,568
Pterophyllum_Scalare_BB,85.2,425,297,455,358
G_Matriarche,85.2,888,348,965,391
Pterophyllum_Scalare_Y,85.2,965,485,1037,547
Corydoras_Panda,85.3,874,643,944,672
Pterophyllum_Scalare_W,85.3,997,428,1055,483
Corydoras_Albinos,85.3,805,636,867,683
Botia_Almorhae,85.3,436,237,475,312
G_Matriarche,85.3,888,347,966,394
Pterophyllum_Scalare_Y,85.3,965,484,1036,545
Pterophyllum_Scalare_BB,85.3,427,298,455,358
Pterophyllum_Scalare_YWB,85.3,675,538,736,634
Botia_Striata,85.3,489,531,554,567
Pterophyllum_Scalare_BB,85.4,426,298,458,359
Pterophyllum_Scalare_Y,85.4,963,483,1035,543
Corydoras_Panda,85.4,871,642,936,670
Pterophyllum_Scalare_YWB,85.4,679,535,741,633
Botia_Striata,85.4,486,531,544,563
Pterophyllum_Scalare_W,85.4,997,425,1055,482
Corydoras_Albinos,85.4,807,633,864,684
Corydoras_Albinos,85.5,807,633,866,683
Botia_Striata,85.5,486,530,542,561
Pterophyllum_Scalare_W,85.5,997,423,1055,481
Pterophyllum_Scalare_BB,85.5,426,296,460,359
Pterophyllum_Scalare_Y,85.5,963,482,1034,542
Pterophyllum_Scalare_YWB,85.5,683,530,744,626
Corydoras_Panda,85.5,868,644,929,671
Pterophyllum_Scalare_W,85.6,997,421,1055,479
Pterophyllum_Scalare_BB,85.6,428,294,462,357
Pterophyllum_Scalare_YWB,85.6,687,524,746,600
Pterophyllum_Scalare_Y,85.6,961,480,1033,539
Pterophyllum_Scalare_Y,85.6,409,245,455,310
Corydoras_Panda,85.6,866,645,921,672
Corydoras_Albinos,85.6,805,633,866,684
Pterophyllum_Scalare_Y,85.7,962,479,1033,539
Corydoras_Albinos,85.7,804,636,866,683
Corydoras_Panda,85.7,866,644,925,672
Pterophyllum_Scalare_YWB,85.7,689,516,749,592
Botia_Striata,85.7,865,644,926,672
Pterophyllum_Scalare_BB,85.7,426,293,463,357
Pterophyllum_Scalare_W,85.7,997,419,1054,477
Pterophyllum_Scalare_YWB,85.8,698,510,751,589
Pterophyllum_Scalare_Y,85.8,960,477,1033,537
Corydoras_Albinos,85.8,803,639,864,685
Pterophyllum_Scalare_BB,85.8,426,292,464,354
Pterophyllum_Scalare_W,85.8,996,417,1054,476
Pterophyllum_Scalare_YWB,85.9,701,502,753,584
Corydoras_Albinos,85.9,798,644,863,685
Pterophyllum_Scalare_Y,85.9,960,476,1033,535
Pterophyllum_Scalare_BB,85.9,423,293,465,354
Pterophyllum_Scalare_W,85.9,996,416,1054,475
Botia_Striata,86.0,493,531,532,555
Pterophyllum_Scalare_Y,86.0,960,475,1033,534
Corydoras_Albinos,86.0,798,645,867,688
Pterophyllum_Scalare_BB,86.0,421,291,466,353
Pterophyllum_Scalare_YWB,86.0,702,496,754,577
Pterophyllum_Scalare_W,86.0,995,415,1054,475
Pterophyllum_Scalare_W,86.1,995,414,1054,473
Botia_Almorhae,86.1,451,243,481,304
Pterophyllum_Scalare_YWB,86.1,703,490,756,574
Pterophyllum_Scalare_BB,86.1,425,292,467,353
G_Matriarche,86.1,925,375,972,416
Pterophyllum_Scalare_Y,86.1,961,474,1032,533
Pterophyllum_Scalare_BB,86.2,424,290,465,353
Pterophyllum_Scalare_Y,86.2,960,473,1033,531
Pterophyllum_Scalare_YWB,86.2,703,484,757,569
Pterophyllum_Scalare_W,86.2,996,413,1054,472
Pterophyllum_Scalare_BB,86.3,424,289,468,351
Pterophyllum_Scalare_Y,86.3,960,472,1033,530
G_Matriarche,86.3,919,386,980,416
Pterophyllum_Scalare_YWB,86.3,701,477,758,565
Pterophyllum_Scalare_W,86.3,995,411,1055,471
Pterophyllum_Scalare_W,86.4,994,410,1057,470
Pterophyllum_Scalare_Y,86.4,961,472,1034,530
Pterophyllum_Scalare_YWB,86.4,700,474,760,563
G_Matriarche,86.4,915,387,984,419
Pterophyllum_Scalare_BB,86.4,424,288,468,354
Pterophyllum_Scalare_BB,86.5,424,287,467,355
Pterophyllum_Scalare_Y,86.5,959,471,1034,529
Corydoras_Panda,86.5,858,645,914,673
G_Matriarche,86.5,911,390,982,421
Corydoras_Albinos,86.5,794,648,866,684
Pterophyllum_Scalare_W,86.5,994,409,1057,469
Pterophyllum_Scalare_YWB,86.5,698,471,761,558
Pterophyllum_Scalare_Y,86.6,962,470,1035,528
Pterophyllum_Scalare_BB,86.6,424,290,466,356
Pterophyllum_Scalare_YWB,86.6,698,468,762,556
Pterophyllum_Scalare_W,86.6,994,407,1059,468
Corydoras_Panda,86.6,857,643,912,673
G_Matriarche,86.6,912,388,979,423
Pterophyllum_Scalare_W,86.7,992,406,1059,466
Pterophyllum_Scalare_YWB,86.7,698,465,763,553
Corydoras_Albinos,86.7,790,648,861,684
G_Matriarche,86.7,904,389,976,425
Corydoras_Panda,86.7,851,641,914,671
Pterophyllum_Scalare_BB,86.7,425,288,465,355
Pterophyllum_Scalare_Y,86.7,966,469,1037,526
G_Matriarche,86.8,897,393,962,424
Pterophyllum_Scalare_Y,86.8,970,468,1039,527
Pterophyllum_Scalare_YWB,86.8,698,464,765,552
Corydoras_Panda,86.8,845,638,911,669
Pterophyllum_Scalare_W,86.8,992,405,1060,465
Corydoras_Albinos,86.8,789,648,857,685
Pterophyllum_Scalare_BB,86.8,423,286,464,354
G_Matriarche,86.9,895,394,955,426
Botia_Striata,86.9,840,636,902,667
Pterophyllum_Scalare_BB,86.9,423,286,463,352
Pterophyllum_Scalare_W,86.9,992,402,1060,465
Corydoras_Albinos,86.9,788,648,854,685
Pterophyllum_Scalare_YWB,86.9,697,463,765,553
Pterophyllum_Scalare_Y,86.9,972,467,1040,526
Pterophyllum_Scalare_YWB,87.0,695,462,765,552
Corydoras_Panda,87.0,834,634,900,663
G_Matriarche,87.0,878,395,951,431
Pterophyllum_Scalare_W,87.0,992,400,1058,463
Pterophyllum_Scalare_BB,87.0,422,285,461,351
Pterophyllum_Scalare_Y,87.0,973,467,1041,527
G_Matriarche,87.1,864,400,944,436
Pterophyllum_Scalare_BB,87.1,424,285,459,351
Botia_Striata,87.1,524,429,558,457
Pterophyllum_Scalare_YWB,87.1,693,461,765,552
Pterophyllum_Scalare_Y,87.1,975,468,1044,528
Corydoras_Panda,87.1,828,632,894,663
Pterophyllum_Scalare_W,87.1,993,397,1058,460
Pterophyllum_Scalare_BB,87.2,424,284,458,350
Pterophyllum_Scalare_Y,87.2,978,468,1048,527
Botia_Striata,87.2,819,631,883,660
Pterophyllum_Scalare_YWB,87.2,694,460,765,552
Pterophyllum_Scalare_W,87.2,993,394,1058,455
Botia_Striata,87.2,523,429,557,457
G_Matriarche,87.2,850,404,933,437
G_Matriarche,87.3,841,404,928,438
Pterophyllum_Scalare_YWB,87.3,696,458,764,553
Pterophyllum_Scalare_Y,87.3,979,468,1050,529
Botia_Striata,87.3,523,429,558,457
Corydoras_Panda,87.3,814,628,877,660
Pterophyllum_Scalare_BB,87.3,425,284,458,352
Pterophyllum_Scalare_W,87.3,996,391,1058,452
Pterophyllum_Scalare_BB,87.4,424,283,459,352
G_Matriarche,87.4,837,401,917,439
Botia_Striata,87.4,521,428,557,457
Pterophyllum_Scalare_YWB,87.4,696,456,763,551
Pterophyllum_Scalare_W,87.4,997,387,1059,450
Pterophyllum_Scalare_Y,87.4,979,468,1051,530
G_Matriarche,87.5,831,397,911,442
Botia_Striata,87.5,805,621,865,655
Botia_Striata,87.5,521,428,558,457
Pterophyllum_Scalare_W,87.5,999,384,1058,448
Pterophyllum_Scalare_Y,87.5,981,469,1053,531
Pterophyllum_Scalare_BB,87.5,423,283,459,351
Pterophyllum_Scalare_YWB,87.5,696,454,763,550
Pterophyllum_Scalare_BB,87.6,421,283,461,348
Pterophyllum_Scalare_Y,87.6,983,470,1056,532
G_Matriarche,87.6,829,394,896,436
Pterophyllum_Scalare_W,87.6,999,381,1061,445
Pterophyllum_Scalare_YWB,87.6,696,452,763,551
Pterophyllum_Scalare_W,87.7,1001,378,1064,441
G_Matriarche,87.7,827,391,889,430
Pterophyllum_Scalare_YWB,87.7,695,452,763,550
Corydoras_Panda,87.7,798,614,844,646
Pterophyllum_Scalare_BB,87.7,420,281,461,346
Pterophyllum_Scalare_Y,87.7,985,471,1058,533
G_Matriarche,87.8,823,390,881,424
Pterophyllum_Scalare_W,87.8,1001,375,1066,439
Pterophyllum_Scalare_YWB,87.8,694,452,764,549
Pterophyllum_Scalare_BB,87.8,419,281,462,347
Pterophyllum_Scalare_Y,87.8,987,471,1059,535
Pterophyllum_Scalare_W,87.9,1002,371,1069,434
Corydoras_Panda,87.9,792,596,827,636
Pterophyllum_Scalare_BB,87.9,418,280,464,346
G_Matriarche,87.9,820,387,875,420
Pterophyllum_Scalare_Y,87.9,989,471,1061,536
Pterophyllum_Scalare_YWB,87.9,694,450,764,548
Pterophyllum_Scalare_YWB,88.0,695,449,765,547
Pterophyllum_Scalare_Y,88.0,990,471,1062,537
G_Matriarche,88.0,819,386,875,420
Pterophyllum_Scalare_BB,88.0,418,278,465,345
Pterophyllum_Scalare_W,88.0,1005,369,1071,431
Pterophyllum_Scalare_YWB,88.1,695,449,765,547
Pterophyllum_Scalare_BB,88.1,417,277,467,345
Pterophyllum_Scalare_Y,88.1,992,471,1063,538
Pterophyllum_Scalare_W,88.1,1006,364,1070,428
G_Matriarche,88.1,819,386,876,423
Pterophyllum_Scalare_YWB,88.2,695,448,765,547
G_Matriarche,88.2,818,384,884,427
Pterophyllum_Scalare_Y,88.2,995,471,1064,538
Pterophyllum_Scalare_W,88.2,1008,363,1070,425
Pterophyllum_Scalare_BB,88.2,416,277,468,343
Pterophyllum_Scalare_YWB,88.3,698,447,766,547
G_Matriarche,88.3,817,390,883,431
Pterophyllum_Scalare_Y,88.3,996,472,1065,539
Pterophyllum_Scalare_BB,88.3,416,278,468,343
Pterophyllum_Scalare_Y,88.3,425,238,468,286
Pterophyllum_Scalare_W,88.3,1009,359,1070,422
Pterophyllum_Scalare_Y,88.4,998,472,1067,540
Pterophyllum_Scalare_BB,88.4,416,274,469,342
Pterophyllum_Scalare_W,88.4,1010,357,1071,421
G_Matriarche,88.4,819,391,874,436
Pterophyllum_Scalare_YWB,88.4,702,445,767,550
Corydoras_Panda,88.5,797,576,831,609
Pterophyllum_Scalare_BB,88.5,417,274,470,341
Pterophyllum_Scalare_Y,88.5,999,473,1068,541
G_Matriarche,88.5,820,387,869,445
Pterophyllum_Scalare_YWB,88.5,711,445,767,549
Pterophyllum_Scalare_W,88.5,1011,355,1072,421
Corydoras_Albinos,88.5,1005,639,1043,674
Pterophyllum_Scalare_BB,88.6,411,269,474,339
Pterophyllum_Scalare_Y,88.6,1000,474,1070,542
Pterophyllum_Scalare_W,88.6,1013,354,1074,420
Corydoras_Panda,88.6,794,575,839,604
Pterophyllum_Scalare_YWB,88.6,718,445,767,549
G_Matriarche,88.7,823,405,898,468
Corydoras_Panda,88.7,790,574,843,602
Pterophyllum_Scalare_YWB,88.7,721,445,767,549
Pterophyllum_Scalare_Y,88.7,1001,475,1072,544
Pterophyllum_Scalare_W,88.7,1015,353,1075,417
Pterophyllum_Scalare_BB,88.7,419,265,475,340
G_Matriarche,88.8,834,423,914,479
Pterophyllum_Scalare_Y,88.8,1003,476,1075,546
Pterophyllum_Scalare_BB,88.8,421,273,475,340
Pterophyllum_Scalare_YWB,88.8,722,446,767,549
Corydoras_Panda,88.8,796,571,849,599
Pterophyllum_Scalare_W,88.8,1016,349,1077,417
Pterophyllum_Scalare_YWB,88.9,723,444,767,549
G_Matriarche,88.9,848,435,927,483
Pterophyllum_Scalare_W,88.9,1017,348,1078,415
Pterophyllum_Scalare_Y,88.9,1006,478,1077,547
Corydoras_Panda,88.9,803,570,856,597
Pterophyllum_Scalare_BB,88.9,423,270,477,341
Pterophyllum_Scalare_W,89.0,1019,347,1077,413
Pterophyllum_Scalare_YWB,89.0,723,444,767,551
Corydoras_Panda,89.0,798,569,857,596
G_Matriarche,89.0,864,449,938,489
Pterophyllum_Scalare_BB,89.0,422,268,478,342
Pterophyllum_Scalare_Y,89.0,1008,479,1079,548
Corydoras_Panda,89.1,809,565,861,597
Pterophyllum_Scalare_Y,89.1,1011,480,1083,550
Pterophyllum_Scalare_YWB,89.1,724,445,767,551
Pterophyllum_Scalare_W,89.1,1020,345,1078,411
G_Matriarche,89.1,881,460,950,495
Pterophyllum_Scalare_BB,89.1,428,267,478,340
Pterophyllum_Scalare_BB,89.2,430,267,477,340
Pterophyllum_Scalare_YWB,89.2,726,446,767,551
Corydoras_Panda,89.2,817,564,864,595
Pterophyllum_Scalare_W,89.2,1023,343,1080,410
G_Matriarche,89.2,891,467,961,499
Pterophyllum_Scalare_Y,89.2,1014,482,1086,551
Pterophyllum_Scalare_YWB,89.3,726,445,767,551
Corydoras_Panda,89.3,813,561,866,592
Pterophyllum_Scalare_W,89.3,1025,341,1081,408
Pterophyllum_Scalare_BB,89.3,431,268,476,341
G_Matriarche,89.3,908,472,974,505
Pterophyllum_Scalare_Y,89.3,1020,484,1090,552
Pterophyllum_Scalare_Y,89.4,1023,486,1093,554
Pterophyllum_Scalare_BB,89.4,431,269,477,343
G_Matriarche,89.4,919,474,986,509
Pterophyllum_Scalare_W,89.4,1026,338,1080,407
Pterophyllum_Scalare_YWB,89.4,727,445,768,551
Corydoras_Panda,89.4,821,559,868,588
G_Matriarche,89.5,934,479,992,518
Pterophyllum_Scalare_Y,89.5,1027,486,1095,555
Pterophyllum_Scalare_BB,89.5,431,269,476,344
Pterophyllum_Scalare_W,89.5,1028,337,1079,405
Corydoras_Panda,89.5,825,559,869,579
Pterophyllum_Scalare_YWB,89.5,728,446,767,551
Botia_Almorhae,89.5,362,250,447,302
Pterophyllum_Scalare_Y,89.6,1028,487,1097,556
Pterophyllum_Scalare_YWB,89.6,729,447,768,552
Pterophyllum_Scalare_W,89.6,1030,335,1079,404
Pterophyllum_Scalare_BB,89.6,431,270,476,344
Pterophyllum_Scalare_W,89.7,1032,334,1080,403
Pterophyllum_Scalare_YWB,89.7,730,448,768,553
Pterophyllum_Scalare_BB,89.7,431,273,474,344
Botia_Almorhae,89.7,377,339,404,404
Pterophyllum_Scalare_Y,89.7,1031,488,1099,557
Botia_Almorhae,89.8,376,331,404,394
Pterophyllum_Scalare_Y,89.8,1033,489,1100,558
Pterophyllum_Scalare_BB,89.8,430,274,471,347
Pterophyllum_Scalare_YWB,89.8,731,450,769,553
Pterophyllum_Scalare_W,89.8,1033,333,1081,401
Botia_Almorhae,89.9,372,322,405,383
Pterophyllum_Scalare_W,89.9,1035,333,1083,401
Pterophyllum_Scalare_Y,89.9,1034,490,1101,559
Pterophyllum_Scalare_BB,89.9,429,276,471,347
Pterophyllum_Scalare_YWB,89.9,732,452,769,554
Pterophyllum_Scalare_W,90.0,1036,333,1085,400
Botia_Almorhae,90.0,375,315,408,378
Pterophyllum_Scalare_YWB,90.0,732,452,769,554
Pterophyllum_Scalare_BB,90.0,428,275,471,349
G_Matriarche,90.0,943,523,996,561
Pterophyllum_Scalare_Y,90.0,1035,490,1102,559
Pterophyllum_Scalare_YWB,90.1,732,454,769,553
Pterophyllum_Scalare_Y,90.1,1037,491,1103,560
Pterophyllum_Scalare_W,90.1,1036,332,1086,399
Pterophyllum_Scalare_BB,90.1,428,274,469,348
G_Matriarche,90.1,936,524,1002,566
Botia_Almorhae,90.1,350,257,430,308
Botia_Almorhae,90.1,370,309,411,369
Pterophyllum_Scalare_Y,90.2,1040,492,1104,562
Pterophyllum_Scalare_W,90.2,1038,331,1088,398
G_Matriarche,90.2,930,530,1003,572
Pterophyllum_Scalare_BB,90.2,428,274,469,348
Pterophyllum_Scalare_YWB,90.2,732,452,769,553
Botia_Almorhae,90.2,372,304,416,361
Pterophyllum_Scalare_W,90.3,1040,332,1091,397
Pterophyllum_Scalare_Y,90.3,1042,492,1105,563
Pterophyllum_Scalare_YWB,90.3,732,454,769,554
Pterophyllum_Scalare_BB,90.3,427,274,468,347
Botia_Almorhae,90.3,367,300,420,352
G_Matriarche,90.3,925,538,998,576
Pterophyllum_Scalare_YWB,90.4,733,456,770,554
Botia_Almorhae,90.4,362,298,423,349
G_Matriarche,90.4,920,545,997,579
Pterophyllum_Scalare_W,90.4,1046,331,1095,396
Pterophyllum_Scalare_BB,90.4,426,274,466,346
Pterophyllum_Scalare_Y,90.4,1041,493,1106,564
Pterophyllum_Scalare_BB,90.5,425,276,464,347
Pterophyllum_Scalare_Y,90.5,1042,495,1107,565
Pterophyllum_Scalare_YWB,90.5,733,456,769,554
Pterophyllum_Scalare_W,90.5,1049,332,1099,395
G_Matriarche,90.5,915,550,992,581
G_Matriarche,90.6,911,553,987,582
Pterophyllum_Scalare_Y,90.6,1043,496,1108,566
Pterophyllum_Scalare_W,90.6,1052,332,1101,393
Pterophyllum_Scalare_YWB,90.6,733,456,770,554
Pterophyllum_Scalare_BB,90.6,425,277,463,349
Pterophyllum_Scalare_YWB,90.7,734,456,769,554
Botia_Almorhae,90.7,345,266,431,323
G_Matriarche,90.7,906,555,985,584
Pterophyllum_Scalare_W,90.7,1055,330,1103,392
Pterophyllum_Scalare_BB,90.7,425,279,465,352
Pterophyllum_Scalare_Y,90.7,1044,497,1109,567
Pterophyllum_Scalare_BB,90.7,978,498,1005,548
Botia_Almorhae,90.8,356,262,452,320
Pterophyllum_Scalare_Y,90.8,1045,498,1110,569
Pterophyllum_Scalare_W,90.8,1057,329,1105,392
Pterophyllum_Scalare_YWB,90.8,735,456,769,555
Pterophyllum_Scalare_BB,90.8,427,280,467,352
G_Matriarche,90.8,905,556,980,585
G_Matriarche,90.9,905,556,978,586
Pterophyllum_Scalare_W,90.9,1060,327,1108,392
Pterophyllum_Scalare_Y,90.9,1046,499,1111,570
Pterophyllum_Scalare_YWB,90.9,736,455,769,556
Pterophyllum_Scalare_BB,90.9,428,284,469,352
Botia_Almorhae,90.9,350,260,461,318
Pterophyllum_Scalare_W,91.0,1061,326,1109,392
Pterophyllum_Scalare_Y,91.0,1047,500,1111,571
Pterophyllum_Scalare_BB,91.0,429,284,471,352
Pterophyllum_Scalare_YWB,91.0,736,457,768,557
Botia_Almorhae,91.0,363,257,465,320
G_Matriarche,91.0,904,557,976,587
Botia_Almorhae,91.1,377,258,475,319
Pterophyllum_Scalare_BB,91.1,430,285,474,353
Pterophyllum_Scalare_Y,91.1,1047,501,1111,572
Pterophyllum_Scalare_W,91.1,1064,325,1112,392
G_Matriarche,91.1,904,557,971,586
Corydoras_Albinos,91.1,713,636,779,675
Pterophyllum_Scalare_YWB,91.1,735,456,770,559
Corydoras_Albinos,91.2,712,634,770,678
Pterophyllum_Scalare_Y,91.2,1048,502,1111,573
Pterophyllum_Scalare_YWB,91.2,734,459,773,560
Pterophyllum_Scalare_W,91.2,1066,324,1114,393
Pterophyllum_Scalare_BB,91.2,431,289,475,353
Botia_Almorhae,91.2,385,258,483,313
Pterophyllum_Scalare_YWB,91.3,734,454,776,559
Pterophyllum_Scalare_Y,91.3,1048,502,1112,574
Pterophyllum_Scalare_W,91.3,1069,325,1117,397
Corydoras_Albinos,91.3,711,634,769,680
Pterophyllum_Scalare_BB,91.3,431,291,476,353
Pterophyllum_Scalare_BB,91.4,431,292,477,354
Pterophyllum_Scalare_Y,91.4,1049,502,1113,574
Pterophyllum_Scalare_W,91.4,1072,324,1119,399
Corydoras_Panda,91.4,854,527,897,552
Pterophyllum_Scalare_YWB,91.4,732,456,778,559
G_Matriarche,91.5,899,549,968,581
Pterophyllum_Scalare_Y,91.5,1050,502,1114,575
Pterophyllum_Scalare_YWB,91.5,731,457,782,560
Pterophyllum_Scalare_W,91.5,1075,325,1121,400
Pterophyllum_Scalare_BB,91.5,432,293,476,355
Corydoras_Panda,91.5,847,523,900,547
Corydoras_Albinos,91.6,707,634,760,687
G_Matriarche,91.6,898,545,967,580
Corydoras_Panda,91.6,854,518,903,547
Pterophyllum_Scalare_W,91.6,1078,324,1123,401
Pterophyllum_Scalare_Y,91.6,1051,501,1114,575
Pterophyllum_Scalare_BB,91.6,433,294,476,355
Pterophyllum_Scalare_YWB,91.6,730,454,790,562
Corydoras_Panda,91.7,857,511,904,546
Pterophyllum_Scalare_Y,91.7,1051,501,1114,575
Pterophyllum_Scalare_YWB,91.7,729,454,794,564
Pterophyllum_Scalare_W,91.7,1080,324,1125,401
Corydoras_Albinos,91.7,707,634,761,688
Pterophyllum_Scalare_BB,91.7,433,295,475,356
Pterophyllum_Scalare_Y,91.8,1052,501,1114,576
Pterophyllum_Scalare_YWB,91.8,729,454,798,565
Corydoras_Panda,91.8,862,509,906,546
Pterophyllum_Scalare_W,91.8,1082,324,1128,402
Pterophyllum_Scalare_BB,91.8,433,297,473,358
Corydoras_Albinos,91.8,706,634,760,687
Pterophyllum_Scalare_YWB,91.9,728,454,800,566
Pterophyllum_Scalare_W,91.9,1084,324,1128,401
Pterophyllum_Scalare_Y,91.9,1054,502,1115,576
Pterophyllum_Scalare_BB,91.9,431,299,470,359
Corydoras_Panda,91.9,868,507,911,546
Corydoras_Albinos,91.9,705,632,759,687
Pterophyllum_Scalare_Y,92.0,1057,502,1115,576
Corydoras_Panda,92.0,868,505,915,546
Corydoras_Albinos,92.0,704,632,757,689
Pterophyllum_Scalare_BB,92.0,431,302,469,363
Pterophyllum_Scalare_YWB,92.0,728,454,803,567
Pterophyllum_Scalare_W,92.0,1086,322,1129,402
Pterophyllum_Scalare_YWB,92.1,728,455,806,568
Pterophyllum_Scalare_Y,92.1,1058,502,1115,577
Pterophyllum_Scalare_BB,92.1,432,303,466,366
Corydoras_Panda,92.1,869,507,916,545
Pterophyllum_Scalare_W,92.1,1088,322,1130,402
Corydoras_Albinos,92.1,703,633,753,689
Pterophyllum_Scalare_B,92.2,907,556,979,642
Corydoras_Panda,92.2,871,507,913,541
Corydoras_Albinos,92.2,702,633,753,690
Pterophyllum_Scalare_W,92.2,1090,323,1132,402
Pterophyllum_Scalare_Y,92.2,1059,503,1115,577
Pterophyllum_Scalare_YWB,92.2,727,456,808,570
Botia_Almorhae,92.2,386,237,514,293
Pterophyllum_Scalare_BB,92.2,430,304,463,366
Pterophyllum_Scalare_W,92.3,1092,323,1133,402
Pterophyllum_Scalare_BB,92.3,430,305,460,366
Pterophyllum_Scalare_YWB,92.3,727,457,811,572
Pterophyllum_Scalare_Y,92.3,1060,504,1115,578
Corydoras_Albinos,92.3,702,635,747,690
Botia_Almorhae,92.3,354,242,478,299
Pterophyllum_Scalare_W,92.4,1094,323,1134,402
Pterophyllum_Scalare_BB,92.4,429,305,457,366
Corydoras_Albinos,92.4,702,635,748,690
G_Matriarche,92.4,857,509,905,554
Pterophyllum_Scalare_YWB,92.4,727,460,813,573
Pterophyllum_Scalare_Y,92.4,1061,505,1114,578
G_Matriarche,92.5,853,491,893,549
Botia_Almorhae,92.5,293,267,430,312
Pterophyllum_Scalare_YWB,92.5,726,461,814,574
Pterophyllum_Scalare_BB,92.5,425,304,455,366
Pterophyllum_Scalare_B,92.5,912,552,983,642
Pterophyllum_Scalare_W,92.5,1095,323,1135,402
Pterophyllum_Scalare_Y,92.5,1061,506,1114,578
Corydoras_Albinos,92.5,702,635,747,689
Pterophyllum_Scalare_B,92.6,915,552,987,644
Corydoras_Albinos,92.6,701,634,746,690
Pterophyllum_Scalare_YWB,92.6,726,463,815,575
Pterophyllum_Scalare_W,92.6,1097,323,1137,402
Pterophyllum_Scalare_Y,92.6,1061,506,1114,578
Pterophyllum_Scalare_BB,92.6,420,302,453,367
Corydoras_Albinos,92.7,702,635,743,689
Pterophyllum_Scalare_Y,92.7,1061,506,1114,578
Pterophyllum_Scalare_W,92.7,1098,323,1138,402
Pterophyllum_Scalare_YWB,92.7,725,464,816,576
Pterophyllum_Scalare_BB,92.7,416,302,451,366
Pterophyllum_Scalare_B,92.7,916,552,989,643
Botia_Almorhae,92.7,234,257,372,315
Pterophyllum_Scalare_Y,92.8,1062,506,1114,578
Pterophyllum_Scalare_BB,92.8,412,300,449,364
G_Matriarche,92.8,845,454,887,521
Pterophyllum_Scalare_W,92.8,1100,324,1139,402
Pterophyllum_Scalare_YWB,92.8,725,466,816,577
Corydoras_Albinos,92.8,702,636,743,688
Pterophyllum_Scalare_Y,92.9,1062,506,1114,578
Pterophyllum_Scalare_B,92.9,928,554,995,645
Pterophyllum_Scalare_YWB,92.9,726,467,817,577
G_Matriarche,92.9,846,446,890,515
Corydoras_Albinos,92.9,701,635,744,689
Pterophyllum_Scalare_BB,92.9,408,299,453,361
Pterophyllum_Scalare_W,92.9,1102,324,1140,402
Botia_Almorhae,93.0,161,246,275,299
Pterophyllum_Scalare_B,93.0,930,552,996,644
Pterophyllum_Scalare_BB,93.0,404,298,455,361
Corydoras_Albinos,93.0,700,635,744,690
Pterophyllum_Scalare_Y,93.0,1062,505,1114,577
Pterophyllum_Scalare_YWB,93.0,726,467,818,578
Pterophyllum_Scalare_W,93.0,1103,324,1141,402
G_Matriarche,93.0,843,438,878,480
G_Matriarche,93.1,836,424,875,464
Pterophyllum_Scalare_Y,93.1,1063,505,1114,577
Pterophyllum_Scalare_BB,93.1,400,296,451,358
Botia_Almorhae,93.1,149,247,266,301
Pterophyllum_Scalare_YWB,93.1,726,467,819,578
Pterophyllum_Scalare_W,93.1,1105,325,1143,402
Corydoras_Albinos,93.1,700,635,743,691
Pterophyllum_Scalare_BB,93.2,388,291,457,356
Pterophyllum_Scalare_Y,93.2,1064,506,1114,576
Botia_Almorhae,93.2,137,249,245,318
G_Matriarche,93.2,820,399,889,453
Corydoras_Albinos,93.2,697,634,742,689
Pterophyllum_Scalare_YWB,93.2,726,468,820,578
Pterophyllum_Scalare_BB,93.3,382,289,457,355
Botia_Almorhae,93.3,133,253,241,325
Pterophyllum_Scalare_Y,93.3,1064,506,1114,576
G_Matriarche,93.3,811,390,883,440
Pterophyllum_Scalare_BB,93.3,1112,324,1147,398
Pterophyllum_Scalare_YWB,93.3,725,469,820,579
Corydoras_Albinos,93.3,696,636,741,689
Pterophyllum_Scalare_BB,93.4,376,286,453,353
Pterophyllum_Scalare_YWB,93.4,725,469,822,579
Corydoras_Albinos,93.4,696,630,752,690
Botia_Almorhae,93.4,130,261,241,336
Pterophyllum_Scalare_BB,93.4,1116,323,1150,396
G_Matriarche,93.4,802,383,875,430
Pterophyllum_Scalare_Y,93.4,1065,507,1115,575
Corydoras_Albinos,93.5,696,630,752,690
Pterophyllum_Scalare_YWB,93.5,724,468,820,578
Pterophyllum_Scalare_BB,93.5,1114,322,1150,396
G_Matriarche,93.5,141,281,204,324
Pterophyllum_Scalare_Y,93.5,1066,507,1115,575
G_Matriarche,93.5,795,377,871,421
Pterophyllum_Scalare_BB,93.5,370,284,449,352
Pterophyllum_Scalare_YWB,93.6,724,467,819,575
Botia_Almorhae,93.6,148,283,193,330
Pterophyllum_Scalare_BB,93.6,1112,321,1148,395
G_Matriarche,93.6,787,371,866,414
Corydoras_Albinos,93.6,696,629,754,691
Pterophyllum_Scalare_Y,93.6,1066,507,1115,575
Pterophyllum_Scalare_BB,93.6,365,282,443,351
Corydoras_Panda,93.6,889,506,928,543
G_Matriarche,93.7,779,367,860,409
Pterophyllum_Scalare_YWB,93.7,722,465,819,572
Pterophyllum_Scalare_BB,93.7,360,281,438,351
Pterophyllum_Scalare_BB,93.7,1110,318,1147,395
Pterophyllum_Scalare_Y,93.7,1067,507,1115,574
Botia_Almorhae,93.7,147,287,197,337
Corydoras_Panda,93.8,887,510,932,543
Pterophyllum_Scalare_Y,93.8,1068,508,1116,574
Pterophyllum_Scalare_BB,93.8,354,280,435,351
Pterophyllum_Scalare_YWB,93.8,721,463,818,569
Botia_Almorhae,93.8,140,294,237,353
Pterophyllum_Scalare_BB,93.8,1108,317,1147,395
G_Matriarche,93.8,774,363,854,403
Pterophyllum_Scalare_B,93.9,957,561,1020,646
G_Matriarche,93.9,768,359,851,397
Pterophyllum_Scalare_YWB,93.9,719,460,815,566
Corydoras_Panda,93.9,878,504,932,543
Pterophyllum_Scalare_W,93.9,1104,316,1144,394
Pterophyllum_Scalare_BB,93.9,350,279,427,351
Botia_Almorhae,93.9,141,306,205,356
Pterophyllum_Scalare_Y,93.9,1068,507,1116,573
Pterophyllum_Scalare_W,94.0,1100,315,1143,392
Pterophyllum_Scalare_YWB,94.0,715,459,812,564
Pterophyllum_Scalare_BB,94.0,346,278,423,350
Pterophyllum_Scalare_Y,94.0,1069,508,1117,573
G_Matriarche,94.0,765,357,846,393
Botia_Almorhae,94.0,141,313,209,368
Corydoras_Panda,94.0,882,505,933,543
Pterophyllum_Scalare_Y,94.1,1070,508,1118,573
Corydoras_Panda,94.1,878,506,933,543
Corydoras_Albinos,94.1,697,628,724,689
Pterophyllum_Scalare_YWB,94.1,712,458,810,562
Pterophyllum_Scalare_BB,94.1,338,276,419,350
Botia_Almorhae,94.1,148,322,209,372
Pterophyllum_Scalare_W,94.1,1095,314,1141,391
G_Matriarche,94.1,758,356,841,391
Pterophyllum_Scalare_BB,94.2,334,275,415,349
Pterophyllum_Scalare_W,94.2,1092,313,1138,391
Botia_Almorhae,94.2,152,327,210,374
Pterophyllum_Scalare_B,94.2,956,557,1019,650
Pterophyllum_Scalare_Y,94.2,1070,508,1118,573
Corydoras_Panda,94.2,880,508,933,542
G_Matriarche,94.2,755,354,837,389
Pterophyllum_Scalare_YWB,94.2,706,459,808,557
Corydoras_Albinos,94.2,698,628,723,690
Corydoras_Panda,94.3,878,511,933,542
Pterophyllum_Scalare_W,94.3,1088,312,1134,391
Pterophyllum_Scalare_BB,94.3,329,273,410,347
G_Matriarche,94.3,751,355,834,388
Pterophyllum_Scalare_Y,94.3,1071,508,1119,573
Pterophyllum_Scalare_B,94.3,956,556,1019,651
Pterophyllum_Scalare_YWB,94.3,702,459,803,554
Corydoras_Panda,94.4,883,509,934,542
Pterophyllum_Scalare_B,94.4,956,556,1018,652
Corydoras_Albinos,94.4,697,631,725,690
G_Matriarche,94.4,748,354,829,387
Pterophyllum_Scalare_W,94.4,1084,312,1131,392
Pterophyllum_Scalare_Y,94.4,1071,508,1120,573
Pterophyllum_Scalare_YWB,94.4,699,456,799,551
Pterophyllum_Scalare_BB,94.4,326,271,407,345
Pterophyllum_Scalare_W,94.5,1079,312,1127,393
Pterophyllum_Scalare_BB,94.5,322,269,403,343
Pterophyllum_Scalare_B,94.5,956,557,1019,652
Corydoras_Panda,94.5,883,511,934,543
Pterophyllum_Scalare_YWB,94.5,696,455,794,549
Pterophyllum_Scalare_Y,94.5,1072,507,1121,573
G_Matriarche,94.5,746,355,827,388
Botia_Almorhae,94.5,163,356,262,395
Corydoras_Panda,94.6,892,511,935,543
Pterophyllum_Scalare_B,94.6,956,558,1020,652
Botia_Striata,94.6,169,330,233,365
G_Matriarche,94.6,742,359,818,389
Botia_Almorhae,94.6,172,358,260,403
Pterophyllum_Scalare_W,94.6,1070,313,1123,395
Pterophyllum_Scalare_BB,94.6,317,268,398,339
Pterophyllum_Scalare_YWB,94.6,693,451,790,546
Pterophyllum_Scalare_Y,94.6,1072,507,1121,573
Botia_Striata,94.7,182,321,247,361
Pterophyllum_Scalare_B,94.7,956,559,1020,652
Corydoras_Panda,94.7,889,509,935,542
Botia_Almorhae,94.7,186,345,251,419
G_Matriarche,94.7,737,357,815,391
Pterophyllum_Scalare_BB,94.7,313,266,395,336
Corydoras_Albinos,94.7,696,633,724,689
Pterophyllum_Scalare_W,94.7,1061,313,1120,398
Pterophyllum_Scalare_YWB,94.7,692,447,788,544
Pterophyllum_Scalare_Y,94.7,1073,507,1122,573
Pterophyllum_Scalare_YWB,94.8,691,446,788,541
G_Matriarche,94.8,734,361,812,393
Pterophyllum_Scalare_BB,94.8,309,264,390,335
Pterophyllum_Scalare_W,94.8,1054,313,1117,401
Pterophyllum_Scalare_Y,94.8,1077,508,1123,573
Pterophyllum_Scalare_B,94.8,956,560,1018,652
Corydoras_Albinos,94.8,697,629,725,689
Corydoras_Panda,94.8,895,508,935,542
Pterophyllum_Scalare_B,94.9,956,557,1018,652
Pterophyllum_Scalare_YWB,94.9,692,444,788,540
Corydoras_Panda,94.9,895,506,935,542
Pterophyllum_Scalare_W,94.9,1047,314,1114,404
Pterophyllum_Scalare_BB,94.9,307,262,389,335
Pterophyllum_Scalare_Y,94.9,1079,509,1124,574
G_Matriarche,94.9,731,358,807,393
Pterophyllum_Scalare_Y,95.0,1080,509,1124,574
Pterophyllum_Scalare_YWB,95.0,691,444,788,540
G_Matriarche,95.0,732,358,800,393
Pterophyllum_Scalare_BB,95.0,305,261,387,334
Pterophyllum_Scalare_W,95.0,1041,317,1109,409
Botia_Striata,95.0,202,296,280,345
Corydoras_Panda,95.0,892,505,936,542
Pterophyllum_Scalare_B,95.0,956,558,1018,653
Pterophyllum_Scalare_BB,95.1,305,260,387,334
Pterophyllum_Scalare_YWB,95.1,692,442,789,539
Pterophyllum_Scalare_B,95.1,956,559,1018,652
Pterophyllum_Scalare_W,95.1,1033,320,1102,413
Pterophyllum_Scalare_Y,95.1,1082,509,1125,574
G_Matriarche,95.1,725,354,787,394
Corydoras_Panda,95.1,890,510,937,542
Corydoras_Albinos,95.1,697,629,725,690
Botia_Striata,95.1,221,287,291,335
Pterophyllum_Scalare_Y,95.2,1083,509,1126,575
G_Matriarche,95.2,714,353,777,391
Pterophyllum_Scalare_W,95.2,1026,324,1097,416
Pterophyllum_Scalare_YWB,95.2,692,441,787,539
Pterophyllum_Scalare_BB,95.2,307,257,387,334
Corydoras_Panda,95.2,891,509,937,542
Pterophyllum_Scalare_B,95.2,957,560,1017,652
Corydoras_Albinos,95.3,177,323,255,380
Pterophyllum_Scalare_BB,95.3,311,255,390,334
Pterophyllum_Scalare_YWB,95.3,692,440,786,538
Botia_Striata,95.3,244,271,307,322
Pterophyllum_Scalare_Y,95.3,1084,510,1127,575
Corydoras_Albinos,95.3,697,630,755,688
Pterophyllum_Scalare_W,95.3,1017,329,1090,420
Pterophyllum_Scalare_B,95.3,956,559,1017,652
Corydoras_Panda,95.3,887,512,938,542
Corydoras_Albinos,95.3,200,324,255,378
G_Matriarche,95.3,707,351,781,392
Pterophyllum_Scalare_B,95.4,956,560,1019,652
Pterophyllum_Scalare_W,95.4,1009,331,1084,423
Pterophyllum_Scalare_BB,95.4,315,255,393,331
Pterophyllum_Scalare_YWB,95.4,691,441,786,537
Pterophyllum_Scalare_Y,95.4,1086,510,1129,575
G_Matriarche,95.4,699,347,776,392
Corydoras_Albinos,95.5,697,635,736,691
Pterophyllum_Scalare_W,95.5,1002,332,1078,423
Corydoras_Panda,95.5,1115,577,1155,615
Botia_Striata,95.5,268,262,323,298
Pterophyllum_Scalare_YWB,95.5,689,441,786,537
Pterophyllum_Scalare_BB,95.5,320,254,395,330
Pterophyllum_Scalare_B,95.5,957,559,1019,653
Corydoras_Albinos,95.5,226,313,276,367
Pterophyllum_Scalare_Y,95.5,1088,511,1129,575
G_Matriarche,95.5,696,346,768,388
Corydoras_Albinos,95.6,697,638,738,690
Pterophyllum_Scalare_W,95.6,994,334,1073,424
Pterophyllum_Scalare_YWB,95.6,685,439,783,535
Botia_Striata,95.6,275,258,338,290
Pterophyllum_Scalare_Y,95.6,1090,510,1130,575
Pterophyllum_Scalare_BB,95.6,325,255,396,328
Pterophyllum_Scalare_B,95.6,958,559,1019,651
G_Matriarche,95.6,691,343,764,385
Pterophyllum_Scalare_W,95.7,986,334,1068,424
Pterophyllum_Scalare_YWB,95.7,683,437,780,531
Botia_Almorhae,95.7,217,297,310,379
Botia_Striata,95.7,898,506,940,539
Corydoras_Albinos,95.7,697,637,737,691
Pterophyllum_Scalare_B,95.7,961,559,1022,648
G_Matriarche,95.7,686,341,760,383
Pterophyllum_Scalare_BB,95.7,327,257,395,324
Pterophyllum_Scalare_Y,95.7,1092,510,1132,575
Pterophyllum_Scalare_W,95.8,985,334,1065,424
Pterophyllum_Scalare_B,95.8,967,558,1024,649
Corydoras_Albinos,95.8,697,636,738,691
Pterophyllum_Scalare_YWB,95.8,677,434,776,525
Pterophyllum_Scalare_BB,95.8,325,255,390,321
Pterophyllum_Scalare_Y,95.8,1093,510,1132,574
G_Matriarche,95.8,683,338,754,377
Corydoras_Panda,95.8,898,499,940,536
Botia_Almorhae,95.8,224,284,319,369
Pterophyllum_Scalare_BB,95.9,322,253,385,317
Corydoras_Albinos,95.9,697,635,739,691
Botia_Almorhae,95.9,235,271,327,351
G_Matriarche,95.9,679,335,750,375
Corydoras_Panda,95.9,904,497,943,536
Pterophyllum_Scalare_YWB,95.9,672,429,773,522
Pterophyllum_Scalare_Y,95.9,1094,509,1133,573
Pterophyllum_Scalare_W,95.9,983,332,1065,422
Corydoras_Panda,96.0,897,495,944,536
G_Matriarche,96.0,676,333,748,372
Pterophyllum_Scalare_W,96.0,982,330,1063,421
Pterophyllum_Scalare_Y,96.0,1096,509,1134,573
Pterophyllum_Scalare_BB,96.0,317,249,381,313
Botia_Almorhae,96.0,243,269,323,341
Corydoras_Albinos,96.0,697,636,737,691
Pterophyllum_Scalare_YWB,96.0,669,424,768,516
Pterophyllum_Scalare_W,96.1,983,329,1061,418
G_Matriarche,96.1,672,333,747,370
Corydoras_Panda,96.1,896,495,944,536
Corydoras_Albinos,96.1,696,635,738,691
Botia_Almorhae,96.1,262,273,321,330
Pterophyllum_Scalare_YWB,96.1,667,420,763,510
Pterophyllum_Scalare_BB,96.1,312,243,373,308
Pterophyllum_Scalare_Y,96.1,1097,509,1135,573
Corydoras_Albinos,96.2,696,635,739,691
Botia_Striata,96.2,522,429,558,458
Pterophyllum_Scalare_W,96.2,979,331,1058,415
Pterophyllum_Scalare_BB,96.2,302,237,369,305
Pterophyllum_Scalare_YWB,96.2,666,415,760,505
Corydoras_Panda,96.2,894,494,944,536
Pterophyllum_Scalare_Y,96.2,1099,508,1136,573
G_Matriarche,96.2,675,334,746,368
Pterophyllum_Scalare_Y,96.3,1101,508,1137,572
Pterophyllum_Scalare_BB,96.3,288,230,364,301
Pterophyllum_Scalare_W,96.3,976,332,1051,411
Pterophyllum_Scalare_YWB,96.3,665,409,757,499
Corydoras_Albinos,96.3,695,635,737,692
Corydoras_Panda,96.3,903,493,944,536
G_Matriarche,96.3,673,331,745,366
G_Matriarche,96.4,672,330,743,365
Pterophyllum_Scalare_W,96.4,971,331,1045,410
Corydoras_Albinos,96.4,695,634,738,691
Corydoras_Panda,96.4,897,498,945,536
Pterophyllum_Scalare_BB,96.4,282,225,359,296
Pterophyllum_Scalare_YWB,96.4,664,401,759,490
Pterophyllum_Scalare_Y,96.4,1103,508,1138,571
Pterophyllum_Scalare_W,96.5,968,332,1039,409
Pterophyllum_Scalare_BB,96.5,277,219,351,288
Corydoras_Albinos,96.5,693,635,740,691
Pterophyllum_Scalare_YWB,96.5,664,394,758,480
Pterophyllum_Scalare_Y,96.5,1104,508,1139,570
G_Matriarche,96.5,673,328,740,364
Botia_Almorhae,96.5,328,244,438,299
Corydoras_Albinos,96.6,690,652,737,690
Pterophyllum_Scalare_YWB,96.6,663,388,764,471
Pterophyllum_Scalare_BB,96.6,273,213,338,280
Pterophyllum_Scalare_W,96.6,965,332,1032,407
G_Matriarche,96.6,671,326,736,360
Pterophyllum_Scalare_Y,96.6,1107,508,1140,569
Botia_Almorhae,96.6,356,242,449,297
G_Matriarche,96.7,671,324,730,360
Pterophyllum_Scalare_Y,96.7,1109,507,1142,568
Pterophyllum_Scalare_W,96.7,958,331,1021,404
Pterophyllum_Scalare_YWB,96.7,664,384,762,469
Botia_Almorhae,96.7,374,232,467,287
Corydoras_Albinos,96.7,691,652,736,691
Pterophyllum_Scalare_BB,96.7,272,209,324,276
Botia_Striata,96.8,515,429,558,458
Pterophyllum_Scalare_Y,96.8,1112,507,1143,568
Corydoras_Panda,96.8,893,502,954,535
Botia_Almorhae,96.8,396,225,484,278
Pterophyllum_Scalare_W,96.8,954,329,1011,401
Corydoras_Albinos,96.8,688,652,735,692
Pterophyllum_Scalare_BB,96.8,270,205,310,274
G_Matriarche,96.8,671,322,728,356
Pterophyllum_Scalare_YWB,96.8,663,382,761,472
Pterophyllum_Scalare_BB,96.9,272,202,310,271
G_Matriarche,96.9,672,320,725,355
Corydoras_Albinos,96.9,687,654,736,691
Corydoras_Panda,96.9,899,500,959,535
Pterophyllum_Scalare_YWB,96.9,657,381,760,467
Pterophyllum_Scalare_Y,96.9,1114,507,1144,566
Pterophyllum_Scalare_W,96.9,950,328,997,399
Corydoras_Panda,97.0,904,493,961,534
Pterophyllum_Scalare_BB,97.0,271,199,317,271
Pterophyllum_Scalare_YWB,97.0,654,378,760,464
Corydoras_Albinos,97.0,685,655,737,690
G_Matriarche,97.0,672,318,723,355
Pterophyllum_Scalare_Y,97.0,1117,506,1145,564
Pterophyllum_Scalare_Y,97.1,1119,504,1146,563
Corydoras_Panda,97.1,914,492,963,533
Pterophyllum_Scalare_BB,97.1,937,318,984,393
Pterophyllum_Scalare_YWB,97.1,649,375,750,459
Pterophyllum_Scalare_BB,97.1,268,197,323,273
Corydoras_Albinos,97.1,684,655,735,690
G_Matriarche,97.1,672,315,723,353
Pterophyllum_Scalare_BB,97.2,265,194,331,271
Corydoras_Panda,97.2,912,487,966,534
Corydoras_Albinos,97.2,680,655,735,691
Pterophyllum_Scalare_YWB,97.2,645,373,745,456
Pterophyllum_Scalare_Y,97.2,1121,502,1147,561
G_Matriarche,97.2,673,313,724,351
Pterophyllum_Scalare_BB,97.2,935,317,981,394
Corydoras_Albinos,97.2,717,631,759,661
Corydoras_Panda,97.2,1082,555,1124,583
Botia_Striata,97.3,393,243,491,287
Corydoras_Panda,97.3,918,488,968,534
Pterophyllum_Scalare_Y,97.3,1121,500,1148,560
Corydoras_Panda,97.3,1077,545,1118,581
Pterophyllum_Scalare_BB,97.3,930,316,973,389
Corydoras_Albinos,97.3,676,655,735,691
Pterophyllum_Scalare_BB,97.3,265,193,337,273
Pterophyllum_Scalare_YWB,97.3,640,371,742,455
G_Matriarche,97.3,673,311,724,349
Corydoras_Panda,97.4,919,488,969,533
Pterophyllum_Scalare_BB,97.4,267,191,339,278
G_Matriarche,97.4,674,310,723,348
Pterophyllum_Scalare_YWB,97.4,635,368,737,454
Corydoras_Albinos,97.4,718,632,760,661
Pterophyllum_Scalare_Y,97.4,1121,499,1149,560
Corydoras_Albinos,97.4,672,657,737,691
G_Matriarche,97.5,674,308,724,346
Pterophyllum_Scalare_BB,97.5,925,309,960,370
Corydoras_Panda,97.5,924,480,968,531
Pterophyllum_Scalare_BB,97.5,269,189,339,282
Pterophyllum_Scalare_YWB,97.5,629,365,734,451
Corydoras_Albinos,97.5,718,632,760,661
Corydoras_Albinos,97.5,670,656,737,691
Pterophyllum_Scalare_Y,97.5,1121,498,1150,560
Pterophyllum_Scalare_B,97.6,1014,557,1061,627
G_Matriarche,97.6,675,307,726,344
Pterophyllum_Scalare_BB,97.6,270,191,335,286
Corydoras_Albinos,97.6,669,655,736,691
Pterophyllum_Scalare_YWB,97.6,621,362,725,451
Corydoras_Albinos,97.6,718,632,760,661
Corydoras_Panda,97.6,922,485,971,530
Pterophyllum_Scalare_Y,97.6,1121,497,1151,559
Corydoras_Albinos,97.7,718,632,759,661
Corydoras_Albinos,97.7,667,657,736,691
Pterophyllum_Scalare_YWB,97.7,614,358,718,449
Pterophyllum_Scalare_BB,97.7,274,193,329,287
Pterophyllum_Scalare_Y,97.7,1120,496,1151,558
Botia_Almorhae,97.7,348,256,455,306
G_Matriarche,97.7,675,305,727,342
Botia_Almorhae,97.7,1074,514,1108,561
Pterophyllum_Scalare_B,97.7,1013,550,1063,626
Corydoras_Panda,97.7,919,494,974,530
Corydoras_Panda,97.8,915,490,976,530
G_Matriarche,97.8,675,304,729,340
Corydoras_Albinos,97.8,718,632,759,661
Pterophyllum_Scalare_YWB,97.8,608,355,711,446
Pterophyllum_Scalare_Y,97.8,1120,493,1150,557
Corydoras_Albinos,97.8,666,656,736,691
Botia_Almorhae,97.8,314,260,429,303
Pterophyllum_Scalare_BB,97.8,277,200,325,290
Pterophyllum_Scalare_B,97.8,1015,545,1066,624
Botia_Almorhae,97.8,1072,509,1103,553
Pterophyllum_Scalare_Y,97.9,1120,490,1150,556
Botia_Almorhae,97.9,1068,505,1101,553
Pterophyllum_Scalare_YWB,97.9,598,352,704,440
Corydoras_Albinos,97.9,665,656,735,690
Pterophyllum_Scalare_B,97.9,1016,545,1069,622
Corydoras_Panda,97.9,917,489,977,530
Corydoras_Albinos,97.9,718,632,758,660
Pterophyllum_Scalare_BB,97.9,277,210,322,298
G_Matriarche,97.9,677,302,729,337
Botia_Almorhae,97.9,308,262,425,309
Botia_Almorhae,98.0,293,267,411,320
Corydoras_Panda,98.0,918,489,978,530
Corydoras_Albinos,98.0,718,632,758,660
Pterophyllum_Scalare_Y,98.0,1119,489,1149,556
Corydoras_Albinos,98.0,664,655,735,690
Pterophyllum_Scalare_B,98.0,1017,540,1072,624
G_Matriarche,98.0,677,300,732,335
Pterophyllum_Scalare_BB,98.0,274,211,321,295
Pterophyllum_Scalare_YWB,98.0,589,350,696,439
Pterophyllum_Scalare_YWB,98.1,584,349,688,436
Pterophyllum_Scalare_B,98.1,1018,534,1074,625
Pterophyllum_Scalare_Y,98.1,1119,487,1150,555
Corydoras_Panda,98.1,923,486,978,528
Corydoras_Albinos,98.1,665,654,734,689
Corydoras_Albinos,98.1,718,632,759,661
Botia_Almorhae,98.1,289,276,395,327
G_Matriarche,98.1,678,298,730,333
Corydoras_Albinos,98.2,665,654,733,688
Pterophyllum_Scalare_Y,98.2,1119,485,1150,555
Pterophyllum_Scalare_YWB,98.2,572,346,675,431
Corydoras_Albinos,98.2,719,632,759,661
Corydoras_Panda,98.2,353,560,385,592
Pterophyllum_Scalare_B,98.2,1018,529,1076,613
Corydoras_Panda,98.2,924,485,978,528
Botia_Almorhae,98.2,273,280,378,329
Pterophyllum_Scalare_B,98.3,1020,527,1079,602
Corydoras_Panda,98.3,932,484,979,526
Pterophyllum_Scalare_Y,98.3,1119,485,1150,555
Corydoras_Albinos,98.3,719,632,759,661
Pterophyllum_Scalare_YWB,98.3,561,343,667,426
Corydoras_Panda,98.3,359,553,393,591
Corydoras_Albinos,98.3,664,653,732,688
Corydoras_Panda,98.4,934,479,981,524
Pterophyllum_Scalare_YWB,98.4,553,339,657,424
Pterophyllum_Scalare_B,98.4,1024,529,1083,622
Corydoras_Albinos,98.4,719,632,759,661
Botia_Almorhae,98.4,246,288,311,381
Corydoras_Albinos,98.4,663,654,732,687
Botia_Striata,98.4,521,429,560,458
Pterophyllum_Scalare_Y,98.4,1119,482,1149,555
Corydoras_Albinos,98.5,718,632,759,661
Pterophyllum_Scalare_BB,98.5,920,293,980,370
Pterophyllum_Scalare_YWB,98.5,546,335,652,423
Pterophyllum_Scalare_Y,98.5,1118,482,1149,555
Botia_Striata,98.5,520,429,559,457
Corydoras_Panda,98.5,938,476,979,522
Botia_Striata,98.5,288,327,351,386
Corydoras_Albinos,98.5,661,655,730,687
Botia_Almorhae,98.5,231,305,286,410
Pterophyllum_Scalare_B,98.5,1025,526,1086,619
Corydoras_Albinos,98.6,719,633,759,661
Pterophyllum_Scalare_Y,98.6,1117,481,1149,554
Botia_Striata,98.6,520,429,559,457
Pterophyllum_Scalare_B,98.6,1027,525,1088,614
Pterophyllum_Scalare_BB,98.6,273,224,304,287
Botia_Striata,98.6,295,331,362,392
Pterophyllum_Scalare_YWB,98.6,540,331,647,423
Corydoras_Albinos,98.6,658,655,728,687
Pterophyllum_Scalare_YWB,98.7,536,328,641,422
Pterophyllum_Scalare_BB,98.7,269,224,302,289
Botia_Striata,98.7,309,342,378,402
Pterophyllum_Scalare_B,98.7,1029,525,1093,615
Pterophyllum_Scalare_Y,98.7,1117,480,1149,554
Botia_Striata,98.7,519,429,559,457
Corydoras_Albinos,98.7,657,656,727,686
Pterophyllum_Scalare_YWB,98.8,533,326,637,422
Pterophyllum_Scalare_B,98.8,1032,525,1095,613
Pterophyllum_Scalare_W,98.8,932,281,989,365
Botia_Striata,98.8,325,353,395,413
Botia_Striata,98.8,519,429,560,457
Corydoras_Albinos,98.8,653,656,727,685
Corydoras_Albinos,98.8,718,633,759,661
Pterophyllum_Scalare_BB,98.8,267,225,299,290
Pterophyllum_Scalare_Y,98.8,1117,480,1149,554
Pterophyllum_Scalare_B,98.9,1035,528,1098,609
Corydoras_Albinos,98.9,650,656,726,685
Botia_Striata,98.9,518,429,560,457
G_Matriarche,98.9,681,283,741,317
Pterophyllum_Scalare_Y,98.9,1117,479,1149,554
Pterophyllum_Scalare_W,98.9,933,283,994,358
Corydoras_Albinos,98.9,718,633,759,661
Pterophyllum_Scalare_YWB,98.9,530,324,632,423
Pterophyllum_Scalare_BB,99.0,266,224,297,294
G_Matriarche,99.0,680,280,744,316
Pterophyllum_Scalare_YWB,99.0,528,322,629,422
Corydoras_Albinos,99.0,648,655,721,684
Pterophyllum_Scalare_W,99.0,936,277,997,359
Pterophyllum_Scalare_B,99.0,1040,531,1101,608
Pterophyllum_Scalare_Y,99.0,1116,479,1149,554
Botia_Striata,99.0,518,429,560,457
Corydoras_Albinos,99.0,718,632,758,662
Botia_Almorhae,99.0,183,401,232,515
Pterophyllum_Scalare_Y,99.0,954,475,978,526
Botia_Almorhae,99.0,350,367,424,432
Pterophyllum_Scalare_Y,99.1,953,476,977,526
Botia_Striata,99.1,518,429,560,457
Botia_Striata,99.1,368,380,439,442
Pterophyllum_Scalare_YWB,99.1,527,321,628,422
Pterophyllum_Scalare_BB,99.1,263,223,297,298
Pterophyllum_Scalare_Y,99.1,1116,479,1149,554
Corydoras_Albinos,99.1,718,632,758,661
Pterophyllum_Scalare_B,99.1,1042,529,1104,608
Corydoras_Albinos,99.1,646,655,716,683
G_Matriarche,99.1,679,278,746,314
Botia_Striata,99.2,519,428,559,457
Pterophyllum_Scalare_YWB,99.2,526,321,627,422
Pterophyllum_Scalare_Y,99.2,1116,478,1149,553
G_Matriarche,99.2,673,275,747,312
Pterophyllum_Scalare_B,99.2,1043,527,1105,610
Pterophyllum_Scalare_Y,99.2,954,475,978,527
Corydoras_Albinos,99.2,643,654,714,682
Pterophyllum_Scalare_BB,99.2,262,221,299,300
Corydoras_Albinos,99.2,718,632,758,661
G_Matriarche,99.3,669,272,748,310
Pterophyllum_Scalare_Y,99.3,952,475,979,526
Botia_Striata,99.3,519,428,559,457
Corydoras_Albinos,99.3,639,654,712,682
Pterophyllum_Scalare_BB,99.3,260,223,301,302
Pterophyllum_Scalare_Y,99.3,1115,478,1149,552
Pterophyllum_Scalare_YWB,99.3,525,319,626,421
Pterophyllum_Scalare_B,99.3,1046,525,1107,612
Pterophyllum_Scalare_W,99.4,946,265,1008,344
Pterophyllum_Scalare_Y,99.4,1114,478,1148,552
G_Matriarche,99.4,681,272,749,307
Pterophyllum_Scalare_B,99.4,1047,525,1108,614
Pterophyllum_Scalare_Y,99.4,952,474,977,526
Botia_Striata,99.4,518,428,559,457
Corydoras_Albinos,99.4,636,653,707,681
Pterophyllum_Scalare_YWB,99.4,524,318,625,421
Pterophyllum_Scalare_BB,99.4,254,217,302,304
G_Matriarche,99.5,682,271,749,306
Pterophyllum_Scalare_W,99.5,955,265,1011,341
Botia_Striata,99.5,448,451,492,491
Pterophyllum_Scalare_B,99.5,1047,526,1110,616
Pterophyllum_Scalare_YWB,99.5,523,317,624,422
Pterophyllum_Scalare_BB,99.5,248,215,303,305
Corydoras_Albinos,99.5,634,653,708,682
Pterophyllum_Scalare_Y,99.5,1113,478,1148,551
Botia_Striata,99.5,519,429,558,457
Pterophyllum_Scalare_BB,99.6,244,214,304,305
Pterophyllum_Scalare_B,99.6,1051,525,1111,617
Corydoras_Albinos,99.6,172,519,222,557
G_Matriarche,99.6,684,270,748,303
Corydoras_Albinos,99.6,632,652,705,681
Botia_Striata,99.6,449,452,503,495
Pterophyllum_Scalare_YWB,99.6,522,317,622,421
Pterophyllum_Scalare_Y,99.6,1113,477,1147,551
Pterophyllum_Scalare_YWB,99.7,521,316,622,421
G_Matriarche,99.7,685,268,749,302
Pterophyllum_Scalare_Y,99.7,1112,475,1147,550
Pterophyllum_Scalare_B,99.7,1052,525,1112,618
Corydoras_Albinos,99.7,629,652,704,682
Botia_Striata,99.7,453,453,509,497
Pterophyllum_Scalare_BB,99.7,243,213,305,304
G_Matriarche,99.8,687,267,750,300
Botia_Almorhae,99.8,158,518,227,570
Corydoras_Albinos,99.8,626,652,702,681
Pterophyllum_Scalare_Y,99.8,1111,475,1146,550
Botia_Striata,99.8,520,428,559,457
Botia_Striata,99.8,462,458,511,496
Pterophyllum_Scalare_B,99.8,1053,526,1113,618
Pterophyllum_Scalare_W,99.8,970,256,1021,338
Pterophyllum_Scalare_YWB,99.8,520,316,621,420
Pterophyllum_Scalare_BB,99.8,242,213,305,302
Pterophyllum_Scalare_Y,99.9,1111,475,1146,550
Botia_Almorhae,99.9,173,518,236,552
Corydoras_Albinos,99.9,621,651,699,682
G_Matriarche,99.9,685,265,751,298
Pterophyllum_Scalare_B,99.9,1053,524,1113,619
Pterophyllum_Scalare_W,99.9,973,255,1021,337
Pterophyllum_Scalare_BB,99.9,242,212,307,304
Pterophyllum_Scalare_YWB,99.9,520,315,621,421
Botia_Striata,99.9,520,429,560,458
Botia_Almorhae,100.0,173,525,236,556
G_Matriarche,100.0,670,261,749,296
Pterophyllum_Scalare_B,100.0,1052,523,1113,619
Botia_Striata,100.0,519,429,560,458
Corydoras_Albinos,100.0,618,650,697,681
Pterophyllum_Scalare_YWB,100.0,520,314,620,420
Pterophyllum_Scalare_Y,100.0,1110,475,1146,550
Pterophyllum_Scalare_BB,100.0,242,213,310,306
Pterophyllum_Scalare_BB,100.1,236,211,312,306
Pterophyllum_Scalare_YWB,100.1,520,315,619,421
Botia_Striata,100.1,520,429,560,457
Pterophyllum_Scalare_Y,100.1,1109,474,1145,550
Pterophyllum_Scalare_B,100.1,1051,524,1112,618
G_Matriarche,100.1,687,262,750,294
Pterophyllum_Scalare_W,100.1,975,255,1019,339
Corydoras_Albinos,100.1,615,650,689,679
Pterophyllum_Scalare_B,100.2,1048,523,1111,615
Corydoras_Albinos,100.2,613,650,689,679
G_Matriarche,100.2,689,261,752,293
Pterophyllum_Scalare_W,100.2,977,256,1022,341
Pterophyllum_Scalare_BB,100.2,231,210,316,309
Pterophyllum_Scalare_Y,100.2,1108,474,1144,550
Botia_Striata,100.2,519,429,559,457
Pterophyllum_Scalare_YWB,100.2,521,315,620,421
Botia_Almorhae,100.2,179,527,215,582
Botia_Striata,100.3,519,429,559,457
Pterophyllum_Scalare_W,100.3,978,259,1021,343
G_Matriarche,100.3,690,260,753,292
Pterophyllum_Scalare_Y,100.3,1108,474,1144,550
Pterophyllum_Scalare_YWB,100.3,521,315,620,421
Corydoras_Albinos,100.3,610,650,687,680
Pterophyllum_Scalare_B,100.3,1047,524,1109,613
Pterophyllum_Scalare_BB,100.3,233,210,318,312
Corydoras_Albinos,100.3,175,536,223,575
Corydoras_Albinos,100.4,179,504,224,568
Corydoras_Albinos,100.4,608,650,684,680
Pterophyllum_Scalare_BB,100.4,235,210,319,314
Pterophyllum_Scalare_YWB,100.4,521,315,620,422
Pterophyllum_Scalare_B,100.4,1044,524,1107,609
G_Matriarche,100.4,691,259,753,290
Botia_Striata,100.4,520,429,559,457
Pterophyllum_Scalare_W,100.4,977,262,1024,344
Pterophyllum_Scalare_Y,100.4,1107,473,1143,550
Botia_Striata,100.4,493,496,540,533
Corydoras_Albinos,100.5,605,651,681,681
Pterophyllum_Scalare_Y,100.5,1107,473,1142,549
Botia_Striata,100.5,518,429,560,458
G_Matriarche,100.5,691,257,754,289
Pterophyllum_Scalare_B,100.5,1043,523,1105,608
Pterophyllum_Scalare_W,100.5,978,263,1026,347
Pterophyllum_Scalare_BB,100.5,236,212,320,318
Pterophyllum_Scalare_YWB,100.5,521,315,621,422
Botia_Almorhae,100.6,210,491,248,526
Corydoras_Panda,100.6,908,494,961,530
G_Matriarche,100.6,691,256,755,288
Botia_Striata,100.6,518,429,559,457
Pterophyllum_Scalare_W,100.6,977,266,1029,351
Pterophyllum_Scalare_Y,100.6,1106,472,1141,549
Pterophyllum_Scalare_BB,100.6,237,215,320,320
Pterophyllum_Scalare_YWB,100.6,521,315,620,422
Pterophyllum_Scalare_B,100.6,1042,523,1103,608
Corydoras_Albinos,100.6,602,650,678,682
Pterophyllum_Scalare_W,100.7,981,269,1032,355
Botia_Striata,100.7,518,429,560,457
Pterophyllum_Scalare_B,100.7,1042,522,1100,604
Pterophyllum_Scalare_Y,100.7,1106,471,1139,549
Pterophyllum_Scalare_YWB,100.7,520,316,620,423
G_Matriarche,100.7,691,255,754,286
Corydoras_Albinos,100.7,598,652,674,683
Pterophyllum_Scalare_BB,100.7,237,217,319,321
Pterophyllum_Scalare_B,100.8,1040,519,1098,604
Pterophyllum_Scalare_BB,100.8,238,219,318,324
Pterophyllum_Scalare_W,100.8,983,273,1035,359
Corydoras_Panda,100.8,907,497,966,530
Pterophyllum_Scalare_Y,100.8,1106,471,1138,548
Corydoras_Albinos,100.8,595,651,672,684
Botia_Striata,100.8,496,509,544,542
G_Matriarche,100.8,692,254,755,284
Pterophyllum_Scalare_YWB,100.8,519,316,618,423
Pterophyllum_Scalare_Y,100.9,1106,471,1137,548
Pterophyllum_Scalare_W,100.9,984,275,1036,361
Pterophyllum_Scalare_B,100.9,1041,520,1096,604
Pterophyllum_Scalare_YWB,100.9,517,317,615,424
Botia_Striata,100.9,502,514,544,546
G_Matriarche,100.9,691,253,757,283
Pterophyllum_Scalare_BB,100.9,236,222,315,327
Corydoras_Albinos,100.9,593,650,667,683
Pterophyllum_Scalare_Y,101.0,1106,471,1136,548
Pterophyllum_Scalare_YWB,101.0,516,318,614,425
Corydoras_Panda,101.0,905,494,970,529
G_Matriarche,101.0,691,253,756,282
Pterophyllum_Scalare_B,101.0,1042,520,1095,603
Corydoras_Albinos,101.0,591,649,664,683
Pterophyllum_Scalare_BB,101.0,234,225,313,330
Pterophyllum_Scalare_W,101.0,985,275,1038,364
Botia_Striata,101.1,518,429,560,457
Pterophyllum_Scalare_W,101.1,986,276,1039,366
Pterophyllum_Scalare_BB,101.1,237,228,313,332
Pterophyllum_Scalare_YWB,101.1,515,318,614,425
G_Matriarche,101.1,690,252,754,281
Corydoras_Albinos,101.1,590,645,660,683
Pterophyllum_Scalare_B,101.1,1045,519,1094,604
Pterophyllum_Scalare_Y,101.1,1105,473,1135,548
Corydoras_Panda,101.1,907,493,973,529
G_Matriarche,101.2,690,251,756,280
Corydoras_Albinos,101.2,587,644,658,683
Pterophyllum_Scalare_Y,101.2,1105,474,1134,547
Pterophyllum_Scalare_B,101.2,1046,519,1090,606
Pterophyllum_Scalare_BB,101.2,237,231,312,334
Corydoras_Panda,101.2,912,493,973,529
Pterophyllum_Scalare_W,101.2,990,276,1042,366
Pterophyllum_Scalare_YWB,101.2,510,320,608,428
Pterophyllum_Scalare_B,101.3,1051,550,1088,610
G_Matriarche,101.3,689,251,755,279
Pterophyllum_Scalare_Y,101.3,1105,474,1133,548
Corydoras_Albinos,101.3,587,641,656,682
Pterophyllum_Scalare_W,101.3,994,279,1044,365
Pterophyllum_Scalare_YWB,101.3,501,323,600,430
Pterophyllum_Scalare_BB,101.3,235,233,310,335
Botia_Almorhae,101.3,207,513,286,557
Corydoras_Panda,101.3,909,491,974,528
Pterophyllum_Scalare_YWB,101.4,486,329,584,433
Pterophyllum_Scalare_BB,101.4,233,235,307,337
Pterophyllum_Scalare_W,101.4,997,278,1045,364
Pterophyllum_Scalare_Y,101.4,1104,473,1133,547
Botia_Almorhae,101.4,207,485,298,543
G_Matriarche,101.4,688,251,753,279
Corydoras_Albinos,101.4,588,642,653,681
Corydoras_Panda,101.4,911,489,973,527
Pterophyllum_Scalare_B,101.5,1058,553,1089,615
G_Matriarche,101.5,687,250,754,278
Pterophyllum_Scalare_Y,101.5,1104,475,1132,548
Pterophyllum_Scalare_BB,101.5,229,235,305,339
Pterophyllum_Scalare_YWB,101.5,473,334,571,434
Corydoras_Albinos,101.5,587,644,654,681
Corydoras_Panda,101.5,916,487,973,527
Botia_Almorhae,101.5,207,485,302,544
Pterophyllum_Scalare_W,101.5,1001,279,1048,364
Corydoras_Albinos,101.6,588,644,653,681
G_Matriarche,101.6,685,250,753,278
Pterophyllum_Scalare_BB,101.6,227,236,302,340
Corydoras_Panda,101.6,919,488,973,526
Pterophyllum_Scalare_Y,101.6,1104,475,1132,549
Pterophyllum_Scalare_W,101.6,1003,279,1049,360
Pterophyllum_Scalare_B,101.6,1050,549,1091,622
Botia_Almorhae,101.6,207,487,300,543
Pterophyllum_Scalare_YWB,101.6,464,337,558,435
Pterophyllum_Scalare_W,101.7,1004,277,1048,354
G_Matriarche,101.7,684,250,751,279
Pterophyllum_Scalare_BB,101.7,223,237,299,341
Botia_Almorhae,101.7,205,480,291,542
Corydoras_Panda,101.7,923,484,974,525
Corydoras_Albinos,101.7,586,646,650,680
Pterophyllum_Scalare_B,101.7,1042,540,1094,624
Pterophyllum_Scalare_Y,101.7,1104,475,1131,549
Pterophyllum_Scalare_YWB,101.7,454,340,546,439
Botia_Almorhae,101.8,206,478,278,546
Corydoras_Panda,101.8,921,485,975,525
Pterophyllum_Scalare_YWB,101.8,444,345,535,445
Pterophyllum_Scalare_BB,101.8,223,239,296,342
Pterophyllum_Scalare_Y,101.8,1103,475,1130,548
Corydoras_Albinos,101.8,586,644,652,680
G_Matriarche,101.8,684,250,752,278
Pterophyllum_Scalare_B,101.8,1036,542,1090,623
Botia_Striata,101.8,521,430,558,457
Pterophyllum_Scalare_W,101.8,1006,276,1052,352
Pterophyllum_Scalare_B,101.9,1027,548,1082,624
Pterophyllum_Scalare_W,101.9,1010,273,1052,349
Corydoras_Panda,101.9,923,486,975,525
Corydoras_Albinos,101.9,589,645,647,679
Pterophyllum_Scalare_Y,101.9,1102,477,1129,548
Pterophyllum_Scalare_YWB,101.9,434,348,525,452
G_Matriarche,101.9,681,251,750,279
Pterophyllum_Scalare_BB,101.9,220,242,294,343
Corydoras_Panda,102.0,925,485,974,525
Pterophyllum_Scalare_W,102.0,1011,273,1054,345
G_Matriarche,102.0,681,250,747,279
Pterophyllum_Scalare_B,102.0,1018,552,1078,627
Pterophyllum_Scalare_BB,102.0,217,242,290,344
Pterophyllum_Scalare_YWB,102.0,429,352,518,457
Pterophyllum_Scalare_Y,102.0,1102,477,1128,548
Corydoras_Albinos,102.0,718,631,760,661
Corydoras_Albinos,102.0,589,648,645,679
G_Matriarche,102.1,678,251,742,280
Pterophyllum_Scalare_W,102.1,1014,270,1055,342
Botia_Almorhae,102.1,215,475,256,544
Pterophyllum_Scalare_YWB,102.1,422,355,512,464
Pterophyllum_Scalare_BB,102.1,215,242,287,344
Pterophyllum_Scalare_Y,102.1,1101,477,1127,548
Corydoras_Panda,102.1,925,486,975,525
Corydoras_Albinos,102.1,589,647,646,678
Botia_Almorhae,102.2,217,475,259,549
Pterophyllum_Scalare_YWB,102.2,414,360,507,472
Corydoras_Panda,102.2,925,484,974,525
Pterophyllum_Scalare_BB,102.2,212,245,284,344
G_Matriarche,102.2,675,251,736,280
Corydoras_Albinos,102.2,591,645,647,678
Pterophyllum_Scalare_Y,102.2,1100,478,1127,548
Pterophyllum_Scalare_BB,102.3,209,246,283,344
Pterophyllum_Scalare_YWB,102.3,410,365,501,478
Corydoras_Panda,102.3,928,481,972,525
Corydoras_Albinos,102.3,590,645,643,679
Pterophyllum_Scalare_Y,102.3,1100,479,1126,548
G_Matriarche,102.3,672,252,732,281
Pterophyllum_Scalare_YWB,102.4,406,370,496,483
Pterophyllum_Scalare_BB,102.4,206,247,281,343
Corydoras_Panda,102.4,930,487,973,526
Corydoras_Albinos,102.4,228,491,292,547
Pterophyllum_Scalare_Y,102.4,1098,478,1125,548
Corydoras_Albinos,102.4,590,637,645,678
G_Matriarche,102.4,669,253,730,282
Corydoras_Panda,102.5,928,483,973,525
G_Matriarche,102.5,667,253,726,282
Pterophyllum_Scalare_Y,102.5,1098,478,1124,548
Corydoras_Albinos,102.5,590,637,639,680
Pterophyllum_Scalare_YWB,102.5,404,373,496,489
Pterophyllum_Scalare_BB,102.5,205,249,279,343
Botia_Almorhae,102.6,242,491,303,545
Pterophyllum_Scalare_Y,102.6,1097,478,1124,548
Corydoras_Albinos,102.6,589,636,643,680
G_Matriarche,102.6,665,254,723,284
Pterophyllum_Scalare_YWB,102.6,402,376,496,497
Pterophyllum_Scalare_BB,102.6,203,250,278,343
Corydoras_Panda,102.6,930,484,974,525
Corydoras_Panda,102.7,930,481,974,526
G_Matriarche,102.7,663,255,721,285
Corydoras_Albinos,102.7,589,639,642,680
Pterophyllum_Scalare_BB,102.7,202,251,278,343
Pterophyllum_Scalare_W,102.7,1017,259,1053,331
Pterophyllum_Scalare_Y,102.7,1096,479,1123,549
Pterophyllum_Scalare_YWB,102.7,397,385,494,506
Pterophyllum_Scalare_Y,102.8,1095,478,1123,549
Pterophyllum_Scalare_YWB,102.8,393,390,488,512
Pterophyllum_Scalare_BB,102.8,201,252,277,343
Pterophyllum_Scalare_B,102.8,968,565,1035,645
Corydoras_Panda,102.8,930,478,974,525
Corydoras_Albinos,102.8,590,641,643,680
G_Matriarche,102.8,661,256,718,286
Pterophyllum_Scalare_BB,102.9,200,253,277,343
Pterophyllum_Scalare_B,102.9,964,564,1032,645
Pterophyllum_Scalare_Y,102.9,1095,476,1122,548
G_Matriarche,102.9,658,257,715,288
Corydoras_Albinos,102.9,591,644,641,681
Corydoras_Panda,102.9,928,478,974,524
Pterophyllum_Scalare_YWB,102.9,387,395,485,519
Pterophyllum_Scalare_BB,102.9,1017,257,1051,328
G_Matriarche,103.0,657,257,711,289
Corydoras_Panda,103.0,929,482,974,525
Pterophyllum_Scalare_YWB,103.0,383,412,481,525
Pterophyllum_Scalare_B,103.0,959,564,1026,648
Pterophyllum_Scalare_Y,103.0,1095,476,1122,547
Pterophyllum_Scalare_BB,103.0,199,252,276,344
Corydoras_Albinos,103.0,591,650,644,680
Pterophyllum_Scalare_BB,103.1,198,253,275,345
Pterophyllum_Scalare_YWB,103.1,378,416,478,529
Corydoras_Panda,103.1,929,479,974,524
Pterophyllum_Scalare_Y,103.1,1094,476,1121,547
Pterophyllum_Scalare_B,103.1,954,564,1021,648
Corydoras_Albinos,103.1,591,649,642,680
G_Matriarche,103.1,655,257,711,288
Pterophyllum_Scalare_Y,103.2,1093,475,1121,546
Corydoras_Panda,103.2,929,477,973,524
Pterophyllum_Scalare_BB,103.2,197,253,275,346
Pterophyllum_Scalare_YWB,103.2,376,421,476,531
Corydoras_Albinos,103.2,593,648,641,679
Pterophyllum_Scalare_B,103.2,952,563,1019,651
G_Matriarche,103.2,654,256,712,288
Pterophyllum_Scalare_BB,103.2,1013,253,1052,324
G_Matriarche,103.2,231,488,286,544
Pterophyllum_Scalare_YWB,103.3,375,425,475,538
Pterophyllum_Scalare_B,103.3,950,563,1016,653
G_Matriarche,103.3,652,256,706,289
Pterophyllum_Scalare_BB,103.3,1012,251,1051,326
Pterophyllum_Scalare_BB,103.3,198,254,274,350
Corydoras_Albinos,103.3,592,646,639,679
Corydoras_Panda,103.3,929,481,973,524
Pterophyllum_Scalare_Y,103.3,1093,473,1120,546
Corydoras_Albinos,103.4,592,638,644,678
Pterophyllum_Scalare_B,103.4,947,565,1012,653
Pterophyllum_Scalare_Y,103.4,1092,469,1120,544
Corydoras_Panda,103.4,929,480,973,523
Pterophyllum_Scalare_BB,103.4,199,256,274,352
Pterophyllum_Scalare_YWB,103.4,374,428,477,543
G_Matriarche,103.4,650,255,704,288
Pterophyllum_Scalare_YWB,103.5,371,430,475,545
Botia_Almorhae,103.5,258,469,297,550
Pterophyllum_Scalare_Y,103.5,1091,469,1119,543
G_Matriarche,103.5,649,254,707,287
Corydoras_Panda,103.5,927,478,973,523
Pterophyllum_Scalare_BB,103.5,199,257,275,356
Pterophyllum_Scalare_B,103.5,942,567,1009,655
Corydoras_Albinos,103.5,591,632,642,677
Pterophyllum_Scalare_BB,103.5,1007,244,1053,326
Pterophyllum_Scalare_BB,103.6,200,258,275,358
Corydoras_Albinos,103.6,591,634,644,677
Botia_Almorhae,103.6,263,472,302,547
Pterophyllum_Scalare_Y,103.6,1092,466,1118,541
Pterophyllum_Scalare_YWB,103.6,368,433,470,550
G_Matriarche,103.6,647,253,708,286
Corydoras_Panda,103.6,928,482,974,524
Pterophyllum_Scalare_B,103.6,937,568,1008,655
Pterophyllum_Scalare_YWB,103.7,365,435,466,554
G_Matriarche,103.7,646,252,704,285
Pterophyllum_Scalare_BB,103.7,200,258,274,359
Corydoras_Panda,103.7,929,482,976,525
Corydoras_Albinos,103.7,589,638,641,679
Pterophyllum_Scalare_Y,103.7,1091,464,1118,538
Pterophyllum_Scalare_B,103.7,932,569,1006,655
Pterophyllum_Scalare_BB,103.8,199,260,274,359
Botia_Striata,103.8,351,614,402,644
Corydoras_Albinos,103.8,589,640,641,679
Pterophyllum_Scalare_W,103.8,974,248,1045,330
G_Matriarche,103.8,645,250,702,284
Pterophyllum_Scalare_Y,103.8,1090,460,1117,536
Corydoras_Panda,103.8,927,482,976,524
Pterophyllum_Scalare_YWB,103.8,361,438,460,554
Pterophyllum_Scalare_B,103.8,927,571,1001,656
Pterophyllum_Scalare_YWB,103.9,358,437,457,554
G_Matriarche,103.9,644,249,704,282
Pterophyllum_Scalare_Y,103.9,1090,459,1117,534
Pterophyllum_Scalare_W,103.9,966,250,1039,334
Pterophyllum_Scalare_B,103.9,925,572,999,657
Corydoras_Panda,103.9,928,481,976,525
Corydoras_Albinos,103.9,589,643,638,680
Pterophyllum_Scalare_BB,103.9,198,260,274,360
G_Matriarche,104.0,643,248,703,281
Corydoras_Albinos,104.0,589,642,634,678
Pterophyllum_Scalare_W,104.0,955,253,1029,336
Pterophyllum_Scalare_Y,104.0,1090,457,1116,533
Pterophyllum_Scalare_BB,104.0,198,261,274,361
Pterophyllum_Scalare_YWB,104.0,356,438,456,553
Corydoras_Panda,104.0,930,484,977,525
Pterophyllum_Scalare_BB,104.1,197,262,274,361
Corydoras_Panda,104.1,933,480,980,524
Pterophyllum_Scalare_YWB,104.1,356,437,456,552
G_Matriarche,104.1,625,247,701,280
Pterophyllum_Scalare_W,104.1,947,254,1021,340
Pterophyllum_Scalare_Y,104.1,1089,456,1116,531
Corydoras_Albinos,104.1,589,638,632,679
Corydoras_Panda,104.2,932,480,978,522
G_Matriarche,104.2,626,245,700,279
Corydoras_Albinos,104.2,588,644,633,678
Pterophyllum_Scalare_BB,104.2,196,262,274,361
Pterophyllum_Scalare_YWB,104.2,355,436,456,552
Pterophyllum_Scalare_Y,104.2,1088,454,1116,529
Pterophyllum_Scalare_W,104.2,938,255,1014,341
Pterophyllum_Scalare_W,104.3,932,257,1006,344
Pterophyllum_Scalare_Y,104.3,1088,452,1116,527
Pterophyllum_Scalare_BB,104.3,196,262,273,361
Pterophyllum_Scalare_YWB,104.3,355,437,456,549
Corydoras_Albinos,104.3,590,637,639,677
G_Matriarche,104.3,630,244,700,277
Pterophyllum_Scalare_B,104.4,900,574,975,663
Corydoras_Panda,104.4,947,478,976,523
Corydoras_Albinos,104.4,590,639,635,677
G_Matriarche,104.4,628,243,699,275
Pterophyllum_Scalare_YWB,104.4,355,439,453,546
Pterophyllum_Scalare_Y,104.4,1087,452,1115,525
Pterophyllum_Scalare_BB,104.4,195,263,272,362
Pterophyllum_Scalare_Y,104.5,1087,451,1114,525
Pterophyllum_Scalare_YWB,104.5,354,439,452,546
Pterophyllum_Scalare_BB,104.5,196,264,271,364
Pterophyllum_Scalare_B,104.5,895,574,972,661
G_Matriarche,104.5,628,242,698,274
Corydoras_Panda,104.5,947,478,975,523
Pterophyllum_Scalare_Y,104.5,920,259,994,347
Corydoras_Albinos,104.5,590,642,640,678
Corydoras_Albinos,104.6,591,645,631,680
Pterophyllum_Scalare_YWB,104.6,354,440,451,545
Pterophyllum_Scalare_Y,104.6,1086,451,1113,523
Pterophyllum_Scalare_B,104.6,890,573,971,662
Pterophyllum_Scalare_BB,104.6,195,266,272,366
G_Matriarche,104.6,628,241,696,273
Corydoras_Albinos,104.7,593,648,631,679
Pterophyllum_Scalare_B,104.7,887,571,966,660
Pterophyllum_Scalare_YWB,104.7,354,442,449,544
Pterophyllum_Scalare_BB,104.7,195,268,271,368
G_Matriarche,104.7,628,239,696,272
Pterophyllum_Scalare_Y,104.7,1085,451,1112,522
Corydoras_Panda,104.7,947,472,974,523
Corydoras_Albinos,104.8,595,647,632,682
Pterophyllum_Scalare_YWB,104.8,354,441,450,544
Pterophyllum_Scalare_B,104.8,884,571,965,658
G_Matriarche,104.8,628,238,696,271
Pterophyllum_Scalare_Y,104.8,1085,451,1112,522
Pterophyllum_Scalare_BB,104.8,196,269,273,370
Corydoras_Panda,104.9,944,477,971,525
G_Matriarche,104.9,627,236,695,270
Pterophyllum_Scalare_BB,104.9,897,266,967,351
Corydoras_Albinos,104.9,596,649,627,683
Pterophyllum_Scalare_Y,104.9,1084,451,1111,521
Pterophyllum_Scalare_B,104.9,884,571,963,657
Pterophyllum_Scalare_YWB,104.9,355,441,450,545
Pterophyllum_Scalare_BB,104.9,203,272,272,370
G_Matriarche,105.0,625,235,693,269
Pterophyllum_Scalare_BB,105.0,203,272,273,371
Pterophyllum_Scalare_YWB,105.0,355,441,450,545
Pterophyllum_Scalare_B,105.0,885,569,959,657
Corydoras_Albinos,105.0,594,650,635,681
Botia_Almorhae,105.0,291,532,322,576
Pterophyllum_Scalare_Y,105.0,1084,451,1110,521
Pterophyllum_Scalare_BB,105.1,888,269,960,349
Pterophyllum_Scalare_B,105.1,886,569,960,657
Pterophyllum_Scalare_Y,105.1,1083,450,1110,520
Corydoras_Albinos,105.1,594,649,635,681
Botia_Almorhae,105.1,291,532,322,576
Pterophyllum_Scalare_BB,105.1,210,278,278,372
Pterophyllum_Scalare_YWB,105.1,356,440,449,545
Pterophyllum_Scalare_Y,105.1,950,476,972,527
Pterophyllum_Scalare_BB,105.2,221,280,283,373
Corydoras_Albinos,105.2,595,649,631,681
Pterophyllum_Scalare_B,105.2,886,568,961,658
Pterophyllum_Scalare_YWB,105.2,355,441,449,546
Pterophyllum_Scalare_Y,105.2,1082,449,1108,519
G_Matriarche,105.3,609,230,683,262
Pterophyllum_Scalare_B,105.3,887,568,960,658
Pterophyllum_Scalare_YWB,105.3,355,443,449,548
Pterophyllum_Scalare_BB,105.3,226,282,289,377
Pterophyllum_Scalare_Y,105.3,1081,449,1107,519
Corydoras_Albinos,105.3,595,649,633,680
Botia_Almorhae,105.4,292,532,322,575
Corydoras_Albinos,105.4,596,648,630,681
Pterophyllum_Scalare_BB,105.4,230,289,295,377
Pterophyllum_Scalare_Y,105.4,1081,449,1106,519
Pterophyllum_Scalare_YWB,105.4,355,444,447,551
Pterophyllum_Scalare_B,105.4,885,568,959,658
Pterophyllum_Scalare_BB,105.4,880,274,948,346
Pterophyllum_Scalare_BB,105.5,235,297,301,378
Pterophyllum_Scalare_B,105.5,887,569,957,658
Botia_Almorhae,105.5,292,532,321,574
Pterophyllum_Scalare_YWB,105.5,356,446,446,551
Corydoras_Albinos,105.5,596,647,628,681
Pterophyllum_Scalare_Y,105.5,1080,449,1105,518
G_Matriarche,105.6,567,220,635,251
Pterophyllum_Scalare_YWB,105.6,356,450,444,553
Pterophyllum_Scalare_Y,105.6,1078,446,1104,519
Pterophyllum_Scalare_B,105.6,884,569,955,658
Pterophyllum_Scalare_BB,105.6,239,301,304,381
Corydoras_Albinos,105.6,596,647,630,683
Pterophyllum_Scalare_Y,105.7,1077,446,1104,520
Pterophyllum_Scalare_B,105.7,884,567,958,658
Corydoras_Albinos,105.7,596,648,628,683
Pterophyllum_Scalare_BB,105.7,244,300,310,386
Pterophyllum_Scalare_YWB,105.7,355,452,444,554
Pterophyllum_Scalare_YWB,105.8,355,452,444,555
Pterophyllum_Scalare_BB,105.8,250,302,315,390
Pterophyllum_Scalare_Y,105.8,1076,446,1103,518
Pterophyllum_Scalare_B,105.8,885,569,958,655
Corydoras_Albinos,105.8,598,648,627,684
Corydoras_Albinos,105.9,600,647,631,683
Pterophyllum_Scalare_Y,105.9,1076,447,1102,518
Pterophyllum_Scalare_B,105.9,885,569,959,655
Pterophyllum_Scalare_BB,105.9,255,305,321,391
Pterophyllum_Scalare_YWB,105.9,356,455,444,557
Pterophyllum_Scalare_YWB,106.0,357,457,445,558
Pterophyllum_Scalare_B,106.0,886,569,959,654
Pterophyllum_Scalare_BB,106.0,262,310,329,393
Corydoras_Albinos,106.0,601,647,630,681
Corydoras_Panda,106.0,942,472,972,528
Pterophyllum_Scalare_Y,106.0,1075,446,1101,517
Corydoras_Albinos,106.1,603,647,631,681
Pterophyllum_Scalare_YWB,106.1,357,457,445,559
Pterophyllum_Scalare_B,106.1,885,570,959,652
Pterophyllum_Scalare_BB,106.1,264,315,335,397
Pterophyllum_Scalare_Y,106.1,1073,446,1100,516
Pterophyllum_Scalare_Y,106.2,1072,444,1099,516
Corydoras_Panda,106.2,941,472,974,528
Corydoras_Albinos,106.2,604,646,632,681
Pterophyllum_Scalare_BB,106.2,274,320,342,400
Pterophyllum_Scalare_YWB,106.2,358,457,448,560
Pterophyllum_Scalare_B,106.2,886,570,959,652
Corydoras_Albinos,106.3,605,647,632,683
Pterophyllum_Scalare_YWB,106.3,359,456,449,560
Pterophyllum_Scalare_B,106.3,887,569,959,653
Pterophyllum_Scalare_Y,106.3,1072,440,1098,515
Pterophyllum_Scalare_BB,106.3,282,325,350,406
Corydoras_Albinos,106.4,607,647,635,682
Pterophyllum_Scalare_Y,106.4,1071,438,1097,514
Pterophyllum_Scalare_YWB,106.4,360,457,449,561
Pterophyllum_Scalare_Y,106.4,825,255,903,336
Pterophyllum_Scalare_BB,106.4,293,330,359,410
Pterophyllum_Scalare_B,106.4,886,571,959,653
Pterophyllum_Scalare_YWB,106.5,360,457,453,561
Corydoras_Albinos,106.5,609,642,633,682
Pterophyllum_Scalare_Y,106.5,1071,439,1096,513
Pterophyllum_Scalare_BB,106.5,300,334,366,414
Pterophyllum_Scalare_B,106.5,885,571,958,654
Pterophyllum_Scalare_Y,106.5,822,251,897,332
Pterophyllum_Scalare_YWB,106.6,361,456,454,560
Pterophyllum_Scalare_BB,106.6,310,339,375,418
G_Matriarche,106.6,525,144,564,193
Pterophyllum_Scalare_Y,106.6,1070,436,1096,513
Corydoras_Albinos,106.6,608,645,636,681
Pterophyllum_Scalare_BB,106.6,820,246,892,330
Pterophyllum_Scalare_B,106.6,885,572,959,655
Pterophyllum_Scalare_Y,106.7,1070,439,1094,512
Pterophyllum_Scalare_YWB,106.7,361,455,454,559
Pterophyllum_Scalare_B,106.7,886,572,960,655
Corydoras_Albinos,106.7,610,638,633,678
Pterophyllum_Scalare_BB,106.7,317,342,383,421
Pterophyllum_Scalare_Y,106.8,1070,437,1094,510
Corydoras_Albinos,106.8,611,634,637,677
Pterophyllum_Scalare_YWB,106.8,361,455,454,558
Pterophyllum_Scalare_B,106.8,888,572,963,656
Pterophyllum_Scalare_BB,106.8,325,346,393,425
G_Matriarche,106.8,517,137,564,187
Pterophyllum_Scalare_B,106.9,893,570,964,653
Corydoras_Albinos,106.9,612,633,635,677
Pterophyllum_Scalare_BB,106.9,817,237,889,323
Pterophyllum_Scalare_Y,106.9,945,471,977,533
Pterophyllum_Scalare_BB,106.9,334,349,403,429
Pterophyllum_Scalare_Y,106.9,1069,435,1093,510
Pterophyllum_Scalare_YWB,106.9,362,455,454,555
G_Matriarche,107.0,520,132,564,180
Pterophyllum_Scalare_YWB,107.0,362,455,457,554
Corydoras_Albinos,107.0,611,630,641,676
Pterophyllum_Scalare_Y,107.0,1068,435,1092,509
Pterophyllum_Scalare_BB,107.0,343,351,414,429
Pterophyllum_Scalare_Y,107.0,943,468,972,526
Pterophyllum_Scalare_YWB,107.1,363,455,459,554
Pterophyllum_Scalare_Y,107.1,944,471,969,527
Pterophyllum_Scalare_BB,107.1,352,352,424,432
Corydoras_Albinos,107.1,611,629,635,677
Pterophyllum_Scalare_Y,107.1,1066,433,1091,507
G_Matriarche,107.2,523,127,567,173
Pterophyllum_Scalare_Y,107.2,1065,431,1091,507
Pterophyllum_Scalare_BB,107.2,364,355,435,434
Pterophyllum_Scalare_YWB,107.2,364,454,461,549
Pterophyllum_Scalare_Y,107.3,1064,432,1090,506
Corydoras_Albinos,107.3,612,630,638,676
Pterophyllum_Scalare_BB,107.3,373,356,446,435
Pterophyllum_Scalare_YWB,107.3,364,453,462,548
Pterophyllum_Scalare_BB,107.4,383,357,456,435
Pterophyllum_Scalare_YWB,107.4,363,453,460,547
Pterophyllum_Scalare_Y,107.4,1062,435,1089,507
Botia_Striata,107.4,509,564,566,595
Corydoras_Albinos,107.4,612,629,637,676
Pterophyllum_Scalare_YWB,107.5,362,452,458,545
Corydoras_Albinos,107.5,612,631,639,677
Pterophyllum_Scalare_BB,107.5,393,358,465,437
G_Matriarche,107.5,523,120,569,167
Pterophyllum_Scalare_Y,107.5,1061,435,1088,507
Botia_Almorhae,107.5,300,527,330,572
Pterophyllum_Scalare_BB,107.6,402,359,473,437
Corydoras_Albinos,107.6,613,630,639,678
Pterophyllum_Scalare_W,107.6,834,232,900,321
Pterophyllum_Scalare_Y,107.6,1059,433,1088,507
Pterophyllum_Scalare_YWB,107.6,362,450,457,544
Pterophyllum_Scalare_BB,107.7,411,358,483,436
G_Matriarche,107.7,524,117,569,165
Corydoras_Albinos,107.7,613,632,638,678
Pterophyllum_Scalare_Y,107.7,1057,433,1087,507
Botia_Almorhae,107.7,289,524,374,568
Pterophyllum_Scalare_YWB,107.7,359,448,454,542
G_Matriarche,107.8,524,118,570,164
Pterophyllum_Scalare_YWB,107.8,354,441,451,539
Pterophyllum_Scalare_Y,107.8,1056,432,1087,507
Pterophyllum_Scalare_BB,107.8,843,232,907,318
Corydoras_Albinos,107.8,611,635,640,679
Pterophyllum_Scalare_BB,107.8,420,358,493,434
Botia_Almorhae,107.8,288,527,382,567
Pterophyllum_Scalare_BB,107.9,428,358,503,432
Pterophyllum_Scalare_YWB,107.9,348,438,443,533
Corydoras_Albinos,107.9,611,632,639,678
G_Matriarche,107.9,525,117,571,163
Pterophyllum_Scalare_Y,107.9,1054,430,1085,507
Botia_Striata,107.9,494,569,560,601
Pterophyllum_Scalare_BB,108.0,433,356,513,432
Pterophyllum_Scalare_Y,108.0,1054,430,1085,504
Botia_Almorhae,108.0,295,529,411,562
Botia_Striata,108.0,494,571,554,605
Corydoras_Albinos,108.0,611,633,638,679
G_Matriarche,108.0,527,117,572,162
Pterophyllum_Scalare_YWB,108.0,344,431,442,525
Pterophyllum_Scalare_Y,108.0,851,232,910,318
Pterophyllum_Scalare_YWB,108.1,339,427,436,518
Corydoras_Albinos,108.1,608,639,641,679
Botia_Striata,108.1,492,574,557,604
Pterophyllum_Scalare_BB,108.1,443,350,523,429
Corydoras_Panda,108.1,920,484,964,526
Pterophyllum_Scalare_Y,108.1,854,232,915,317
Pterophyllum_Scalare_Y,108.1,1053,429,1084,503
Botia_Striata,108.2,492,575,553,606
Pterophyllum_Scalare_BB,108.2,453,348,533,426
Pterophyllum_Scalare_Y,108.2,857,232,919,314
Pterophyllum_Scalare_YWB,108.2,335,422,430,512
Corydoras_Panda,108.2,918,485,966,527
Corydoras_Albinos,108.2,605,641,640,680
Pterophyllum_Scalare_Y,108.2,1052,429,1084,503
Corydoras_Albinos,108.3,605,642,640,681
Pterophyllum_Scalare_Y,108.3,1052,429,1083,503
Corydoras_Panda,108.3,919,484,967,526
Pterophyllum_Scalare_BB,108.3,462,345,546,422
Pterophyllum_Scalare_YWB,108.3,331,416,427,505
Pterophyllum_Scalare_BB,108.4,476,342,559,420
Pterophyllum_Scalare_YWB,108.4,329,411,419,499
Corydoras_Panda,108.4,922,486,971,526
Corydoras_Albinos,108.4,603,648,642,682
Pterophyllum_Scalare_BB,108.4,865,230,923,310
Botia_Almorhae,108.4,369,546,480,582
Pterophyllum_Scalare_Y,108.4,1051,430,1083,502
G_Matriarche,108.5,569,109,614,156
Pterophyllum_Scalare_YWB,108.5,329,405,417,492
Pterophyllum_Scalare_BB,108.5,486,336,574,418
Pterophyllum_Scalare_Y,108.5,1050,431,1083,501
Corydoras_Albinos,108.5,601,651,641,683
Pterophyllum_Scalare_BB,108.5,867,228,926,305
Corydoras_Panda,108.5,923,485,973,525
Pterophyllum_Scalare_BB,108.6,870,228,928,299
Corydoras_Panda,108.6,922,485,973,526
G_Matriarche,108.6,580,110,618,156
Pterophyllum_Scalare_YWB,108.6,328,399,423,488
Botia_Striata,108.6,489,584,549,623
Pterophyllum_Scalare_Y,108.6,1049,430,1083,500
Pterophyllum_Scalare_BB,108.6,502,332,590,413
Corydoras_Albinos,108.6,606,650,639,685
Pterophyllum_Scalare_BB,108.7,517,328,607,406
Pterophyllum_Scalare_BB,108.7,873,226,930,301
Pterophyllum_Scalare_Y,108.7,1049,430,1083,499
Corydoras_Panda,108.7,923,488,974,526
Pterophyllum_Scalare_YWB,108.7,327,395,423,485
Corydoras_Albinos,108.7,610,649,640,686
Botia_Striata,108.7,480,595,544,626
Botia_Striata,108.8,472,596,554,630
G_Matriarche,108.8,588,119,624,160
Pterophyllum_Scalare_Y,108.8,1049,431,1083,498
Botia_Almorhae,108.8,414,568,541,604
Pterophyllum_Scalare_BB,108.8,532,324,626,401
Corydoras_Panda,108.8,923,487,977,526
Pterophyllum_Scalare_YWB,108.8,326,390,419,479
Corydoras_Panda,108.9,925,486,977,525
Pterophyllum_Scalare_YWB,108.9,328,386,419,475
Corydoras_Albinos,108.9,610,649,642,686
Botia_Striata,108.9,460,604,545,635
G_Matriarche,108.9,586,117,626,164
Pterophyllum_Scalare_B,108.9,963,574,1016,656
Botia_Almorhae,108.9,431,572,548,611
Pterophyllum_Scalare_Y,108.9,1049,432,1084,497
Pterophyllum_Scalare_BB,108.9,550,318,643,397
Botia_Almorhae,109.0,448,571,553,617
Pterophyllum_Scalare_YWB,109.0,329,384,419,471
Pterophyllum_Scalare_BB,109.0,569,313,662,394
Corydoras_Albinos,109.0,605,648,645,685
Corydoras_Albinos,109.0,717,630,761,661
Corydoras_Panda,109.0,925,484,978,526
Pterophyllum_Scalare_Y,109.0,1049,432,1085,497
Botia_Striata,109.0,449,608,541,637
Pterophyllum_Scalare_B,109.0,962,574,1018,659
G_Matriarche,109.0,881,230,935,304
G_Matriarche,109.0,588,129,632,169
Pterophyllum_Scalare_BB,109.1,589,307,682,389
Pterophyllum_Scalare_Y,109.1,1049,433,1086,497
Corydoras_Albinos,109.1,717,631,761,661
Pterophyllum_Scalare_YWB,109.1,330,381,421,468
Botia_Striata,109.1,463,578,568,620
Corydoras_Panda,109.1,935,479,979,524
Corydoras_Albinos,109.1,600,645,652,684
G_Matriarche,109.1,585,135,635,173
Botia_Striata,109.1,438,610,526,639
Pterophyllum_Scalare_BB,109.2,608,300,704,380
Pterophyllum_Scalare_Y,109.2,1050,432,1086,495
Corydoras_Panda,109.2,935,477,979,524
Botia_Almorhae,109.2,482,544,568,617
Botia_Striata,109.2,430,610,518,640
Pterophyllum_Scalare_YWB,109.2,333,378,424,465
Corydoras_Albinos,109.2,593,644,653,682
G_Matriarche,109.3,578,144,639,178
Pterophyllum_Scalare_YWB,109.3,335,376,428,464
Pterophyllum_Scalare_Y,109.3,1050,430,1088,495
Botia_Striata,109.3,422,609,511,641
Pterophyllum_Scalare_BB,109.3,637,294,733,370
Corydoras_Albinos,109.3,586,642,661,679
Corydoras_Panda,109.3,939,479,980,525
Corydoras_Albinos,109.4,579,639,654,675
Pterophyllum_Scalare_BB,109.4,675,283,774,359
Pterophyllum_Scalare_Y,109.4,1053,427,1089,490
G_Matriarche,109.4,575,146,641,183
Pterophyllum_Scalare_YWB,109.4,339,373,432,463
Botia_Striata,109.4,415,611,502,642
Corydoras_Panda,109.4,939,482,980,525
Corydoras_Albinos,109.5,571,637,647,674
Pterophyllum_Scalare_Y,109.5,1060,421,1091,486
G_Matriarche,109.5,575,149,643,187
Pterophyllum_Scalare_BB,109.5,718,270,820,346
Botia_Striata,109.5,409,611,493,642
Corydoras_Panda,109.5,938,478,980,524
Pterophyllum_Scalare_YWB,109.5,343,370,435,460
Corydoras_Albinos,109.6,563,636,632,669
Pterophyllum_Scalare_Y,109.6,1062,416,1096,480
Botia_Striata,109.6,403,610,488,642
Pterophyllum_Scalare_BB,109.6,769,257,870,328
Corydoras_Panda,109.6,940,482,980,525
G_Matriarche,109.6,572,151,644,189
Pterophyllum_Scalare_YWB,109.6,345,368,437,460
Corydoras_Albinos,109.7,551,634,627,670
Pterophyllum_Scalare_W,109.7,953,192,1040,284
Botia_Striata,109.7,397,610,483,643
Pterophyllum_Scalare_BB,109.7,828,246,923,307
Corydoras_Panda,109.7,939,478,981,525
G_Matriarche,109.7,571,154,645,191
Pterophyllum_Scalare_YWB,109.7,349,365,441,458
Pterophyllum_Scalare_Y,109.7,1064,408,1098,472
Pterophyllum_Scalare_YWB,109.8,353,362,444,457
Pterophyllum_Scalare_BB,109.8,875,236,968,288
Corydoras_Albinos,109.8,544,629,616,667
Corydoras_Panda,109.8,942,481,981,525
G_Matriarche,109.8,572,156,647,192
Botia_Striata,109.8,389,609,474,642
Pterophyllum_Scalare_Y,109.8,1066,399,1099,465
Pterophyllum_Scalare_Y,109.9,1067,391,1101,458
Corydoras_Panda,109.9,939,478,982,525
Corydoras_Albinos,109.9,538,631,614,671
Botia_Striata,109.9,379,606,467,640
G_Matriarche,109.9,574,157,649,193
Pterophyllum_Scalare_YWB,109.9,357,359,448,456
Pterophyllum_Scalare_W,109.9,1021,174,1078,268
Corydoras_Panda,110.0,942,476,982,525
Pterophyllum_Scalare_Y,110.0,1066,385,1102,451
Pterophyllum_Scalare_BB,110.0,998,211,1045,297
G_Matriarche,110.0,576,158,651,195
Corydoras_Albinos,110.0,535,628,608,669
Botia_Striata,110.0,367,599,451,643
Pterophyllum_Scalare_W,110.0,1048,182,1112,276
Pterophyllum_Scalare_YWB,110.0,363,358,452,455
Botia_Striata,110.1,355,595,437,639
Corydoras_Panda,110.1,941,477,982,522
Pterophyllum_Scalare_Y,110.1,1066,379,1103,444
Pterophyllum_Scalare_W,110.1,1067,186,1133,275
G_Matriarche,110.1,579,161,654,200
Pterophyllum_Scalare_BB,110.1,1007,210,1046,296
Corydoras_Albinos,110.1,534,624,595,668
Pterophyllum_Scalare_YWB,110.1,369,353,459,452
Pterophyllum_Scalare_YWB,110.2,377,349,465,450
Corydoras_Panda,110.2,946,469,981,522
Pterophyllum_Scalare_W,110.2,1080,188,1146,276
Pterophyllum_Scalare_Y,110.2,1065,375,1104,442
Botia_Striata,110.2,346,591,427,635
G_Matriarche,110.2,579,164,655,202
Pterophyllum_Scalare_BB,110.2,1002,205,1054,298
Pterophyllum_Scalare_Y,110.3,1064,371,1104,435
Botia_Striata,110.3,343,589,418,633
G_Matriarche,110.3,590,163,653,203
Pterophyllum_Scalare_B,110.3,931,591,1003,661
Pterophyllum_Scalare_BB,110.3,996,200,1056,296
Pterophyllum_Scalare_W,110.3,1092,190,1154,276
Pterophyllum_Scalare_YWB,110.3,386,347,471,449
Pterophyllum_Scalare_BB,110.4,994,197,1056,293
Pterophyllum_Scalare_W,110.4,1101,191,1161,277
Corydoras_Panda,110.4,946,474,981,523
Pterophyllum_Scalare_YWB,110.4,395,343,479,447
Pterophyllum_Scalare_Y,110.4,1061,369,1103,429
G_Matriarche,110.4,596,166,654,204
Pterophyllum_Scalare_B,110.4,929,588,1004,660
Botia_Striata,110.4,338,587,412,629
Corydoras_Panda,110.5,945,474,982,524
Pterophyllum_Scalare_BB,110.5,992,198,1053,289
Botia_Striata,110.5,332,587,404,626
G_Matriarche,110.5,602,167,658,206
Pterophyllum_Scalare_YWB,110.5,404,340,485,445
Pterophyllum_Scalare_W,110.5,1107,191,1165,277
Pterophyllum_Scalare_Y,110.5,1060,367,1103,429
Pterophyllum_Scalare_B,110.6,924,592,995,664
Corydoras_Panda,110.6,942,473,981,523
Botia_Striata,110.6,334,587,399,626
Pterophyllum_Scalare_YWB,110.6,411,338,491,441
Pterophyllum_Scalare_BB,110.6,991,190,1050,284
Pterophyllum_Scalare_Y,110.6,1058,366,1102,428
G_Matriarche,110.6,609,168,661,207
Pterophyllum_Scalare_W,110.6,1115,191,1168,276
Botia_Striata,110.7,332,585,394,626
Corydoras_Panda,110.7,942,476,981,523
Pterophyllum_Scalare_BB,110.7,988,188,1049,282
G_Matriarche,110.7,614,168,663,213
Pterophyllum_Scalare_W,110.7,1119,192,1171,277
Pterophyllum_Scalare_Y,110.7,1056,365,1101,427
Pterophyllum_Scalare_YWB,110.7,419,334,496,437
Pterophyllum_Scalare_YWB,110.8,427,331,500,435
Botia_Striata,110.8,330,585,391,625
Pterophyllum_Scalare_Y,110.8,1055,365,1101,426
Pterophyllum_Scalare_BB,110.8,988,187,1047,277
Pterophyllum_Scalare_W,110.8,1121,193,1173,278
Corydoras_Panda,110.8,939,476,979,521
G_Matriarche,110.8,617,166,661,206
Pterophyllum_Scalare_BB,110.9,987,188,1044,272
Pterophyllum_Scalare_W,110.9,1123,195,1174,280
Pterophyllum_Scalare_YWB,110.9,434,328,506,433
Botia_Striata,110.9,329,586,389,625
Pterophyllum_Scalare_Y,110.9,1053,364,1100,426
G_Matriarche,111.0,627,159,661,200
Pterophyllum_Scalare_W,111.0,1126,197,1176,281
Pterophyllum_Scalare_YWB,111.0,442,325,513,430
Botia_Striata,111.0,325,585,386,626
Pterophyllum_Scalare_Y,111.0,1051,363,1099,427
Pterophyllum_Scalare_BB,111.0,983,184,1040,272
Pterophyllum_Scalare_YWB,111.1,450,320,518,431
Botia_Striata,111.1,324,583,384,626
Pterophyllum_Scalare_BB,111.1,975,183,1035,268
G_Matriarche,111.1,620,164,659,203
Pterophyllum_Scalare_B,111.1,903,576,981,656
Pterophyllum_Scalare_W,111.1,1129,197,1177,283
Pterophyllum_Scalare_Y,111.1,1050,362,1098,426
Pterophyllum_Scalare_Y,111.2,959,471,981,521
Botia_Striata,111.2,325,585,386,625
Pterophyllum_Scalare_Y,111.2,1050,362,1096,425
Pterophyllum_Scalare_B,111.2,899,576,975,656
Pterophyllum_Scalare_W,111.2,1131,199,1178,284
Pterophyllum_Scalare_YWB,111.2,456,319,524,431
Pterophyllum_Scalare_BB,111.2,964,177,1034,259
Pterophyllum_Scalare_YWB,111.3,461,316,530,429
Botia_Striata,111.3,325,585,381,625
Pterophyllum_Scalare_Y,111.3,1050,361,1096,424
Pterophyllum_Scalare_B,111.3,893,574,971,654
Pterophyllum_Scalare_BB,111.3,954,175,1032,253
Pterophyllum_Scalare_W,111.3,1132,200,1179,286
Pterophyllum_Scalare_YWB,111.4,468,316,533,427
Pterophyllum_Scalare_Y,111.4,959,467,981,523
Botia_Striata,111.4,324,582,381,626
Pterophyllum_Scalare_B,111.4,885,572,965,652
Pterophyllum_Scalare_Y,111.4,1050,361,1096,424
Pterophyllum_Scalare_BB,111.4,939,174,1027,246
Pterophyllum_Scalare_W,111.4,1134,199,1180,285
G_Matriarche,111.4,605,162,648,196
Botia_Striata,111.5,324,581,377,622
Pterophyllum_Scalare_B,111.5,881,571,962,651
Pterophyllum_Scalare_BB,111.5,929,169,1018,246
Pterophyllum_Scalare_YWB,111.5,475,313,534,426
Pterophyllum_Scalare_Y,111.5,958,468,981,522
Pterophyllum_Scalare_W,111.5,1135,199,1181,286
Pterophyllum_Scalare_Y,111.5,1051,360,1095,424
Pterophyllum_Scalare_W,111.6,1137,199,1181,286
Pterophyllum_Scalare_BB,111.6,914,167,1009,249
Pterophyllum_Scalare_B,111.6,876,571,957,652
Pterophyllum_Scalare_Y,111.6,1050,360,1097,424
Pterophyllum_Scalare_YWB,111.6,483,309,537,426
Pterophyllum_Scalare_BB,111.7,907,165,998,241
Pterophyllum_Scalare_Y,111.7,1049,361,1097,424
Pterophyllum_Scalare_YWB,111.7,490,307,538,424
Pterophyllum_Scalare_B,111.7,870,570,954,650
Botia_Striata,111.7,321,578,372,620
Pterophyllum_Scalare_W,111.7,1138,199,1181,286
G_Matriarche,111.8,580,159,614,188
Pterophyllum_Scalare_Y,111.8,1051,360,1097,423
Pterophyllum_Scalare_YWB,111.8,496,305,544,423
Pterophyllum_Scalare_BB,111.8,896,162,989,242
Pterophyllum_Scalare_W,111.8,1139,199,1181,286
Pterophyllum_Scalare_W,111.9,1140,199,1181,285
Pterophyllum_Scalare_Y,111.9,1053,361,1097,423
Pterophyllum_Scalare_B,111.9,865,568,950,647
Pterophyllum_Scalare_BB,111.9,888,160,977,250
Pterophyllum_Scalare_YWB,111.9,501,304,547,418
G_Matriarche,111.9,569,158,610,190
Pterophyllum_Scalare_W,112.0,1140,199,1180,283
Pterophyllum_Scalare_YWB,112.0,504,302,554,420
G_Matriarche,112.0,561,156,608,190
Pterophyllum_Scalare_B,112.0,866,557,948,649
Pterophyllum_Scalare_BB,112.0,882,160,966,248
Pterophyllum_Scalare_Y,112.0,1055,362,1098,424
Pterophyllum_Scalare_B,112.1,874,550,954,647
Pterophyllum_Scalare_BB,112.1,874,163,955,256
Pterophyllum_Scalare_W,112.1,1141,199,1181,284
Ancistrus,112.1,317,576,364,614
G_Matriarche,112.1,553,154,609,190
Pterophyllum_Scalare_YWB,112.1,509,300,557,417
Pterophyllum_Scalare_Y,112.1,1058,362,1098,424
Pterophyllum_Scalare_BB,112.2,867,159,946,259
Pterophyllum_Scalare_W,112.2,1141,199,1180,282
Pterophyllum_Scalare_B,112.2,883,546,954,648
Pterophyllum_Scalare_YWB,112.2,515,300,561,416
Pterophyllum_Scalare_Y,112.2,1061,363,1099,425
Pterophyllum_Scalare_B,112.3,890,569,952,649
Botia_Striata,112.3,519,431,560,457
Pterophyllum_Scalare_Y,112.3,1063,363,1099,426
Pterophyllum_Scalare_BB,112.3,860,162,941,258
Pterophyllum_Scalare_W,112.3,1142,199,1181,283
Pterophyllum_Scalare_YWB,112.3,519,298,565,413
Botia_Striata,112.4,522,430,560,458
Pterophyllum_Scalare_YWB,112.4,526,297,569,414
Pterophyllum_Scalare_Y,112.4,1064,363,1100,425
Pterophyllum_Scalare_B,112.4,893,567,958,649
G_Matriarche,112.4,522,141,594,185
Pterophyllum_Scalare_W,112.4,1142,198,1181,281
Corydoras_Panda,112.4,921,489,972,527
Pterophyllum_Scalare_BB,112.4,853,164,933,257
Pterophyllum_Scalare_BB,112.5,845,167,925,254
Pterophyllum_Scalare_YWB,112.5,530,297,572,411
Pterophyllum_Scalare_W,112.5,1142,197,1181,279
Pterophyllum_Scalare_Y,112.5,1065,363,1100,426
Pterophyllum_Scalare_B,112.5,896,567,955,649
Corydoras_Panda,112.5,922,488,973,526
Pterophyllum_Scalare_Y,112.6,1066,364,1100,426
Pterophyllum_Scalare_YWB,112.6,536,297,576,410
G_Matriarche,112.6,503,135,576,176
Pterophyllum_Scalare_BB,112.6,838,167,921,257
Pterophyllum_Scalare_B,112.6,899,568,957,649
Corydoras_Panda,112.6,920,485,974,526
Pterophyllum_Scalare_W,112.6,1143,196,1181,278
Pterophyllum_Scalare_W,112.7,1142,195,1181,277
Pterophyllum_Scalare_YWB,112.7,541,297,580,407
Pterophyllum_Scalare_Y,112.7,1066,364,1100,427
G_Matriarche,112.7,494,132,568,173
Pterophyllum_Scalare_B,112.7,900,568,960,650
Corydoras_Panda,112.7,925,485,976,526
Pterophyllum_Scalare_BB,112.7,830,169,908,263
Pterophyllum_Scalare_W,112.8,1143,195,1181,274
Pterophyllum_Scalare_BB,112.8,823,169,901,264
Pterophyllum_Scalare_B,112.8,900,568,961,649
Corydoras_Panda,112.8,926,481,978,526
Pterophyllum_Scalare_YWB,112.8,546,294,584,403
Botia_Striata,112.8,521,430,558,458
Pterophyllum_Scalare_Y,112.8,1067,365,1100,428
Corydoras_Panda,112.9,928,484,979,525
Botia_Striata,112.9,523,430,558,457
Pterophyllum_Scalare_YWB,112.9,552,295,587,401
Pterophyllum_Scalare_BB,112.9,816,168,893,263
Pterophyllum_Scalare_W,112.9,1144,193,1181,270
Pterophyllum_Scalare_Y,112.9,1067,366,1101,429
Pterophyllum_Scalare_B,112.9,901,570,960,649
Pterophyllum_Scalare_W,113.0,1145,190,1184,266
Pterophyllum_Scalare_YWB,113.0,555,298,592,404
Pterophyllum_Scalare_B,113.0,903,570,962,649
Corydoras_Panda,113.0,933,482,980,524
Pterophyllum_Scalare_BB,113.0,810,170,885,257
Botia_Striata,113.0,522,430,558,457
Pterophyllum_Scalare_Y,113.0,1068,367,1100,430
Pterophyllum_Scalare_B,113.1,903,570,964,650
Corydoras_Panda,113.1,935,480,980,525
Pterophyllum_Scalare_Y,113.1,1068,368,1100,431
Pterophyllum_Scalare_W,113.1,1145,189,1185,264
Pterophyllum_Scalare_YWB,113.1,559,300,597,404
Pterophyllum_Scalare_BB,113.1,802,170,877,256
Pterophyllum_Scalare_YWB,113.2,564,301,602,405
Corydoras_Panda,113.2,937,481,979,523
Pterophyllum_Scalare_W,113.2,1145,188,1185,248
Pterophyllum_Scalare_BB,113.2,795,170,871,264
G_Matriarche,113.2,449,121,520,164
Pterophyllum_Scalare_B,113.2,903,570,965,651
Botia_Striata,113.2,732,611,796,651
Pterophyllum_Scalare_Y,113.2,1068,369,1100,431
Pterophyllum_Scalare_W,113.3,1146,187,1186,247
Pterophyllum_Scalare_B,113.3,904,573,963,651
Corydoras_Panda,113.3,943,479,978,523
Pterophyllum_Scalare_YWB,113.3,568,300,606,404
G_Matriarche,113.3,440,118,510,163
Pterophyllum_Scalare_Y,113.3,1067,370,1101,432
Pterophyllum_Scalare_BB,113.3,787,166,868,267
Botia_Almorhae,113.3,727,607,806,644
Pterophyllum_Scalare_BB,113.4,781,170,860,266
Pterophyllum_Scalare_W,113.4,1145,186,1186,243
Pterophyllum_Scalare_Y,113.4,1068,371,1100,432
Botia_Almorhae,113.4,723,608,798,651
Corydoras_Panda,113.4,945,475,979,522
G_Matriarche,113.4,433,116,501,163
Pterophyllum_Scalare_B,113.4,903,573,963,651
Pterophyllum_Scalare_YWB,113.4,573,302,610,407
Pterophyllum_Scalare_B,113.5,903,572,963,651
Botia_Almorhae,113.5,713,616,815,650
Pterophyllum_Scalare_Y,113.5,1067,372,1101,433
Pterophyllum_Scalare_W,113.5,1144,184,1187,246
Pterophyllum_Scalare_YWB,113.5,575,298,614,402
G_Matriarche,113.5,429,115,491,160
Pterophyllum_Scalare_BB,113.5,777,170,851,264
Pterophyllum_Scalare_YWB,113.6,580,295,619,404
Pterophyllum_Scalare_W,113.6,1144,183,1188,244
Pterophyllum_Scalare_BB,113.6,771,171,841,263
Pterophyllum_Scalare_Y,113.6,1068,372,1101,433
Pterophyllum_Scalare_YWB,113.7,584,294,624,407
Pterophyllum_Scalare_Y,113.7,1068,372,1101,435
Pterophyllum_Scalare_W,113.7,1143,182,1189,242
Pterophyllum_Scalare_B,113.7,903,573,964,651
Botia_Almorhae,113.7,671,627,789,669
Pterophyllum_Scalare_BB,113.7,768,172,831,264
Pterophyllum_Scalare_W,113.8,1143,182,1189,241
Pterophyllum_Scalare_B,113.8,903,572,965,654
Pterophyllum_Scalare_Y,113.8,1068,373,1101,436
Pterophyllum_Scalare_YWB,113.8,587,300,629,406
Pterophyllum_Scalare_BB,113.8,763,173,825,270
Botia_Almorhae,113.8,666,621,800,675
Botia_Almorhae,113.9,657,618,787,663
Pterophyllum_Scalare_Y,113.9,1069,374,1101,435
Pterophyllum_Scalare_B,113.9,903,572,967,653
Pterophyllum_Scalare_W,113.9,1142,182,1190,239
Pterophyllum_Scalare_Y,113.9,958,474,979,531
Pterophyllum_Scalare_BB,113.9,757,174,818,274
Pterophyllum_Scalare_YWB,113.9,591,296,633,404
Pterophyllum_Scalare_W,114.0,1142,182,1190,236
Pterophyllum_Scalare_BB,114.0,753,175,812,275
Pterophyllum_Scalare_B,114.0,904,572,969,654
Botia_Striata,114.0,648,616,734,649
Pterophyllum_Scalare_Y,114.0,1068,374,1102,435
Pterophyllum_Scalare_YWB,114.0,595,294,638,404
Pterophyllum_Scalare_BB,114.1,751,177,806,275
Pterophyllum_Scalare_W,114.1,1141,181,1190,236
Pterophyllum_Scalare_Y,114.1,1069,374,1102,434
Pterophyllum_Scalare_Y,114.1,958,474,980,532
Botia_Almorhae,114.1,636,616,752,648
Pterophyllum_Scalare_YWB,114.1,598,293,641,402
Pterophyllum_Scalare_B,114.1,903,572,969,654
Pterophyllum_Scalare_W,114.2,1141,180,1190,235
Pterophyllum_Scalare_YWB,114.2,603,292,645,397
Pterophyllum_Scalare_BB,114.2,749,179,801,277
Pterophyllum_Scalare_B,114.2,902,571,968,654
Pterophyllum_Scalare_Y,114.2,1069,374,1103,436
Pterophyllum_Scalare_Y,114.2,952,476,979,545
Pterophyllum_Scalare_BB,114.3,747,185,795,278
Pterophyllum_Scalare_Y,114.3,955,474,980,543
Pterophyllum_Scalare_B,114.3,899,569,968,657
Corydoras_Panda,114.3,348,597,382,635
Pterophyllum_Scalare_Y,114.3,1070,375,1103,436
Pterophyllum_Scalare_W,114.3,1141,178,1190,234
Pterophyllum_Scalare_YWB,114.3,606,288,652,394
Botia_Almorhae,114.3,626,613,750,653
Pterophyllum_Scalare_BB,114.4,745,189,789,282
Pterophyllum_Scalare_B,114.4,896,569,967,661
Pterophyllum_Scalare_Y,114.4,1069,376,1104,438
Pterophyllum_Scalare_Y,114.4,955,472,981,545
Pterophyllum_Scalare_YWB,114.4,609,286,654,391
Pterophyllum_Scalare_W,114.4,1141,178,1190,233
Botia_Almorhae,114.4,615,615,748,658
Pterophyllum_Scalare_BB,114.5,742,190,787,284
Pterophyllum_Scalare_W,114.5,1141,177,1190,231
Pterophyllum_Scalare_YWB,114.5,612,285,658,391
Corydoras_Albinos,114.5,720,629,765,655
Botia_Almorhae,114.5,608,619,732,671
Pterophyllum_Scalare_B,114.5,891,570,965,661
Pterophyllum_Scalare_Y,114.5,1069,376,1104,438
Pterophyllum_Scalare_W,114.6,1142,176,1190,229
Pterophyllum_Scalare_Y,114.6,1067,377,1105,440
Pterophyllum_Scalare_B,114.6,886,571,965,662
Botia_Almorhae,114.6,610,609,729,671
Pterophyllum_Scalare_YWB,114.6,614,284,661,389
Pterophyllum_Scalare_BB,114.6,741,193,785,286
Pterophyllum_Scalare_W,114.7,1143,175,1190,227
Pterophyllum_Scalare_BB,114.7,739,195,779,288
Pterophyllum_Scalare_YWB,114.7,617,283,665,389
Pterophyllum_Scalare_Y,114.7,1065,378,1106,442
G_Matriarche,114.7,367,108,427,139
Pterophyllum_Scalare_B,114.7,882,571,963,664
Botia_Almorhae,114.7,617,595,708,665
Pterophyllum_Scalare_B,114.8,877,572,960,666
Pterophyllum_Scalare_Y,114.8,945,474,973,552
Pterophyllum_Scalare_BB,114.8,738,197,776,292
Pterophyllum_Scalare_W,114.8,1142,174,1190,225
Pterophyllum_Scalare_YWB,114.8,619,282,669,388
G_Matriarche,114.8,368,111,427,138
Botia_Almorhae,114.8,610,590,699,664
Pterophyllum_Scalare_Y,114.8,1063,380,1106,443
Pterophyllum_Scalare_B,114.9,875,572,958,666
Pterophyllum_Scalare_Y,114.9,1063,381,1107,445
Pterophyllum_Scalare_YWB,114.9,621,281,673,385
Pterophyllum_Scalare_BB,114.9,737,202,778,297
Botia_Almorhae,114.9,606,589,698,671
Pterophyllum_Scalare_W,114.9,1142,173,1190,223
Pterophyllum_Scalare_Y,114.9,946,472,972,551
Pterophyllum_Scalare_YWB,115.0,624,280,678,382
Pterophyllum_Scalare_Y,115.0,1062,381,1108,445
Pterophyllum_Scalare_W,115.0,1143,172,1189,223
Botia_Almorhae,115.0,600,593,697,677
Pterophyllum_Scalare_BB,115.0,736,204,780,299
Pterophyllum_Scalare_B,115.1,865,572,950,665
Pterophyllum_Scalare_YWB,115.1,624,278,683,378
Pterophyllum_Scalare_BB,115.1,734,206,781,301
Pterophyllum_Scalare_Y,115.1,1062,381,1109,445
Pterophyllum_Scalare_Y,115.1,947,474,971,549
Pterophyllum_Scalare_W,115.1,1143,170,1189,223
Botia_Almorhae,115.1,596,592,714,675
Pterophyllum_Scalare_Y,115.2,1061,381,1109,445
Pterophyllum_Scalare_YWB,115.2,623,277,691,372
Corydoras_Albinos,115.2,716,630,767,657
Pterophyllum_Scalare_BB,115.2,734,209,783,303
Pterophyllum_Scalare_W,115.2,1142,170,1190,224
Pterophyllum_Scalare_B,115.2,862,575,945,666
Botia_Almorhae,115.2,581,598,695,646
Pterophyllum_Scalare_BB,115.3,735,212,784,306
Pterophyllum_Scalare_B,115.3,861,573,942,667
Pterophyllum_Scalare_Y,115.3,1061,381,1109,445
Corydoras_Albinos,115.3,717,630,767,657
Pterophyllum_Scalare_W,115.3,1141,169,1189,223
Pterophyllum_Scalare_YWB,115.3,623,276,696,367
Botia_Almorhae,115.3,562,599,703,653
Pterophyllum_Scalare_Y,115.4,1062,381,1110,445
Pterophyllum_Scalare_BB,115.4,735,215,786,308
Pterophyllum_Scalare_W,115.4,1142,168,1190,222
Corydoras_Albinos,115.4,717,631,767,657
Pterophyllum_Scalare_B,115.4,858,582,938,666
Pterophyllum_Scalare_YWB,115.4,622,274,700,362
Botia_Almorhae,115.4,533,590,641,661
Botia_Almorhae,115.5,508,586,633,660
Pterophyllum_Scalare_W,115.5,1141,167,1189,222
Pterophyllum_Scalare_Y,115.5,1062,381,1110,446
Pterophyllum_Scalare_YWB,115.5,621,272,704,359
Corydoras_Albinos,115.5,717,630,766,657
Pterophyllum_Scalare_B,115.5,856,583,936,667
Pterophyllum_Scalare_BB,115.5,736,218,789,309
Corydoras_Albinos,115.6,717,630,766,657
Pterophyllum_Scalare_W,115.6,1141,166,1189,223
Pterophyllum_Scalare_BB,115.6,736,220,792,311
Pterophyllum_Scalare_Y,115.6,1063,381,1112,445
Botia_Almorhae,115.6,505,582,602,666
G_Matriarche,115.6,375,111,445,144
Pterophyllum_Scalare_YWB,115.6,620,269,706,358
Pterophyllum_Scalare_B,115.6,853,582,934,667
Botia_Almorhae,115.7,500,581,586,665
Corydoras_Albinos,115.7,717,630,765,657
Pterophyllum_Scalare_B,115.7,843,585,932,669
Pterophyllum_Scalare_Y,115.7,1064,380,1112,446
Pterophyllum_Scalare_BB,115.7,736,222,796,313
Pterophyllum_Scalare_W,115.7,1141,165,1189,222
Pterophyllum_Scalare_YWB,115.7,619,267,708,355
Botia_Almorhae,115.8,503,576,579,661
Pterophyllum_Scalare_Y,115.8,1065,380,1114,445
Pterophyllum_Scalare_BB,115.8,736,223,800,315
Pterophyllum_Scalare_YWB,115.8,619,264,710,355
Pterophyllum_Scalare_W,115.8,1141,164,1189,222
Pterophyllum_Scalare_Y,115.9,1066,379,1115,444
Pterophyllum_Scalare_BB,115.9,738,224,805,316
Pterophyllum_Scalare_W,115.9,1141,162,1189,222
Botia_Almorhae,115.9,506,569,552,643
Pterophyllum_Scalare_B,115.9,810,591,893,663
Pterophyllum_Scalare_YWB,115.9,618,262,711,353
Pterophyllum_Scalare_W,116.0,1142,161,1189,222
Botia_Almorhae,116.0,504,565,563,645
Pterophyllum_Scalare_Y,116.0,1068,378,1116,444
G_Matriarche,116.0,377,112,445,142
Pterophyllum_Scalare_BB,116.0,739,227,810,318
Pterophyllum_Scalare_YWB,116.0,618,259,712,352
Pterophyllum_Scalare_Y,116.1,1069,378,1117,443
Pterophyllum_Scalare_BB,116.1,741,227,814,320
G_Matriarche,116.1,377,112,445,143
Pterophyllum_Scalare_B,116.1,780,592,868,668
Botia_Almorhae,116.1,504,562,575,610
Pterophyllum_Scalare_YWB,116.1,618,255,713,351
Pterophyllum_Scalare_W,116.1,1143,160,1188,221
Pterophyllum_Scalare_BB,116.2,743,227,819,320
Pterophyllum_Scalare_W,116.2,1143,159,1188,220
Botia_Almorhae,116.2,494,559,588,620
Pterophyllum_Scalare_YWB,116.2,619,254,712,350
Pterophyllum_Scalare_B,116.2,769,590,855,673
Pterophyllum_Scalare_Y,116.2,1070,377,1118,441
Pterophyllum_Scalare_B,116.3,757,591,845,676
Pterophyllum_Scalare_Y,116.3,1070,374,1120,440
Pterophyllum_Scalare_BB,116.3,747,227,824,320
Pterophyllum_Scalare_W,116.3,1143,157,1188,219
Botia_Almorhae,116.3,498,551,594,633
Pterophyllum_Scalare_YWB,116.3,620,252,712,349
Pterophyllum_Scalare_YWB,116.4,621,252,713,348
Pterophyllum_Scalare_B,116.4,748,594,833,679
Pterophyllum_Scalare_Y,116.4,1071,372,1121,437
Pterophyllum_Scalare_BB,116.4,751,225,829,320
Botia_Almorhae,116.4,493,544,599,638
G_Matriarche,116.4,378,112,440,145
Pterophyllum_Scalare_W,116.4,1144,157,1189,220
Botia_Almorhae,116.5,508,543,603,624
Pterophyllum_Scalare_Y,116.5,1071,368,1122,435
Pterophyllum_Scalare_B,116.5,738,596,823,677
Pterophyllum_Scalare_W,116.5,1145,156,1189,220
Pterophyllum_Scalare_BB,116.5,754,225,835,316
Pterophyllum_Scalare_YWB,116.5,621,250,714,348
Pterophyllum_Scalare_B,116.6,726,596,819,678
Pterophyllum_Scalare_YWB,116.6,621,248,715,346
Pterophyllum_Scalare_BB,116.6,759,225,841,314
Pterophyllum_Scalare_Y,116.6,1072,366,1123,433
Pterophyllum_Scalare_W,116.6,1146,154,1189,220
Botia_Almorhae,116.6,520,539,612,623
Pterophyllum_Scalare_Y,116.7,1073,363,1123,429
Pterophyllum_Scalare_YWB,116.7,622,246,715,344
Pterophyllum_Scalare_B,116.7,721,595,809,676
Botia_Almorhae,116.7,519,534,614,624
Pterophyllum_Scalare_BB,116.7,760,225,843,310
Pterophyllum_Scalare_W,116.7,1147,152,1189,220
Pterophyllum_Scalare_W,116.8,1142,150,1188,218
Botia_Almorhae,116.8,520,532,620,621
Pterophyllum_Scalare_B,116.8,720,589,808,675
Pterophyllum_Scalare_Y,116.8,1074,360,1124,427
Pterophyllum_Scalare_BB,116.8,762,225,844,310
Pterophyllum_Scalare_YWB,116.8,622,245,716,343
Pterophyllum_Scalare_BB,116.9,764,223,846,310
Pterophyllum_Scalare_Y,116.9,1074,357,1124,424
Pterophyllum_Scalare_B,116.9,721,587,812,674
Pterophyllum_Scalare_W,116.9,1142,149,1188,217
Pterophyllum_Scalare_YWB,116.9,623,245,716,343
Botia_Almorhae,116.9,506,533,632,608
G_Matriarche,116.9,370,111,429,151
Pterophyllum_Scalare_B,117.0,724,585,814,672
Pterophyllum_Scalare_BB,117.0,765,223,848,310
Pterophyllum_Scalare_YWB,117.0,623,244,715,342
Botia_Almorhae,117.0,513,531,638,599
Pterophyllum_Scalare_W,117.0,1143,148,1188,217
Pterophyllum_Scalare_Y,117.0,1075,354,1124,421
Pterophyllum_Scalare_BB,117.1,767,223,849,310
Pterophyllum_Scalare_W,117.1,1142,146,1188,217
Botia_Almorhae,117.1,515,528,644,601
Pterophyllum_Scalare_YWB,117.1,623,243,715,339
Pterophyllum_Scalare_B,117.1,726,583,815,672
Pterophyllum_Scalare_Y,117.1,1075,352,1123,419
Pterophyllum_Scalare_YWB,117.2,623,242,714,338
Pterophyllum_Scalare_BB,117.2,769,222,849,310
Pterophyllum_Scalare_B,117.2,725,583,816,672
Pterophyllum_Scalare_W,117.2,1138,146,1188,216
Botia_Almorhae,117.2,517,528,651,605
Pterophyllum_Scalare_Y,117.2,1075,349,1122,417
Pterophyllum_Scalare_BB,117.3,771,222,851,310
Pterophyllum_Scalare_W,117.3,1138,146,1187,215
Botia_Almorhae,117.3,533,504,646,600
Pterophyllum_Scalare_YWB,117.3,623,240,714,337
Pterophyllum_Scalare_B,117.3,726,581,816,673
Pterophyllum_Scalare_Y,117.3,1077,347,1121,416
Pterophyllum_Scalare_W,117.4,1140,144,1187,214
Pterophyllum_Scalare_YWB,117.4,623,239,713,336
Pterophyllum_Scalare_BB,117.4,773,223,852,308
Botia_Almorhae,117.4,562,503,644,609
Pterophyllum_Scalare_Y,117.4,1077,345,1120,414
Pterophyllum_Scalare_B,117.4,726,580,816,675
Pterophyllum_Scalare_YWB,117.5,623,239,713,336
Pterophyllum_Scalare_Y,117.5,1077,343,1120,412
Botia_Striata,117.5,351,589,393,622
Pterophyllum_Scalare_BB,117.5,777,224,855,305
Pterophyllum_Scalare_B,117.5,726,582,816,676
Pterophyllum_Scalare_W,117.5,1138,142,1187,215
Pterophyllum_Scalare_Y,117.6,1078,343,1119,411
Pterophyllum_Scalare_BB,117.6,782,224,858,302
Pterophyllum_Scalare_B,117.6,726,583,814,678
Pterophyllum_Scalare_W,117.6,1140,142,1187,213
Pterophyllum_Scalare_YWB,117.6,624,238,712,336
Pterophyllum_Scalare_YWB,117.7,625,237,712,336
Pterophyllum_Scalare_BB,117.7,787,225,857,301
Pterophyllum_Scalare_Y,117.7,1078,341,1119,411
Pterophyllum_Scalare_W,117.7,1136,141,1188,212
Pterophyllum_Scalare_B,117.7,726,585,815,679
Pterophyllum_Scalare_B,117.8,727,584,814,680
Pterophyllum_Scalare_Y,117.8,1078,339,1118,410
Pterophyllum_Scalare_YWB,117.8,626,237,712,336
Pterophyllum_Scalare_BB,117.8,791,225,856,297
Pterophyllum_Scalare_W,117.8,1135,140,1187,212
Pterophyllum_Scalare_YWB,117.9,628,237,711,335
Pterophyllum_Scalare_BB,117.9,794,226,855,295
Pterophyllum_Scalare_W,117.9,1135,140,1189,211
Pterophyllum_Scalare_Y,117.9,1078,337,1118,409
Pterophyllum_Scalare_B,117.9,727,585,816,681
Pterophyllum_Scalare_B,118.0,727,586,817,682
Corydoras_Panda,118.0,904,491,943,535
Pterophyllum_Scalare_W,118.0,1130,141,1188,211
Pterophyllum_Scalare_Y,118.0,1079,337,1118,408
Pterophyllum_Scalare_BB,118.0,800,228,855,295
Pterophyllum_Scalare_YWB,118.0,629,237,710,335
Corydoras_Panda,118.1,900,490,944,536
Pterophyllum_Scalare_B,118.1,727,586,815,683
Pterophyllum_Scalare_YWB,118.1,629,237,709,335
Pterophyllum_Scalare_Y,118.1,1079,336,1118,408
Pterophyllum_Scalare_BB,118.1,804,228,856,294
Pterophyllum_Scalare_W,118.1,1126,140,1184,210
Pterophyllum_Scalare_YWB,118.2,630,237,708,334
Pterophyllum_Scalare_B,118.2,728,586,815,683
Corydoras_Panda,118.2,900,489,946,536
Pterophyllum_Scalare_BB,118.2,807,227,853,292
Pterophyllum_Scalare_W,118.2,1126,141,1181,210
Botia_Almorhae,118.2,622,468,689,600
Pterophyllum_Scalare_Y,118.2,1080,335,1118,408
Corydoras_Panda,118.3,901,489,948,535
Pterophyllum_Scalare_BB,118.3,806,226,848,302
Pterophyllum_Scalare_W,118.3,1127,141,1180,210
Pterophyllum_Scalare_Y,118.3,1081,334,1118,407
Pterophyllum_Scalare_YWB,118.3,630,237,708,334
Pterophyllum_Scalare_B,118.3,729,587,819,682
Pterophyllum_Scalare_BB,118.4,800,226,849,300
Pterophyllum_Scalare_B,118.4,734,584,820,676
Corydoras_Panda,118.4,898,493,952,536
Pterophyllum_Scalare_YWB,118.4,630,237,707,334
Pterophyllum_Scalare_Y,118.4,1082,332,1118,407
Pterophyllum_Scalare_W,118.4,1125,140,1181,208
Pterophyllum_Scalare_W,118.5,1125,141,1181,209
Pterophyllum_Scalare_Y,118.5,1083,332,1118,406
Pterophyllum_Scalare_YWB,118.5,631,236,707,334
Pterophyllum_Scalare_W,118.5,651,454,699,562
Pterophyllum_Scalare_B,118.5,741,581,818,677
Corydoras_Panda,118.5,898,494,953,535
Pterophyllum_Scalare_BB,118.5,797,225,850,294
Pterophyllum_Scalare_B,118.6,746,580,818,675
Pterophyllum_Scalare_YWB,118.6,631,236,707,334
Pterophyllum_Scalare_BB,118.6,793,223,852,291
Corydoras_Panda,118.6,898,496,956,535
Pterophyllum_Scalare_Y,118.6,1084,332,1118,405
Pterophyllum_Scalare_W,118.6,1124,142,1181,210
Pterophyllum_Scalare_BB,118.7,786,221,852,292
Pterophyllum_Scalare_Y,118.7,1084,331,1119,405
Pterophyllum_Scalare_YWB,118.7,633,236,706,333
Botia_Almorhae,118.7,660,443,721,535
Pterophyllum_Scalare_B,118.7,750,581,819,674
Pterophyllum_Scalare_W,118.7,1125,141,1178,211
Corydoras_Panda,118.7,899,494,960,536
Pterophyllum_Scalare_W,118.8,1126,142,1178,212
Corydoras_Panda,118.8,903,495,962,536
Pterophyllum_Scalare_B,118.8,751,582,819,674
Pterophyllum_Scalare_YWB,118.8,634,236,706,332
Pterophyllum_Scalare_Y,118.8,1084,330,1119,405
Pterophyllum_Scalare_BB,118.8,779,220,851,298
Pterophyllum_Scalare_B,118.9,752,583,819,674
Pterophyllum_Scalare_BB,118.9,774,218,847,301
Botia_Almorhae,118.9,643,435,737,509
Pterophyllum_Scalare_W,118.9,1126,142,1180,212
Pterophyllum_Scalare_Y,118.9,1085,329,1120,404
Pterophyllum_Scalare_Y,118.9,634,237,705,331
Pterophyllum_Scalare_YWB,118.9,634,236,705,331
Corydoras_Panda,118.9,905,493,963,533
Corydoras_Panda,119.0,913,489,965,533
Pterophyllum_Scalare_Y,119.0,633,236,703,329
Pterophyllum_Scalare_B,119.0,752,584,819,674
Botia_Almorhae,119.0,638,430,745,497
Pterophyllum_Scalare_BB,119.0,770,216,843,301
Pterophyllum_Scalare_W,119.0,1130,144,1182,212
Pterophyllum_Scalare_Y,119.0,1085,329,1120,403
Botia_Almorhae,119.1,634,428,745,490
Pterophyllum_Scalare_Y,119.1,1085,329,1121,402
Pterophyllum_Scalare_YWB,119.1,633,235,701,327
Corydoras_Panda,119.1,910,487,965,532
Pterophyllum_Scalare_BB,119.1,767,214,840,301
Pterophyllum_Scalare_W,119.1,1126,144,1183,213
Pterophyllum_Scalare_B,119.1,751,582,819,674
Corydoras_Albinos,119.1,343,607,404,642
Pterophyllum_Scalare_YWB,119.2,631,234,699,326
Botia_Almorhae,119.2,629,429,759,488
Pterophyllum_Scalare_BB,119.2,764,211,836,300
Pterophyllum_Scalare_B,119.2,752,585,820,675
Pterophyllum_Scalare_W,119.2,1128,144,1180,213
Pterophyllum_Scalare_Y,119.2,1085,327,1121,401
Corydoras_Panda,119.2,920,484,964,529
Corydoras_Panda,119.3,918,489,966,530
Pterophyllum_Scalare_W,119.3,1128,145,1178,214
Pterophyllum_Scalare_B,119.3,751,585,823,675
Pterophyllum_Scalare_BB,119.3,761,211,834,298
Pterophyllum_Scalare_Y,119.3,1086,326,1122,400
Botia_Almorhae,119.3,626,428,771,484
Pterophyllum_Scalare_YWB,119.3,630,232,698,325
Pterophyllum_Scalare_B,119.4,751,584,824,676
Pterophyllum_Scalare_BB,119.4,757,212,831,299
Pterophyllum_Scalare_Y,119.4,1087,324,1122,399
Pterophyllum_Scalare_W,119.4,1127,146,1178,215
Pterophyllum_Scalare_YWB,119.4,628,229,696,324
Corydoras_Panda,119.4,915,490,966,530
Botia_Almorhae,119.4,622,429,773,484
Pterophyllum_Scalare_BB,119.5,753,212,827,299
Corydoras_Panda,119.5,912,492,968,531
Pterophyllum_Scalare_W,119.5,1128,146,1178,217
Botia_Almorhae,119.5,620,428,768,483
Pterophyllum_Scalare_Y,119.5,1087,323,1122,398
Pterophyllum_Scalare_YWB,119.5,627,229,695,323
Pterophyllum_Scalare_B,119.5,751,583,824,676
Corydoras_Albinos,119.5,341,605,397,640
Pterophyllum_Scalare_BB,119.6,749,213,825,300
Pterophyllum_Scalare_W,119.6,1128,147,1178,217
Pterophyllum_Scalare_YWB,119.6,626,228,693,321
Corydoras_Albinos,119.6,341,603,396,640
Pterophyllum_Scalare_B,119.6,751,584,825,676
Corydoras_Panda,119.6,912,496,972,532
Botia_Almorhae,119.6,616,427,771,484
Pterophyllum_Scalare_Y,119.6,1087,322,1123,397
Pterophyllum_Scalare_BB,119.7,746,214,825,302
Pterophyllum_Scalare_B,119.7,751,584,824,675
Botia_Almorhae,119.7,615,428,768,486
Pterophyllum_Scalare_Y,119.7,1087,321,1122,396
Pterophyllum_Scalare_W,119.7,1129,148,1179,219
Corydoras_Panda,119.7,911,495,978,532
Corydoras_Albinos,119.7,342,598,391,640
Pterophyllum_Scalare_YWB,119.7,624,227,690,321
Pterophyllum_Scalare_BB,119.8,742,214,821,303
Pterophyllum_Scalare_B,119.8,752,585,822,676
Corydoras_Panda,119.8,919,494,978,530
Pterophyllum_Scalare_YWB,119.8,623,226,689,320
Botia_Almorhae,119.8,613,427,766,487
Pterophyllum_Scalare_W,119.8,1127,145,1177,221
Pterophyllum_Scalare_Y,119.8,1088,319,1121,395
Corydoras_Albinos,119.8,340,597,389,640
Corydoras_Panda,119.9,928,486,979,530
Pterophyllum_Scalare_YWB,119.9,621,225,686,320
Corydoras_Albinos,119.9,340,593,388,640
Pterophyllum_Scalare_W,119.9,1131,148,1178,223
Botia_Almorhae,119.9,615,426,765,487
Pterophyllum_Scalare_B,119.9,753,586,823,675
Pterophyllum_Scalare_BB,119.9,738,214,817,304
Pterophyllum_Scalare_Y,119.9,1088,319,1121,393
Pterophyllum_Scalare_B,120.0,755,584,822,673
Pterophyllum_Scalare_BB,120.0,735,215,814,304
Botia_Almorhae,120.0,614,428,764,488
Pterophyllum_Scalare_YWB,120.0,619,225,681,319
Pterophyllum_Scalare_Y,120.0,1089,318,1121,392
Corydoras_Albinos,120.0,340,590,382,638
Pterophyllum_Scalare_W,120.0,1134,152,1180,227
Corydoras_Panda,120.0,935,481,978,528
Pterophyllum_Scalare_B,120.1,756,583,828,672
Corydoras_Albinos,120.1,340,592,381,639
Pterophyllum_Scalare_YWB,120.1,617,225,678,319
Botia_Almorhae,120.1,613,427,764,486
Pterophyllum_Scalare_Y,120.1,1089,317,1120,391
Corydoras_Panda,120.1,937,479,979,528
Pterophyllum_Scalare_W,120.1,1133,154,1181,230
Pterophyllum_Scalare_BB,120.1,731,215,811,304
Pterophyllum_Scalare_W,120.2,1133,156,1179,236
Pterophyllum_Scalare_YWB,120.2,615,225,674,318
Corydoras_Albinos,120.2,341,592,382,639
Pterophyllum_Scalare_B,120.2,756,588,830,674
Botia_Almorhae,120.2,612,427,763,486
Corydoras_Panda,120.2,937,478,978,529
Pterophyllum_Scalare_BB,120.2,726,214,807,304
Pterophyllum_Scalare_Y,120.2,1091,315,1119,389
Pterophyllum_Scalare_YWB,120.3,613,224,669,319
Pterophyllum_Scalare_Y,120.3,1092,316,1118,388
Pterophyllum_Scalare_W,120.3,1133,157,1180,241
Corydoras_Albinos,120.3,339,588,381,637
Botia_Almorhae,120.3,610,427,764,486
Pterophyllum_Scalare_B,120.3,756,588,830,674
Pterophyllum_Scalare_BB,120.3,720,215,801,304
Pterophyllum_Scalare_BB,120.4,715,215,797,306
Pterophyllum_Scalare_W,120.4,1133,160,1178,246
Corydoras_Albinos,120.4,339,587,373,636
Corydoras_Panda,120.4,930,482,978,528
Pterophyllum_Scalare_B,120.4,756,590,830,675
Botia_Almorhae,120.4,611,427,766,486
Pterophyllum_Scalare_YWB,120.4,610,224,666,319
Pterophyllum_Scalare_Y,120.4,1092,313,1118,388
Pterophyllum_Scalare_BB,120.5,710,214,792,306
Pterophyllum_Scalare_W,120.5,1134,165,1177,252
Pterophyllum_Scalare_Y,120.5,1093,311,1118,387
Botia_Almorhae,120.5,609,426,765,485
Corydoras_Panda,120.5,930,480,976,529
Pterophyllum_Scalare_B,120.5,756,595,830,675
Pterophyllum_Scalare_YWB,120.5,608,225,661,319
Corydoras_Albinos,120.5,338,590,372,639
Botia_Almorhae,120.6,609,427,765,485
Pterophyllum_Scalare_YWB,120.6,606,225,658,318
Pterophyllum_Scalare_B,120.6,757,595,830,677
Corydoras_Panda,120.6,930,485,976,525
Corydoras_Albinos,120.6,338,592,371,640
Pterophyllum_Scalare_Y,120.6,1094,310,1117,386
Pterophyllum_Scalare_W,120.6,1137,170,1175,258
Pterophyllum_Scalare_BB,120.6,704,215,787,306
G_Matriarche,120.7,313,119,359,158
Pterophyllum_Scalare_BB,120.7,697,218,782,306
Pterophyllum_Scalare_Y,120.7,1094,320,1116,386
Pterophyllum_Scalare_YWB,120.7,604,226,654,317
Pterophyllum_Scalare_B,120.7,756,595,831,677
Corydoras_Albinos,120.7,340,587,373,637
Pterophyllum_Scalare_W,120.7,1139,174,1174,265
Botia_Almorhae,120.7,609,426,765,485
Pterophyllum_Scalare_Y,120.8,1095,321,1116,385
Pterophyllum_Scalare_YWB,120.8,602,227,651,317
Pterophyllum_Scalare_W,120.8,1140,179,1172,273
Pterophyllum_Scalare_BB,120.8,691,220,774,306
Corydoras_Albinos,120.8,340,590,375,636
Botia_Almorhae,120.8,609,427,765,485
G_Matriarche,120.8,311,120,358,160
Corydoras_Albinos,120.9,339,596,376,639
Pterophyllum_Scalare_BB,120.9,685,219,767,306
Pterophyllum_Scalare_W,120.9,1141,185,1173,281
Botia_Almorhae,120.9,609,427,765,486
Pterophyllum_Scalare_Y,120.9,1095,320,1117,384
Pterophyllum_Scalare_B,120.9,757,591,833,678
Pterophyllum_Scalare_YWB,120.9,600,226,649,315
G_Matriarche,120.9,310,120,356,160
Pterophyllum_Scalare_Y,121.0,953,474,981,531
Pterophyllum_Scalare_Y,121.0,1095,317,1118,384
G_Matriarche,121.0,306,119,354,161
Corydoras_Albinos,121.0,340,590,381,639
Pterophyllum_Scalare_B,121.0,756,590,833,678
Botia_Almorhae,121.0,609,427,766,485
Pterophyllum_Scalare_YWB,121.0,599,224,648,315
Pterophyllum_Scalare_BB,121.0,679,219,762,306
Pterophyllum_Scalare_W,121.0,1142,192,1174,287
Corydoras_Albinos,121.1,339,598,382,640
Pterophyllum_Scalare_BB,121.1,669,218,753,306
Pterophyllum_Scalare_W,121.1,1142,198,1173,295
Pterophyllum_Scalare_Y,121.1,1095,309,1118,384
Pterophyllum_Scalare_B,121.1,757,591,833,678
Botia_Striata,121.1,366,552,405,591
Pterophyllum_Scalare_YWB,121.1,598,224,646,314
Botia_Almorhae,121.1,608,426,765,485
Corydoras_Albinos,121.2,340,595,385,638
Pterophyllum_Scalare_W,121.2,1141,205,1174,303
Pterophyllum_Scalare_BB,121.2,661,218,745,306
G_Matriarche,121.2,302,122,366,156
Botia_Almorhae,121.2,610,425,755,484
Pterophyllum_Scalare_B,121.2,757,590,832,678
Pterophyllum_Scalare_Y,121.2,1096,309,1120,383
Pterophyllum_Scalare_YWB,121.2,598,222,645,314
G_Matriarche,121.3,295,124,372,155
Pterophyllum_Scalare_W,121.3,1140,211,1174,310
Botia_Almorhae,121.3,611,423,759,481
Pterophyllum_Scalare_YWB,121.3,597,222,645,313
Pterophyllum_Scalare_B,121.3,756,595,831,679
Pterophyllum_Scalare_Y,121.3,1096,305,1120,382
Corydoras_Albinos,121.3,340,601,388,640
Pterophyllum_Scalare_BB,121.3,653,219,736,305
Botia_Almorhae,121.4,611,419,743,474
Pterophyllum_Scalare_YWB,121.4,597,221,643,312
Pterophyllum_Scalare_BB,121.4,646,218,729,303
G_Matriarche,121.4,295,125,375,156
Pterophyllum_Scalare_Y,121.4,1096,307,1120,382
Botia_Striata,121.4,348,542,404,582
Pterophyllum_Scalare_W,121.4,1139,218,1174,318
Corydoras_Albinos,121.4,340,604,391,640
G_Matriarche,121.5,298,127,378,158
Corydoras_Albinos,121.5,340,606,398,641
Pterophyllum_Scalare_Y,121.5,1095,304,1119,382
Pterophyllum_Scalare_YWB,121.5,596,220,642,311
Pterophyllum_Scalare_W,121.5,1139,225,1174,321
Botia_Almorhae,121.5,613,415,742,466
Pterophyllum_Scalare_BB,121.5,639,218,720,302
Pterophyllum_Scalare_Y,121.6,1094,304,1120,382
G_Matriarche,121.6,299,130,380,159
Corydoras_Albinos,121.6,340,605,394,640
Pterophyllum_Scalare_W,121.6,1138,231,1175,329
Pterophyllum_Scalare_BB,121.6,635,218,709,301
Pterophyllum_Scalare_B,121.6,747,597,818,690
Botia_Almorhae,121.6,618,412,719,461
Pterophyllum_Scalare_YWB,121.6,595,220,638,310
G_Matriarche,121.7,307,131,382,161
Pterophyllum_Scalare_W,121.7,1139,237,1174,334
Pterophyllum_Scalare_B,121.7,745,597,815,691
Corydoras_Albinos,121.7,340,607,394,641
Botia_Almorhae,121.7,621,407,717,464
Pterophyllum_Scalare_YWB,121.7,594,219,635,309
Pterophyllum_Scalare_Y,121.7,1092,302,1121,382
Pterophyllum_Scalare_BB,121.7,630,217,699,300
Corydoras_Albinos,121.8,340,608,400,642
Pterophyllum_Scalare_BB,121.8,628,216,690,305
Pterophyllum_Scalare_W,121.8,1139,242,1174,339
G_Matriarche,121.8,315,127,391,164
Botia_Almorhae,121.8,623,403,706,467
Pterophyllum_Scalare_YWB,121.8,593,218,633,309
Pterophyllum_Scalare_Y,121.8,1090,301,1121,381
Corydoras_Albinos,121.9,338,608,395,642
Pterophyllum_Scalare_B,121.9,736,598,808,694
Pterophyllum_Scalare_Y,121.9,1091,302,1122,380
Corydoras_Panda,121.9,930,485,980,532
G_Matriarche,121.9,327,130,400,170
Pterophyllum_Scalare_W,121.9,1138,247,1174,344
Pterophyllum_Scalare_BB,121.9,588,215,681,309
Botia_Almorhae,122.0,629,394,689,465
Pterophyllum_Scalare_Y,122.0,1095,321,1123,380
Botia_Almorhae,122.0,295,534,384,566
Botia_Striata,122.0,630,395,688,466
Corydoras_Panda,122.0,926,488,980,532
Corydoras_Albinos,122.0,338,605,394,642
Pterophyllum_Scalare_W,122.0,1137,251,1174,348
Pterophyllum_Scalare_BB,122.0,583,213,673,310
G_Matriarche,122.0,330,135,405,177
Pterophyllum_Scalare_B,122.0,735,599,805,699
Pterophyllum_Scalare_BB,122.1,577,212,665,309
Pterophyllum_Scalare_W,122.1,1137,255,1174,351
G_Matriarche,122.1,334,139,412,184
Corydoras_Albinos,122.1,337,606,396,643
Corydoras_Panda,122.1,923,493,982,532
Pterophyllum_Scalare_Y,122.1,1098,317,1122,379
G_Matriarche,122.1,634,381,676,472
Botia_Almorhae,122.1,292,531,377,570
Pterophyllum_Scalare_B,122.1,734,605,806,699
Pterophyllum_Scalare_W,122.2,1136,260,1174,357
Corydoras_Albinos,122.2,337,601,393,641
Pterophyllum_Scalare_BB,122.2,569,211,657,306
Corydoras_Panda,122.2,927,491,987,534
Pterophyllum_Scalare_B,122.2,730,603,806,699
G_Matriarche,122.2,339,143,417,191
Botia_Almorhae,122.3,266,541,352,571
Pterophyllum_Scalare_YWB,122.3,561,210,650,305
Corydoras_Panda,122.3,928,490,986,532
Pterophyllum_Scalare_B,122.3,733,601,803,698
G_Matriarche,122.3,343,149,420,197
Corydoras_Albinos,122.3,335,600,392,641
Pterophyllum_Scalare_W,122.3,1134,264,1173,363
Corydoras_Panda,122.4,933,487,994,531
Corydoras_Albinos,122.4,334,600,390,643
G_Matriarche,122.4,346,155,424,204
Pterophyllum_Scalare_YWB,122.4,553,209,638,302
Pterophyllum_Scalare_W,122.4,1132,268,1173,368
Pterophyllum_Scalare_B,122.4,736,602,805,693
G_Matriarche,122.5,350,161,430,211
Pterophyllum_Scalare_W,122.5,1132,274,1173,371
Pterophyllum_Scalare_Y,122.5,1089,309,1124,379
Pterophyllum_Scalare_YWB,122.5,543,207,629,303
Corydoras_Albinos,122.5,334,602,390,644
Pterophyllum_Scalare_YWB,122.6,535,205,622,302
G_Matriarche,122.6,352,167,432,213
Pterophyllum_Scalare_W,122.6,1131,278,1173,375
Corydoras_Albinos,122.6,334,601,390,644
Pterophyllum_Scalare_Y,122.6,1093,305,1124,378
Pterophyllum_Scalare_YWB,122.7,527,205,615,302
Pterophyllum_Scalare_W,122.7,1130,282,1173,379
Corydoras_Albinos,122.7,333,602,391,644
G_Matriarche,122.7,356,175,436,217
Pterophyllum_Scalare_B,122.7,739,590,814,682
Pterophyllum_Scalare_Y,122.7,961,474,1001,553
Pterophyllum_Scalare_Y,122.7,1089,304,1125,379
Pterophyllum_Scalare_YWB,122.8,518,204,608,302
Corydoras_Albinos,122.8,334,599,390,645
Pterophyllum_Scalare_Y,122.8,1091,304,1125,380
Pterophyllum_Scalare_B,122.8,738,588,816,679
G_Matriarche,122.8,360,184,439,221
Botia_Almorhae,122.8,254,545,324,574
Pterophyllum_Scalare_Y,122.8,970,467,1001,546
Pterophyllum_Scalare_W,122.8,1130,287,1173,383
Pterophyllum_Scalare_Y,122.9,1095,305,1124,380
Botia_Almorhae,122.9,252,545,325,575
Pterophyllum_Scalare_W,122.9,1129,292,1173,388
Pterophyllum_Scalare_YWB,122.9,507,204,603,302
Pterophyllum_Scalare_B,122.9,738,587,815,677
Pterophyllum_Scalare_Y,122.9,969,469,999,534
Corydoras_Albinos,122.9,625,426,668,475
G_Matriarche,122.9,362,192,442,225
Corydoras_Albinos,122.9,333,600,387,646
Pterophyllum_Scalare_Y,123.0,1094,305,1125,381
Pterophyllum_Scalare_B,123.0,739,587,801,676
Pterophyllum_Scalare_YWB,123.0,495,208,600,302
Pterophyllum_Scalare_W,123.0,1130,296,1173,392
Corydoras_Albinos,123.0,623,431,662,473
Pterophyllum_Scalare_Y,123.0,970,468,999,536
G_Matriarche,123.0,364,198,444,229
Corydoras_Albinos,123.0,332,603,389,646
G_Matriarche,123.1,368,204,447,233
Pterophyllum_Scalare_Y,123.1,1092,304,1123,381
Pterophyllum_Scalare_W,123.1,1129,301,1172,397
Corydoras_Albinos,123.1,331,598,383,645
Pterophyllum_Scalare_B,123.1,740,585,804,676
Pterophyllum_Scalare_Y,123.1,968,474,996,531
Pterophyllum_Scalare_YWB,123.1,486,219,596,303
Corydoras_Albinos,123.1,621,432,660,473
Pterophyllum_Scalare_BB,123.2,475,203,542,242
Corydoras_Albinos,123.2,620,434,657,472
Pterophyllum_Scalare_W,123.2,1129,305,1172,402
Pterophyllum_Scalare_Y,123.2,1091,304,1123,383
Corydoras_Albinos,123.2,332,597,383,646
G_Matriarche,123.2,381,210,446,237
Pterophyllum_Scalare_B,123.2,739,582,809,677
Pterophyllum_Scalare_YWB,123.2,500,220,593,304
Pterophyllum_Scalare_YWB,123.3,513,221,589,307
Corydoras_Albinos,123.3,332,595,380,646
G_Matriarche,123.3,389,214,450,241
Pterophyllum_Scalare_W,123.3,1127,309,1172,406
Pterophyllum_Scalare_B,123.3,738,583,810,677
Pterophyllum_Scalare_Y,123.3,1089,305,1124,385
Pterophyllum_Scalare_BB,123.3,467,202,533,278
G_Matriarche,123.4,399,217,453,245
Botia_Almorhae,123.4,583,472,624,550
Botia_Striata,123.4,246,554,308,582
Pterophyllum_Scalare_B,123.4,738,586,815,677
Pterophyllum_Scalare_YWB,123.4,505,222,584,309
Pterophyllum_Scalare_BB,123.4,459,202,521,281
Corydoras_Albinos,123.4,333,587,377,647
Pterophyllum_Scalare_W,123.4,1126,315,1171,410
Pterophyllum_Scalare_Y,123.4,1087,303,1123,388
Corydoras_Albinos,123.5,334,591,378,648
Pterophyllum_Scalare_BB,123.5,455,203,512,283
Pterophyllum_Scalare_YWB,123.5,495,223,582,310
G_Matriarche,123.5,406,220,455,248
Botia_Almorhae,123.5,579,472,624,558
Botia_Striata,123.5,242,556,300,586
Pterophyllum_Scalare_B,123.5,739,589,812,678
Pterophyllum_Scalare_W,123.5,1127,318,1171,414
Pterophyllum_Scalare_Y,123.5,1084,304,1125,391
Pterophyllum_Scalare_Y,123.6,1081,304,1125,393
Pterophyllum_Scalare_YWB,123.6,491,224,578,312
Pterophyllum_Scalare_BB,123.6,447,203,503,285
Botia_Almorhae,123.6,575,472,623,564
Botia_Striata,123.6,234,557,286,593
G_Matriarche,123.6,410,224,452,250
Pterophyllum_Scalare_B,123.6,740,587,811,678
Corydoras_Albinos,123.6,334,596,384,648
Pterophyllum_Scalare_W,123.6,1126,323,1171,419
Pterophyllum_Scalare_Y,123.7,1080,307,1126,395
Corydoras_Albinos,123.7,334,600,388,649
Pterophyllum_Scalare_BB,123.7,435,204,498,288
Pterophyllum_Scalare_B,123.7,739,586,812,680
Botia_Striata,123.7,225,559,283,593
Pterophyllum_Scalare_Y,123.7,963,479,988,530
Pterophyllum_Scalare_YWB,123.7,487,225,575,314
Pterophyllum_Scalare_W,123.7,1126,327,1171,422
Pterophyllum_Scalare_YWB,123.8,483,225,572,315
Corydoras_Albinos,123.8,334,599,387,650
Pterophyllum_Scalare_Y,123.8,1077,307,1125,398
Pterophyllum_Scalare_W,123.8,1126,332,1171,427
Pterophyllum_Scalare_BB,123.8,420,205,492,290
Pterophyllum_Scalare_B,123.8,738,586,817,681
Pterophyllum_Scalare_YWB,123.9,481,226,571,316
Corydoras_Albinos,123.9,334,603,387,652
Pterophyllum_Scalare_Y,123.9,1076,308,1126,399
Pterophyllum_Scalare_B,123.9,739,586,815,678
Botia_Striata,123.9,208,559,271,598
Pterophyllum_Scalare_BB,123.9,414,207,484,291
Pterophyllum_Scalare_W,123.9,1125,336,1171,431
Pterophyllum_Scalare_Y,124.0,1075,311,1128,401
Pterophyllum_Scalare_W,124.0,1124,341,1171,434
Pterophyllum_Scalare_YWB,124.0,479,226,568,317
Pterophyllum_Scalare_BB,124.0,407,208,477,292
Botia_Almorhae,124.0,561,470,618,589
Botia_Striata,124.0,207,559,262,595
Pterophyllum_Scalare_B,124.0,739,587,815,679
Corydoras_Albinos,124.0,334,600,382,653
Pterophyllum_Scalare_BB,124.1,402,209,473,294
Pterophyllum_Scalare_YWB,124.1,476,228,567,318
Pterophyllum_Scalare_B,124.1,738,587,816,680
Botia_Striata,124.1,205,559,261,597
Pterophyllum_Scalare_Y,124.1,1073,313,1128,403
Pterophyllum_Scalare_W,124.1,1124,345,1171,438
Corydoras_Albinos,124.1,335,603,380,653
Pterophyllum_Scalare_Y,124.2,1070,315,1126,405
Pterophyllum_Scalare_YWB,124.2,475,229,566,318
Pterophyllum_Scalare_BB,124.2,397,210,469,296
Pterophyllum_Scalare_W,124.2,1124,349,1170,443
Corydoras_Albinos,124.2,337,596,377,652
Botia_Striata,124.2,205,559,259,598
Pterophyllum_Scalare_B,124.2,738,587,816,679
Pterophyllum_Scalare_B,124.3,738,587,817,678
Corydoras_Albinos,124.3,339,595,378,652
Pterophyllum_Scalare_BB,124.3,386,211,461,297
Pterophyllum_Scalare_YWB,124.3,473,230,565,319
Pterophyllum_Scalare_Y,124.3,1068,317,1126,408
Pterophyllum_Scalare_W,124.3,1123,354,1170,448
Botia_Striata,124.3,204,560,258,599
Pterophyllum_Scalare_Y,124.4,1065,320,1125,411
Pterophyllum_Scalare_W,124.4,1123,359,1169,452
Pterophyllum_Scalare_YWB,124.4,472,232,564,319
Corydoras_Albinos,124.4,339,589,375,651
Pterophyllum_Scalare_B,124.4,738,587,817,681
Pterophyllum_Scalare_BB,124.4,377,214,450,297
Botia_Striata,124.4,204,562,256,599
Pterophyllum_Scalare_W,124.5,1121,363,1168,457
Pterophyllum_Scalare_YWB,124.5,470,233,563,320
Pterophyllum_Scalare_Y,124.5,1062,323,1123,414
Corydoras_Albinos,124.5,338,595,378,650
Botia_Striata,124.5,202,564,251,598
Pterophyllum_Scalare_B,124.5,738,585,813,680
Pterophyllum_Scalare_BB,124.5,369,216,444,297
Pterophyllum_Scalare_BB,124.6,361,217,438,299
Pterophyllum_Scalare_Y,124.6,1058,326,1122,417
Pterophyllum_Scalare_YWB,124.6,469,233,562,320
Pterophyllum_Scalare_B,124.6,737,582,814,679
Pterophyllum_Scalare_W,124.6,339,589,370,651
Botia_Striata,124.6,201,563,253,599
Pterophyllum_Scalare_W,124.6,1121,368,1168,462
Pterophyllum_Scalare_W,124.7,1121,373,1167,466
Pterophyllum_Scalare_Y,124.7,1055,329,1120,421
Pterophyllum_Scalare_YWB,124.7,466,234,561,322
Pterophyllum_Scalare_BB,124.7,354,217,429,299
Pterophyllum_Scalare_W,124.7,549,498,603,571
Pterophyllum_Scalare_B,124.7,739,581,816,679
Pterophyllum_Scalare_Y,124.8,1052,333,1119,424
Pterophyllum_Scalare_W,124.8,547,506,604,583
Pterophyllum_Scalare_W,124.8,338,588,369,651
Botia_Almorhae,124.8,185,557,254,600
Pterophyllum_Scalare_BB,124.8,347,217,421,300
Pterophyllum_Scalare_W,124.8,1123,379,1168,470
Pterophyllum_Scalare_YWB,124.8,464,235,556,323
Pterophyllum_Scalare_B,124.8,740,580,817,676
Pterophyllum_Scalare_W,124.9,339,587,370,652
Pterophyllum_Scalare_YWB,124.9,461,236,553,324
Botia_Almorhae,124.9,185,562,252,596
Pterophyllum_Scalare_BB,124.9,341,219,416,301
Pterophyllum_Scalare_Y,124.9,1046,336,1115,426
Pterophyllum_Scalare_B,124.9,741,578,819,676
Pterophyllum_Scalare_W,124.9,1125,385,1168,475
Pterophyllum_Scalare_YWB,125.0,457,237,549,325
Pterophyllum_Scalare_BB,125.0,335,219,410,301
Pterophyllum_Scalare_Y,125.0,1042,340,1112,428
Pterophyllum_Scalare_W,125.0,338,587,370,652
Botia_Striata,125.0,158,559,231,597
Pterophyllum_Scalare_B,125.0,741,576,823,675
Pterophyllum_Scalare_W,125.0,1130,393,1170,479
Pterophyllum_Scalare_Y,125.1,1037,344,1107,430
Pterophyllum_Scalare_YWB,125.1,452,237,544,326
Pterophyllum_Scalare_B,125.1,743,575,824,674
Pterophyllum_Scalare_W,125.1,1133,399,1171,485
Pterophyllum_Scalare_BB,125.1,328,219,405,302
Botia_Striata,125.1,155,559,213,594
Botia_Striata,125.2,146,551,204,595
Pterophyllum_Scalare_B,125.2,743,573,825,674
Pterophyllum_Scalare_Y,125.2,1033,347,1103,429
Pterophyllum_Scalare_BB,125.2,322,220,399,302
Pterophyllum_Scalare_YWB,125.2,450,236,541,327
Pterophyllum_Scalare_W,125.2,1135,405,1171,490
Pterophyllum_Scalare_B,125.3,745,571,825,671
Pterophyllum_Scalare_W,125.3,1135,411,1172,494
Pterophyllum_Scalare_W,125.3,341,590,372,652
Botia_Striata,125.3,142,551,202,595
Pterophyllum_Scalare_BB,125.3,318,219,395,303
Pterophyllum_Scalare_YWB,125.3,445,236,537,329
Pterophyllum_Scalare_Y,125.3,1027,350,1098,430
Pterophyllum_Scalare_Y,125.4,1020,353,1091,429
Pterophyllum_Scalare_W,125.4,1136,414,1172,499
Botia_Striata,125.4,142,550,199,595
Pterophyllum_Scalare_B,125.4,747,572,826,671
Pterophyllum_Scalare_YWB,125.4,442,235,535,330
Pterophyllum_Scalare_BB,125.4,313,219,391,304
Botia_Striata,125.5,142,550,197,595
Corydoras_Panda,125.5,924,485,967,527
Pterophyllum_Scalare_BB,125.5,308,219,388,305
Pterophyllum_Scalare_W,125.5,340,590,371,652
Botia_Striata,125.5,522,429,558,458
Pterophyllum_Scalare_YWB,125.5,439,233,533,332
Pterophyllum_Scalare_W,125.5,1135,417,1172,503
Pterophyllum_Scalare_B,125.5,749,570,827,671
Pterophyllum_Scalare_Y,125.5,1014,356,1083,429
Corydoras_Albinos,125.5,717,631,766,662
Pterophyllum_Scalare_W,125.6,1135,421,1172,507
Botia_Striata,125.6,145,551,196,594
Pterophyllum_Scalare_Y,125.6,1007,356,1078,429
Corydoras_Albinos,125.6,340,591,374,652
Corydoras_Albinos,125.6,717,631,774,663
Pterophyllum_Scalare_YWB,125.6,437,232,531,333
Corydoras_Panda,125.6,922,490,973,527
Pterophyllum_Scalare_BB,125.6,303,220,383,305
Pterophyllum_Scalare_B,125.6,750,570,831,671
Pterophyllum_Scalare_W,125.7,1135,424,1172,511
Pterophyllum_Scalare_YWB,125.7,435,232,529,334
Corydoras_Panda,125.7,917,485,974,527
Pterophyllum_Scalare_BB,125.7,299,220,379,307
Pterophyllum_Scalare_Y,125.7,1000,356,1073,429
Pterophyllum_Scalare_B,125.7,751,569,831,669
Botia_Striata,125.7,145,550,191,593
Corydoras_Albinos,125.7,718,631,776,663
Corydoras_Albinos,125.7,338,594,377,653
Pterophyllum_Scalare_W,125.8,1135,428,1171,514
Pterophyllum_Scalare_BB,125.8,295,220,376,309
Pterophyllum_Scalare_YWB,125.8,434,232,526,336
Pterophyllum_Scalare_Y,125.8,992,358,1064,427
Corydoras_Panda,125.8,922,486,975,526
Pterophyllum_Scalare_B,125.8,752,568,833,673
Corydoras_Panda,125.9,927,479,975,525
Corydoras_Albinos,125.9,340,596,377,653
Pterophyllum_Scalare_YWB,125.9,433,231,524,337
Pterophyllum_Scalare_Y,125.9,986,358,1057,427
Pterophyllum_Scalare_B,125.9,754,567,836,673
Pterophyllum_Scalare_W,125.9,1134,432,1171,518
Pterophyllum_Scalare_BB,125.9,291,220,374,311
Corydoras_Albinos,126.0,341,599,376,652
Pterophyllum_Scalare_W,126.0,1133,436,1171,523
Corydoras_Panda,126.0,927,479,977,526
Botia_Almorhae,126.0,472,598,586,662
Pterophyllum_Scalare_BB,126.0,287,220,371,313
Pterophyllum_Scalare_Y,126.0,979,359,1050,424
Pterophyllum_Scalare_YWB,126.0,433,231,523,338
Pterophyllum_Scalare_B,126.0,758,565,837,671
Corydoras_Albinos,126.1,340,603,375,652
Corydoras_Panda,126.1,927,480,977,525
Pterophyllum_Scalare_W,126.1,1133,438,1171,526
Pterophyllum_Scalare_BB,126.1,285,221,368,314
Pterophyllum_Scalare_B,126.1,761,563,839,667
Pterophyllum_Scalare_YWB,126.1,433,231,522,338
Pterophyllum_Scalare_Y,126.1,974,358,1044,423
Corydoras_Panda,126.2,927,482,980,525
Pterophyllum_Scalare_B,126.2,762,562,845,667
Pterophyllum_Scalare_Y,126.2,965,358,1037,422
Pterophyllum_Scalare_YWB,126.2,432,232,521,338
Pterophyllum_Scalare_W,126.2,1133,441,1170,531
Pterophyllum_Scalare_BB,126.2,282,222,365,316
Pterophyllum_Scalare_Y,126.3,955,359,1030,418
Corydoras_Panda,126.3,931,479,981,525
Pterophyllum_Scalare_YWB,126.3,432,232,523,337
Pterophyllum_Scalare_B,126.3,765,562,851,669
Pterophyllum_Scalare_W,126.3,1133,444,1169,534
Pterophyllum_Scalare_BB,126.3,280,223,363,317
Botia_Almorhae,126.3,436,618,562,655
Pterophyllum_Scalare_YWB,126.4,432,232,522,337
Corydoras_Panda,126.4,934,481,981,525
Pterophyllum_Scalare_B,126.4,767,562,855,668
Pterophyllum_Scalare_W,126.4,1132,448,1169,537
Botia_Almorhae,126.4,425,619,547,657
Pterophyllum_Scalare_Y,126.4,951,358,1021,418
Pterophyllum_Scalare_BB,126.4,278,224,362,319
Pterophyllum_Scalare_Y,126.5,945,359,1016,419
Pterophyllum_Scalare_BB,126.5,277,225,362,320
Corydoras_Panda,126.5,937,478,982,524
Pterophyllum_Scalare_B,126.5,769,562,857,666
Pterophyllum_Scalare_YWB,126.5,432,233,519,338
Botia_Almorhae,126.5,416,615,545,657
Pterophyllum_Scalare_W,126.5,1132,451,1169,540
Pterophyllum_Scalare_Y,126.6,942,358,1009,418
Pterophyllum_Scalare_YWB,126.6,433,232,518,338
Corydoras_Panda,126.6,938,479,982,524
Pterophyllum_Scalare_W,126.6,1132,454,1168,543
Pterophyllum_Scalare_BB,126.6,276,226,360,321
Botia_Almorhae,126.6,410,614,537,656
Pterophyllum_Scalare_B,126.6,770,562,858,668
Pterophyllum_Scalare_YWB,126.7,433,234,518,338
Botia_Almorhae,126.7,398,612,534,653
Pterophyllum_Scalare_B,126.7,772,562,859,668
Pterophyllum_Scalare_Y,126.7,936,357,1004,416
Pterophyllum_Scalare_W,126.7,1131,456,1168,544
Pterophyllum_Scalare_BB,126.7,275,227,359,322
Pterophyllum_Scalare_B,126.8,773,563,860,667
Botia_Almorhae,126.8,388,610,524,657
Pterophyllum_Scalare_W,126.8,1131,458,1167,546
Pterophyllum_Scalare_BB,126.8,274,228,358,324
Pterophyllum_Scalare_YWB,126.8,434,235,518,339
Pterophyllum_Scalare_Y,126.8,932,356,997,415
Corydoras_Panda,126.9,937,481,983,523
Pterophyllum_Scalare_W,126.9,1130,460,1167,548
Pterophyllum_Scalare_YWB,126.9,434,236,518,339
Pterophyllum_Scalare_BB,126.9,272,229,357,325
Botia_Almorhae,126.9,388,611,516,660
Pterophyllum_Scalare_Y,126.9,928,357,989,411
Pterophyllum_Scalare_B,126.9,774,563,861,665
Pterophyllum_Scalare_BB,127.0,272,234,357,326
Pterophyllum_Scalare_B,127.0,775,562,864,664
Pterophyllum_Scalare_Y,127.0,923,357,982,410
Pterophyllum_Scalare_YWB,127.0,434,236,519,339
Pterophyllum_Scalare_W,127.0,1130,462,1166,551
Pterophyllum_Scalare_B,127.1,776,562,865,662
Pterophyllum_Scalare_Y,127.1,917,357,977,415
Pterophyllum_Scalare_BB,127.1,271,242,355,327
Pterophyllum_Scalare_YWB,127.1,435,238,516,339
Pterophyllum_Scalare_W,127.1,1130,464,1166,552
Corydoras_Albinos,127.1,342,602,379,647
Pterophyllum_Scalare_Y,127.2,914,356,967,413
Corydoras_Albinos,127.2,336,599,381,652
Pterophyllum_Scalare_BB,127.2,270,242,355,329
Pterophyllum_Scalare_W,127.2,1130,467,1165,555
Botia_Striata,127.2,110,537,163,574
Pterophyllum_Scalare_YWB,127.2,435,240,515,341
Pterophyllum_Scalare_B,127.2,777,562,864,659
Pterophyllum_Scalare_BB,127.3,271,244,352,333
Pterophyllum_Scalare_B,127.3,777,561,864,658
Pterophyllum_Scalare_W,127.3,1129,470,1165,557
Pterophyllum_Scalare_YWB,127.3,437,241,516,343
Pterophyllum_Scalare_Y,127.3,911,355,964,411
Corydoras_Albinos,127.3,336,600,380,650
Pterophyllum_Scalare_B,127.4,778,562,865,658
Botia_Almorhae,127.4,377,628,507,667
Pterophyllum_Scalare_W,127.4,1128,472,1164,560
Pterophyllum_Scalare_YWB,127.4,443,243,514,347
Pterophyllum_Scalare_BB,127.4,271,242,350,336
Corydoras_Albinos,127.4,339,601,381,648
Pterophyllum_Scalare_Y,127.4,907,357,956,414
Pterophyllum_Scalare_YWB,127.5,446,242,508,352
Pterophyllum_Scalare_BB,127.5,270,242,348,339
Corydoras_Albinos,127.5,339,601,383,648
Pterophyllum_Scalare_Y,127.5,902,356,950,417
Pterophyllum_Scalare_B,127.5,778,561,865,657
Botia_Almorhae,127.5,373,631,507,673
Pterophyllum_Scalare_W,127.5,1128,474,1163,562
Pterophyllum_Scalare_W,127.6,1127,476,1163,564
Pterophyllum_Scalare_YWB,127.6,443,246,502,355
Botia_Almorhae,127.6,374,635,505,680
Pterophyllum_Scalare_Y,127.6,899,357,948,413
Pterophyllum_Scalare_BB,127.6,269,244,344,343
Corydoras_Albinos,127.6,337,602,383,648
Pterophyllum_Scalare_B,127.6,778,560,864,657
Pterophyllum_Scalare_BB,127.7,267,248,341,346
Corydoras_Panda,127.7,945,478,1005,519
Pterophyllum_Scalare_B,127.7,778,560,864,656
Pterophyllum_Scalare_W,127.7,1127,479,1162,566
Corydoras_Albinos,127.7,338,603,384,649
Pterophyllum_Scalare_YWB,127.7,441,251,497,359
Pterophyllum_Scalare_Y,127.7,896,358,944,413
Botia_Striata,127.7,521,429,558,457
Botia_Almorhae,127.7,375,638,502,681
Pterophyllum_Scalare_BB,127.8,266,252,337,352
Corydoras_Panda,127.8,950,482,1008,519
Botia_Almorhae,127.8,375,638,504,682
Corydoras_Albinos,127.8,334,605,385,650
Pterophyllum_Scalare_Y,127.8,892,358,937,414
Pterophyllum_Scalare_W,127.8,1125,481,1162,569
Pterophyllum_Scalare_B,127.8,778,560,864,657
Pterophyllum_Scalare_YWB,127.8,440,254,491,364
Botia_Almorhae,127.9,374,638,505,682
Corydoras_Panda,127.9,952,486,1009,516
Pterophyllum_Scalare_Y,127.9,890,355,933,413
Pterophyllum_Scalare_B,127.9,778,560,864,656
Pterophyllum_Scalare_W,127.9,1125,484,1161,573
Pterophyllum_Scalare_BB,127.9,264,256,333,357
Pterophyllum_Scalare_YWB,127.9,442,259,489,369
Pterophyllum_Scalare_BB,128.0,262,260,329,361
Pterophyllum_Scalare_B,128.0,778,559,864,657
Botia_Almorhae,128.0,374,638,506,682
Pterophyllum_Scalare_Y,128.0,888,359,928,413
Pterophyllum_Scalare_YWB,128.0,444,262,491,374
Corydoras_Panda,128.0,955,488,1018,515
Pterophyllum_Scalare_W,128.0,1124,487,1160,577
Botia_Almorhae,128.1,374,638,507,682
Corydoras_Panda,128.1,956,486,1022,516
Pterophyllum_Scalare_B,128.1,778,559,863,656
Pterophyllum_Scalare_Y,128.1,884,359,923,417
Pterophyllum_Scalare_YWB,128.1,448,268,494,379
Pterophyllum_Scalare_W,128.1,1124,491,1160,580
Pterophyllum_Scalare_BB,128.1,261,263,323,364
Pterophyllum_Scalare_B,128.2,778,559,863,656
Botia_Almorhae,128.2,372,638,505,682
Pterophyllum_Scalare_YWB,128.2,449,271,494,383
Botia_Striata,128.2,520,429,558,458
Corydoras_Panda,128.2,961,485,1025,514
Pterophyllum_Scalare_Y,128.2,884,358,921,416
Pterophyllum_Scalare_W,128.2,1124,495,1159,582
Pterophyllum_Scalare_BB,128.2,259,266,319,369
Botia_Almorhae,128.3,374,638,506,682
Pterophyllum_Scalare_YWB,128.3,451,275,496,389
Pterophyllum_Scalare_W,128.3,1124,498,1159,583
Corydoras_Albinos,128.3,335,610,388,652
Pterophyllum_Scalare_BB,128.3,256,269,315,374
Pterophyllum_Scalare_B,128.3,778,558,863,655
Pterophyllum_Scalare_BB,128.4,253,273,311,379
Botia_Almorhae,128.4,375,639,507,682
Pterophyllum_Scalare_W,128.4,1124,502,1159,586
Pterophyllum_Scalare_B,128.4,778,557,864,654
Pterophyllum_Scalare_YWB,128.4,455,281,498,394
Corydoras_Albinos,128.4,335,609,399,654
Corydoras_Panda,128.4,971,479,1035,516
Corydoras_Panda,128.5,977,481,1039,517
Corydoras_Albinos,128.5,336,607,400,654
Botia_Almorhae,128.5,376,640,505,682
Pterophyllum_Scalare_YWB,128.5,462,284,504,402
Pterophyllum_Scalare_BB,128.5,247,279,306,385
Pterophyllum_Scalare_B,128.5,779,556,865,655
Pterophyllum_Scalare_W,128.5,1124,504,1158,589
Corydoras_Albinos,128.6,339,604,396,653
Botia_Almorhae,128.6,377,640,505,682
Pterophyllum_Scalare_YWB,128.6,463,294,509,407
Pterophyllum_Scalare_W,128.6,1124,508,1158,592
Pterophyllum_Scalare_B,128.6,780,557,862,655
Pterophyllum_Scalare_BB,128.6,242,284,305,391
G_Matriarche,128.6,567,214,617,244
Botia_Striata,128.6,519,429,558,457
Pterophyllum_Scalare_BB,128.7,239,287,307,395
Pterophyllum_Scalare_W,128.7,1123,510,1158,593
G_Matriarche,128.7,571,214,622,245
Corydoras_Albinos,128.7,341,605,398,653
Pterophyllum_Scalare_B,128.7,780,559,858,656
Pterophyllum_Scalare_YWB,128.7,462,296,512,413
Botia_Almorhae,128.7,376,640,507,682
G_Matriarche,128.8,578,213,627,245
Pterophyllum_Scalare_BB,128.8,237,290,310,401
Pterophyllum_Scalare_B,128.8,781,561,855,656
Pterophyllum_Scalare_YWB,128.8,461,299,517,418
Pterophyllum_Scalare_W,128.8,1123,511,1157,594
Corydoras_Albinos,128.8,341,608,398,653
Botia_Almorhae,128.8,376,640,506,682
Botia_Striata,128.8,519,429,558,457
Corydoras_Panda,128.8,1002,483,1048,527
Corydoras_Albinos,128.9,341,610,398,653
Pterophyllum_Scalare_W,128.9,1123,512,1158,596
Pterophyllum_Scalare_YWB,128.9,459,306,522,423
Pterophyllum_Scalare_B,128.9,779,563,853,656
Botia_Almorhae,128.9,376,640,506,682
Pterophyllum_Scalare_BB,128.9,235,295,313,405
G_Matriarche,128.9,584,212,631,243
Corydoras_Albinos,129.0,340,608,398,653
G_Matriarche,129.0,584,210,634,242
Pterophyllum_Scalare_YWB,129.0,452,312,523,428
Pterophyllum_Scalare_W,129.0,1122,513,1158,597
Pterophyllum_Scalare_B,129.0,778,563,849,656
Pterophyllum_Scalare_BB,129.0,233,300,314,408
Botia_Almorhae,129.0,376,640,508,681
Pterophyllum_Scalare_B,129.1,777,563,843,656
Pterophyllum_Scalare_W,129.1,1122,515,1157,601
G_Matriarche,129.1,590,205,642,239
Botia_Striata,129.1,520,430,558,458
Pterophyllum_Scalare_YWB,129.1,447,326,529,436
Botia_Almorhae,129.1,374,638,510,681
Pterophyllum_Scalare_BB,129.1,233,307,312,417
G_Matriarche,129.2,443,608,477,642
Corydoras_Albinos,129.2,338,616,400,652
G_Matriarche,129.2,593,201,645,237
Pterophyllum_Scalare_YWB,129.2,441,333,529,441
Pterophyllum_Scalare_Y,129.2,877,370,897,431
Pterophyllum_Scalare_W,129.2,1122,516,1157,602
Corydoras_Panda,129.2,1031,503,1055,551
Pterophyllum_Scalare_B,129.2,777,563,843,656
Botia_Striata,129.2,518,430,558,458
Pterophyllum_Scalare_BB,129.2,234,311,310,421
Botia_Almorhae,129.2,374,639,509,681
Corydoras_Albinos,129.3,340,617,397,653
Corydoras_Panda,129.3,1034,506,1056,558
G_Matriarche,129.3,443,609,482,640
Pterophyllum_Scalare_BB,129.3,233,315,308,423
Pterophyllum_Scalare_YWB,129.3,436,339,529,447
Pterophyllum_Scalare_B,129.3,777,563,840,656
Pterophyllum_Scalare_W,129.3,1123,518,1157,603
Pterophyllum_Scalare_Y,129.3,875,369,898,432
G_Matriarche,129.3,597,200,648,233
Botia_Almorhae,129.3,372,640,506,681
Botia_Striata,129.3,518,430,558,458
Corydoras_Albinos,129.4,339,617,400,653
G_Matriarche,129.4,600,198,652,231
Botia_Almorhae,129.4,373,640,508,681
Botia_Striata,129.4,517,431,558,457
Pterophyllum_Scalare_Y,129.4,873,370,897,434
Pterophyllum_Scalare_YWB,129.4,432,345,524,452
Pterophyllum_Scalare_B,129.4,775,565,835,658
Pterophyllum_Scalare_W,129.4,1123,519,1157,604
Pterophyllum_Scalare_BB,129.4,227,317,306,423
G_Matriarche,129.5,602,197,655,230
Pterophyllum_Scalare_YWB,129.5,426,352,517,456
Pterophyllum_Scalare_W,129.5,1123,522,1157,606
Pterophyllum_Scalare_Y,129.5,871,371,897,435
Corydoras_Albinos,129.5,338,617,399,653
Corydoras_Panda,129.5,1034,510,1055,562
Pterophyllum_Scalare_B,129.5,771,567,833,658
Pterophyllum_Scalare_BB,129.5,226,324,301,426
Pterophyllum_Scalare_YWB,129.6,419,359,512,461
Corydoras_Panda,129.6,1032,513,1057,564
Pterophyllum_Scalare_BB,129.6,223,331,296,428
Pterophyllum_Scalare_B,129.6,767,567,832,654
Pterophyllum_Scalare_W,129.6,1124,523,1157,605
Pterophyllum_Scalare_Y,129.6,870,371,897,437
G_Matriarche,129.6,602,196,657,228
Pterophyllum_Scalare_B,129.7,764,566,828,651
Pterophyllum_Scalare_W,129.7,1123,524,1157,607
G_Matriarche,129.7,606,198,660,227
Pterophyllum_Scalare_BB,129.7,221,335,292,428
Pterophyllum_Scalare_YWB,129.7,413,364,507,463
Botia_Almorhae,129.7,372,640,510,681
Pterophyllum_Scalare_Y,129.7,870,369,896,438
Pterophyllum_Scalare_B,129.8,759,566,824,653
Pterophyllum_Scalare_Y,129.8,869,374,895,440
Pterophyllum_Scalare_YWB,129.8,408,371,502,467
Corydoras_Panda,129.8,1030,519,1054,570
Pterophyllum_Scalare_W,129.8,1124,523,1157,607
G_Matriarche,129.8,610,197,665,225
Pterophyllum_Scalare_BB,129.8,219,338,289,431
Pterophyllum_Scalare_Y,129.9,868,375,895,441
Corydoras_Panda,129.9,1025,523,1058,579
Pterophyllum_Scalare_W,129.9,1124,524,1157,608
Pterophyllum_Scalare_B,129.9,757,563,824,652
Pterophyllum_Scalare_YWB,129.9,402,376,495,472
G_Matriarche,129.9,614,195,669,224
Pterophyllum_Scalare_BB,129.9,219,340,286,434
Botia_Almorhae,129.9,375,639,509,680
Botia_Almorhae,130.0,376,638,508,680
Corydoras_Panda,130.0,1025,526,1056,590
Pterophyllum_Scalare_W,130.0,1124,524,1157,608
Pterophyllum_Scalare_B,130.0,758,562,824,651
G_Matriarche,130.0,616,194,673,223
Pterophyllum_Scalare_Y,130.0,868,376,895,442
Pterophyllum_Scalare_BB,130.0,219,339,282,436
Pterophyllum_Scalare_YWB,130.0,397,381,493,476
Pterophyllum_Scalare_BB,130.1,219,337,280,436
Pterophyllum_Scalare_Y,130.1,867,377,895,443
Pterophyllum_Scalare_W,130.1,1125,524,1156,609
G_Matriarche,130.1,615,191,678,222
Pterophyllum_Scalare_YWB,130.1,393,385,490,480
Pterophyllum_Scalare_B,130.1,758,561,824,650
Pterophyllum_Scalare_Y,130.2,867,378,896,444
Pterophyllum_Scalare_B,130.2,758,559,824,649
Pterophyllum_Scalare_W,130.2,1125,525,1157,608
Pterophyllum_Scalare_YWB,130.2,389,388,485,487
G_Matriarche,130.2,619,192,682,221
Corydoras_Panda,130.2,1023,530,1052,594
Pterophyllum_Scalare_BB,130.2,218,336,278,437
Pterophyllum_Scalare_BB,130.3,217,338,276,438
Pterophyllum_Scalare_B,130.3,758,557,826,649
Pterophyllum_Scalare_YWB,130.3,385,391,481,491
Pterophyllum_Scalare_Y,130.3,867,379,894,446
G_Matriarche,130.3,618,191,686,221
Pterophyllum_Scalare_W,130.3,1127,527,1156,609
G_Matriarche,130.4,619,189,689,221
Pterophyllum_Scalare_W,130.4,1128,529,1156,610
Pterophyllum_Scalare_BB,130.4,218,338,277,439
Pterophyllum_Scalare_YWB,130.4,382,394,476,493
Pterophyllum_Scalare_B,130.4,758,557,828,649
Pterophyllum_Scalare_Y,130.4,867,380,895,447
Botia_Striata,130.5,467,564,502,611
Pterophyllum_Scalare_B,130.5,758,556,826,649
G_Matriarche,130.5,627,183,690,221
Pterophyllum_Scalare_Y,130.5,866,381,896,447
Pterophyllum_Scalare_YWB,130.5,379,397,474,494
Pterophyllum_Scalare_W,130.5,1131,531,1156,607
Pterophyllum_Scalare_BB,130.5,218,338,278,439
Corydoras_Panda,130.6,1017,559,1043,611
Pterophyllum_Scalare_Y,130.6,865,382,896,449
Pterophyllum_Scalare_B,130.6,758,555,826,650
Pterophyllum_Scalare_YWB,130.6,379,398,474,497
G_Matriarche,130.6,636,180,693,217
Pterophyllum_Scalare_BB,130.6,218,338,279,440
Corydoras_Panda,130.7,1012,560,1044,615
Pterophyllum_Scalare_W,130.7,1132,534,1155,605
Pterophyllum_Scalare_Y,130.7,865,382,898,450
G_Matriarche,130.7,644,178,698,215
Pterophyllum_Scalare_BB,130.7,218,338,281,441
Pterophyllum_Scalare_B,130.7,758,555,826,651
Pterophyllum_Scalare_YWB,130.7,379,400,475,499
Pterophyllum_Scalare_Y,130.8,864,382,898,450
Pterophyllum_Scalare_W,130.8,1132,535,1155,604
Corydoras_Panda,130.8,1010,579,1050,618
Pterophyllum_Scalare_BB,130.8,218,339,282,441
Botia_Almorhae,130.8,376,587,444,659
Pterophyllum_Scalare_B,130.8,758,555,826,650
G_Matriarche,130.8,650,176,700,213
Pterophyllum_Scalare_YWB,130.8,382,403,476,501
Corydoras_Panda,130.9,1008,581,1051,624
Pterophyllum_Scalare_W,130.9,1132,536,1155,604
G_Matriarche,130.9,654,174,703,211
Pterophyllum_Scalare_YWB,130.9,379,405,474,503
Pterophyllum_Scalare_BB,130.9,218,341,283,442
Pterophyllum_Scalare_Y,130.9,864,384,899,451
Corydoras_Albinos,130.9,342,563,400,604
Pterophyllum_Scalare_B,130.9,758,554,828,649
Pterophyllum_Scalare_W,131.0,1132,536,1155,603
Pterophyllum_Scalare_B,131.0,758,552,830,650
Pterophyllum_Scalare_BB,131.0,217,342,283,442
Corydoras_Albinos,131.0,316,548,375,582
Pterophyllum_Scalare_YWB,131.0,374,408,470,504
Corydoras_Panda,131.0,1004,591,1048,627
Pterophyllum_Scalare_Y,131.0,864,386,900,452
Pterophyllum_Scalare_Y,131.1,865,387,902,453
Pterophyllum_Scalare_BB,131.1,216,343,284,443
Pterophyllum_Scalare_YWB,131.1,371,410,466,506
Corydoras_Panda,131.1,1005,596,1048,628
Pterophyllum_Scalare_B,131.1,760,551,831,647
Corydoras_Albinos,131.1,288,534,353,571
Pterophyllum_Scalare_BB,131.2,216,345,284,443
Corydoras_Albinos,131.2,267,520,328,556
G_Matriarche,131.2,662,166,712,206
Pterophyllum_Scalare_Y,131.2,865,387,903,454
Pterophyllum_Scalare_YWB,131.2,364,411,460,508
Pterophyllum_Scalare_B,131.2,761,549,836,647
Pterophyllum_Scalare_BB,131.3,215,346,285,443
Pterophyllum_Scalare_B,131.3,761,548,838,645
G_Matriarche,131.3,663,162,718,204
Pterophyllum_Scalare_Y,131.3,865,388,904,455
Pterophyllum_Scalare_YWB,131.3,360,412,456,509
Pterophyllum_Scalare_W,131.3,1129,536,1154,603
Corydoras_Albinos,131.3,250,508,315,545
Pterophyllum_Scalare_W,131.4,1127,535,1154,602
Pterophyllum_Scalare_Y,131.4,865,389,907,457
Pterophyllum_Scalare_B,131.4,764,549,842,645
Pterophyllum_Scalare_YWB,131.4,354,415,450,513
Corydoras_Albinos,131.4,236,499,303,536
Pterophyllum_Scalare_BB,131.4,215,347,286,444
G_Matriarche,131.4,667,160,721,202
Pterophyllum_Scalare_YWB,131.5,348,419,443,515
G_Matriarche,131.5,667,158,724,199
Corydoras_Albinos,131.5,224,491,293,527
Pterophyllum_Scalare_BB,131.5,214,348,286,443
Pterophyllum_Scalare_W,131.5,1125,535,1154,600
Pterophyllum_Scalare_Y,131.5,863,390,909,458
Pterophyllum_Scalare_B,131.5,765,548,844,644
Pterophyllum_Scalare_B,131.6,767,549,844,644
Pterophyllum_Scalare_W,131.6,1123,535,1154,599
Pterophyllum_Scalare_Y,131.6,863,390,913,458
Pterophyllum_Scalare_BB,131.6,211,350,286,442
G_Matriarche,131.6,671,158,728,197
Corydoras_Albinos,131.6,216,486,283,518
Pterophyllum_Scalare_YWB,131.6,343,421,437,516
Pterophyllum_Scalare_Y,131.7,864,390,916,458
Pterophyllum_Scalare_BB,131.7,206,351,280,443
Pterophyllum_Scalare_YWB,131.7,339,423,434,518
Pterophyllum_Scalare_W,131.7,1121,534,1154,598
G_Matriarche,131.7,672,155,731,195
Corydoras_Albinos,131.7,210,484,272,514
Pterophyllum_Scalare_W,131.7,984,492,1004,558
Pterophyllum_Scalare_B,131.7,771,549,843,642
Corydoras_Albinos,131.8,205,484,261,514
Pterophyllum_Scalare_BB,131.8,204,352,273,443
Pterophyllum_Scalare_W,131.8,1118,534,1154,597
Pterophyllum_Scalare_B,131.8,774,550,843,642
G_Matriarche,131.8,674,155,735,192
Botia_Almorhae,131.8,432,593,476,655
Pterophyllum_Scalare_W,131.8,983,491,1004,557
Pterophyllum_Scalare_YWB,131.8,335,424,429,519
Pterophyllum_Scalare_Y,131.8,865,391,920,458
Pterophyllum_Scalare_W,131.9,1116,534,1154,596
Pterophyllum_Scalare_B,131.9,775,550,842,642
Pterophyllum_Scalare_BB,131.9,203,354,267,442
Pterophyllum_Scalare_Y,131.9,868,391,923,458
G_Matriarche,131.9,678,155,737,189
Corydoras_Albinos,131.9,201,486,251,515
Pterophyllum_Scalare_W,131.9,983,491,1004,559
Pterophyllum_Scalare_YWB,131.9,333,425,425,521
Pterophyllum_Scalare_B,132.0,776,551,840,643
Pterophyllum_Scalare_W,132.0,1113,534,1153,597
Pterophyllum_Scalare_Y,132.0,871,391,927,455
Pterophyllum_Scalare_YWB,132.0,330,426,422,523
Pterophyllum_Scalare_BB,132.0,200,355,256,439
Corydoras_Albinos,132.0,199,486,249,515
Botia_Striata,132.0,424,619,477,660
G_Matriarche,132.0,679,151,738,186
Pterophyllum_Scalare_Y,132.1,872,390,931,456
Corydoras_Albinos,132.1,197,483,244,518
Pterophyllum_Scalare_BB,132.1,196,355,250,437
Pterophyllum_Scalare_B,132.1,777,553,836,646
Pterophyllum_Scalare_YWB,132.1,327,426,418,525
Pterophyllum_Scalare_W,132.1,1111,533,1153,598
G_Matriarche,132.1,677,148,740,185
Corydoras_Albinos,132.2,190,489,236,518
Pterophyllum_Scalare_YWB,132.2,326,426,415,529
Pterophyllum_Scalare_W,132.2,1109,533,1152,598
G_Matriarche,132.2,679,146,741,187
Pterophyllum_Scalare_B,132.2,778,554,835,647
Pterophyllum_Scalare_BB,132.2,190,356,242,435
Pterophyllum_Scalare_Y,132.2,874,387,934,459
Pterophyllum_Scalare_BB,132.3,185,358,236,435
Pterophyllum_Scalare_Y,132.3,877,388,938,455
G_Matriarche,132.3,682,146,742,188
Pterophyllum_Scalare_W,132.3,1107,532,1151,598
Corydoras_Albinos,132.3,184,491,246,520
Pterophyllum_Scalare_YWB,132.3,326,426,416,530
Pterophyllum_Scalare_B,132.3,780,555,833,648
Pterophyllum_Scalare_Y,132.4,881,387,942,456
Corydoras_Albinos,132.4,179,490,242,520
G_Matriarche,132.4,681,148,743,189
Pterophyllum_Scalare_B,132.4,780,557,832,651
Pterophyllum_Scalare_W,132.4,1106,531,1150,598
Pterophyllum_Scalare_BB,132.4,180,358,230,434
Pterophyllum_Scalare_YWB,132.4,327,427,419,533
Corydoras_Albinos,132.5,175,490,239,521
Pterophyllum_Scalare_B,132.5,783,558,831,652
Pterophyllum_Scalare_BB,132.5,175,360,226,434
Pterophyllum_Scalare_Y,132.5,881,385,941,454
G_Matriarche,132.5,680,148,744,190
Pterophyllum_Scalare_W,132.5,1104,531,1149,598
Pterophyllum_Scalare_YWB,132.5,332,429,423,538
Pterophyllum_Scalare_Y,132.6,883,386,943,455
Pterophyllum_Scalare_YWB,132.6,341,430,425,541
Pterophyllum_Scalare_B,132.6,784,561,832,652
Pterophyllum_Scalare_W,132.6,1101,530,1148,598
Corydoras_Albinos,132.6,173,491,236,521
Pterophyllum_Scalare_BB,132.6,173,362,222,434
Pterophyllum_Scalare_YWB,132.7,349,435,426,542
Corydoras_Albinos,132.7,172,492,230,523
Pterophyllum_Scalare_B,132.7,787,562,832,653
Pterophyllum_Scalare_BB,132.7,170,362,217,432
Pterophyllum_Scalare_Y,132.7,885,385,943,453
Botia_Almorhae,132.7,460,580,497,623
Pterophyllum_Scalare_W,132.7,1100,530,1147,597
Botia_Striata,132.7,228,507,291,533
Pterophyllum_Scalare_W,132.8,1100,529,1146,597
Pterophyllum_Scalare_YWB,132.8,357,445,419,544
G_Matriarche,132.8,681,156,748,193
Pterophyllum_Scalare_BB,132.8,169,361,212,431
Pterophyllum_Scalare_B,132.8,788,564,833,654
Corydoras_Albinos,132.8,170,492,226,524
Pterophyllum_Scalare_Y,132.8,888,385,944,455
Corydoras_Albinos,132.9,168,494,224,524
Pterophyllum_Scalare_W,132.9,1099,529,1146,597
Pterophyllum_Scalare_Y,132.9,890,387,943,455
Pterophyllum_Scalare_B,132.9,789,567,833,657
Ancistrus,132.9,238,512,314,535
Pterophyllum_Scalare_YWB,132.9,364,454,420,548
Pterophyllum_Scalare_BB,132.9,169,360,210,432
Pterophyllum_Scalare_YWB,133.0,369,465,425,552
Pterophyllum_Scalare_Y,133.0,889,388,945,456
Pterophyllum_Scalare_BB,133.0,168,358,210,434
Botia_Almorhae,133.0,466,581,506,631
Pterophyllum_Scalare_W,133.0,1099,528,1146,597
Pterophyllum_Scalare_B,133.0,788,566,835,661
Corydoras_Albinos,133.0,168,495,222,525
Ancistrus,133.0,235,513,328,536
Corydoras_Albinos,133.1,166,497,219,526
G_Matriarche,133.1,684,162,756,200
Pterophyllum_Scalare_YWB,133.1,374,468,425,558
Pterophyllum_Scalare_Y,133.1,892,386,945,457
Pterophyllum_Scalare_BB,133.1,169,356,209,435
Pterophyllum_Scalare_W,133.1,1099,526,1146,596
Pterophyllum_Scalare_B,133.1,788,568,836,663
Corydoras_Albinos,133.2,165,498,216,527
Pterophyllum_Scalare_YWB,133.2,378,469,428,563
Pterophyllum_Scalare_Y,133.2,891,390,945,459
Pterophyllum_Scalare_B,133.2,788,569,838,664
Pterophyllum_Scalare_W,133.2,1099,525,1145,597
Pterophyllum_Scalare_BB,133.2,170,356,209,436
Pterophyllum_Scalare_BB,133.3,171,357,211,436
Corydoras_Albinos,133.3,165,499,219,528
Pterophyllum_Scalare_Y,133.3,892,391,945,459
Pterophyllum_Scalare_B,133.3,789,569,840,665
Pterophyllum_Scalare_YWB,133.3,380,470,434,565
Pterophyllum_Scalare_W,133.3,1099,524,1146,596
G_Matriarche,133.3,690,174,765,205
Pterophyllum_Scalare_B,133.4,789,566,843,666
Pterophyllum_Scalare_YWB,133.4,381,472,436,567
Corydoras_Albinos,133.4,165,500,219,529
Pterophyllum_Scalare_Y,133.4,893,388,944,461
Pterophyllum_Scalare_W,133.4,1099,523,1145,596
Pterophyllum_Scalare_BB,133.4,171,357,212,436
G_Matriarche,133.4,691,176,770,209
G_Matriarche,133.5,696,183,775,211
Pterophyllum_Scalare_YWB,133.5,382,473,436,570
Pterophyllum_Scalare_BB,133.5,171,358,212,438
Pterophyllum_Scalare_W,133.5,1098,525,1145,596
Pterophyllum_Scalare_B,133.5,789,567,845,663
Pterophyllum_Scalare_Y,133.5,893,393,945,462
Corydoras_Albinos,133.5,165,503,219,531
Pterophyllum_Scalare_YWB,133.6,382,474,438,573
Pterophyllum_Scalare_Y,133.6,894,394,945,464
Pterophyllum_Scalare_BB,133.6,171,359,213,435
Corydoras_Albinos,133.6,166,504,219,532
Pterophyllum_Scalare_B,133.6,789,565,847,664
G_Matriarche,133.6,699,185,779,214
Pterophyllum_Scalare_W,133.6,1098,525,1144,594
Pterophyllum_Scalare_BB,133.7,171,359,214,435
Pterophyllum_Scalare_YWB,133.7,381,475,438,574
Corydoras_Albinos,133.7,166,506,220,534
Pterophyllum_Scalare_Y,133.7,895,395,946,465
Pterophyllum_Scalare_B,133.7,789,566,848,665
G_Matriarche,133.7,702,189,782,216
Pterophyllum_Scalare_W,133.7,1097,524,1143,594
Pterophyllum_Scalare_BB,133.8,171,359,213,434
G_Matriarche,133.8,709,189,786,221
Pterophyllum_Scalare_W,133.8,1097,525,1143,594
Pterophyllum_Scalare_Y,133.8,895,400,945,467
Pterophyllum_Scalare_YWB,133.8,382,476,437,577
Corydoras_Albinos,133.8,166,507,219,534
Pterophyllum_Scalare_B,133.8,781,570,846,669
Pterophyllum_Scalare_W,133.9,1096,526,1142,594
Pterophyllum_Scalare_YWB,133.9,382,477,438,578
Pterophyllum_Scalare_B,133.9,772,576,845,671
Pterophyllum_Scalare_Y,133.9,894,397,945,467
Corydoras_Albinos,133.9,166,508,225,537
Pterophyllum_Scalare_BB,133.9,171,359,213,433
G_Matriarche,133.9,720,190,795,222
G_Matriarche,134.0,735,189,804,218
Pterophyllum_Scalare_YWB,134.0,382,477,439,579
Pterophyllum_Scalare_BB,134.0,172,360,216,433
Corydoras_Albinos,134.0,167,509,223,537
Pterophyllum_Scalare_W,134.0,1095,526,1142,592
Pterophyllum_Scalare_Y,134.0,895,399,944,469
Pterophyllum_Scalare_B,134.0,766,580,840,672
Pterophyllum_Scalare_YWB,134.1,382,477,440,581
Pterophyllum_Scalare_B,134.1,755,587,833,676
Pterophyllum_Scalare_Y,134.1,893,399,943,469
Corydoras_Albinos,134.1,166,510,218,538
G_Matriarche,134.1,737,190,809,219
Pterophyllum_Scalare_BB,134.1,172,360,217,432
Pterophyllum_Scalare_W,134.1,1094,524,1141,589
Pterophyllum_Scalare_W,134.2,1094,524,1142,587
Pterophyllum_Scalare_B,134.2,747,586,832,676
Pterophyllum_Scalare_Y,134.2,894,398,943,469
Pterophyllum_Scalare_BB,134.2,172,360,218,432
Pterophyllum_Scalare_YWB,134.2,382,476,441,582
Corydoras_Albinos,134.2,166,511,223,540
Pterophyllum_Scalare_W,134.3,1094,522,1142,585
Corydoras_Albinos,134.3,165,511,225,540
Pterophyllum_Scalare_Y,134.3,897,400,943,467
Pterophyllum_Scalare_BB,134.3,171,359,219,432
Pterophyllum_Scalare_YWB,134.3,382,477,443,583
Pterophyllum_Scalare_B,134.3,740,587,826,674
G_Matriarche,134.4,755,191,827,220
Corydoras_Albinos,134.4,166,511,225,540
Pterophyllum_Scalare_Y,134.4,898,401,945,467
Pterophyllum_Scalare_YWB,134.4,382,481,445,585
Pterophyllum_Scalare_B,134.4,734,585,821,673
Pterophyllum_Scalare_W,134.4,1094,522,1141,585
Pterophyllum_Scalare_BB,134.4,171,360,221,430
G_Matriarche,134.5,756,192,831,220
Pterophyllum_Scalare_W,134.5,1092,524,1141,586
Corydoras_Panda,134.5,1029,555,1066,581
Pterophyllum_Scalare_BB,134.5,169,360,222,430
Corydoras_Albinos,134.5,166,512,228,541
Pterophyllum_Scalare_YWB,134.5,382,485,446,586
Pterophyllum_Scalare_B,134.5,730,581,816,674
Pterophyllum_Scalare_Y,134.5,899,401,945,467
Pterophyllum_Scalare_BB,134.6,168,359,223,430
G_Matriarche,134.6,773,191,839,220
Pterophyllum_Scalare_Y,134.6,899,401,944,468
Pterophyllum_Scalare_B,134.6,726,580,813,675
Pterophyllum_Scalare_W,134.6,1091,526,1139,584
Pterophyllum_Scalare_YWB,134.6,382,486,447,587
Corydoras_Albinos,134.6,166,512,229,541
Pterophyllum_Scalare_W,134.7,1090,527,1138,583
G_Matriarche,134.7,783,188,848,222
Pterophyllum_Scalare_Y,134.7,900,400,942,469
Pterophyllum_Scalare_B,134.7,725,577,811,675
Pterophyllum_Scalare_YWB,134.7,381,489,446,588
Corydoras_Panda,134.7,1026,547,1070,577
Pterophyllum_Scalare_BB,134.7,168,359,223,430
Corydoras_Albinos,134.7,167,513,230,542
Pterophyllum_Scalare_BB,134.8,167,358,223,430
Pterophyllum_Scalare_B,134.8,724,574,811,674
Pterophyllum_Scalare_Y,134.8,899,401,942,469
Corydoras_Panda,134.8,1024,541,1073,579
G_Matriarche,134.8,797,188,857,220
Pterophyllum_Scalare_W,134.8,1089,525,1137,582
Corydoras_Albinos,134.8,169,514,229,542
Pterophyllum_Scalare_YWB,134.8,381,493,445,587
Corydoras_Panda,134.9,1022,543,1068,580
G_Matriarche,134.9,804,187,862,217
Pterophyllum_Scalare_W,134.9,1090,521,1137,580
Pterophyllum_Scalare_B,134.9,724,571,809,673
Corydoras_Albinos,134.9,170,515,230,543
Pterophyllum_Scalare_BB,134.9,167,358,224,428
Pterophyllum_Scalare_Y,134.9,900,399,942,469
Pterophyllum_Scalare_YWB,134.9,381,494,440,587
Pterophyllum_Scalare_BB,135.0,167,358,226,428
Corydoras_Albinos,135.0,170,516,229,544
Pterophyllum_Scalare_B,135.0,725,571,808,672
Pterophyllum_Scalare_YWB,135.0,381,496,435,586
Pterophyllum_Scalare_Y,135.0,899,402,940,470
Pterophyllum_Scalare_W,135.0,1090,519,1137,580
Corydoras_Panda,135.0,1021,540,1071,580
G_Matriarche,135.0,806,188,868,212
Pterophyllum_Scalare_Y,135.1,898,403,940,471
Corydoras_Panda,135.1,1019,541,1065,580
G_Matriarche,135.1,815,189,876,213
Pterophyllum_Scalare_Y,135.1,1090,519,1137,580
Pterophyllum_Scalare_BB,135.1,167,359,227,429
Pterophyllum_Scalare_B,135.1,725,571,808,671
Corydoras_Albinos,135.1,171,517,231,545
Pterophyllum_Scalare_YWB,135.1,381,497,429,585
Pterophyllum_Scalare_Y,135.2,895,404,939,471
G_Matriarche,135.2,806,188,879,216
Pterophyllum_Scalare_BB,135.2,167,359,228,430
Pterophyllum_Scalare_YWB,135.2,381,497,424,585
Corydoras_Panda,135.2,1019,539,1066,581
Corydoras_Albinos,135.2,172,520,228,548
Pterophyllum_Scalare_Y,135.2,1089,518,1137,579
Pterophyllum_Scalare_B,135.2,724,571,807,673
Corydoras_Panda,135.3,1018,538,1064,581
Corydoras_Albinos,135.3,172,523,228,551
Pterophyllum_Scalare_Y,135.3,897,403,938,471
Pterophyllum_Scalare_BB,135.3,167,359,229,430
Pterophyllum_Scalare_B,135.3,722,571,808,675
G_Matriarche,135.3,814,192,883,219
Pterophyllum_Scalare_W,135.3,1088,516,1136,579
Pterophyllum_Scalare_YWB,135.3,381,497,422,585
G_Matriarche,135.4,816,194,888,220
Pterophyllum_Scalare_W,135.4,1087,515,1136,579
Pterophyllum_Scalare_Y,135.4,895,403,940,471
Corydoras_Panda,135.4,1016,536,1063,580
Pterophyllum_Scalare_B,135.4,720,574,806,675
Pterophyllum_Scalare_BB,135.4,167,359,235,430
Corydoras_Albinos,135.4,173,525,230,554
Pterophyllum_Scalare_YWB,135.4,384,498,417,586
Pterophyllum_Scalare_BB,135.5,168,359,239,431
Pterophyllum_Scalare_B,135.5,718,575,801,677
Pterophyllum_Scalare_YWB,135.5,387,503,413,588
G_Matriarche,135.5,820,194,889,224
Corydoras_Panda,135.5,1016,534,1060,580
Corydoras_Albinos,135.5,173,526,228,554
Pterophyllum_Scalare_Y,135.5,898,403,939,471
Pterophyllum_Scalare_W,135.5,1087,515,1135,580
Pterophyllum_Scalare_YWB,135.6,393,533,412,589
Corydoras_Panda,135.6,1015,536,1060,580
Pterophyllum_Scalare_W,135.6,1087,515,1135,580
Pterophyllum_Scalare_B,135.6,717,573,801,677
Pterophyllum_Scalare_Y,135.6,897,402,937,471
Pterophyllum_Scalare_BB,135.6,169,359,240,431
Corydoras_Albinos,135.6,173,528,229,556
G_Matriarche,135.6,821,194,892,227
Pterophyllum_Scalare_B,135.7,719,572,802,674
Pterophyllum_Scalare_W,135.7,1086,514,1135,580
Pterophyllum_Scalare_YWB,135.7,396,534,415,593
Corydoras_Panda,135.7,1016,537,1065,581
G_Matriarche,135.7,824,193,893,228
Corydoras_Albinos,135.7,173,529,228,557
Pterophyllum_Scalare_BB,135.7,169,359,240,432
Pterophyllum_Scalare_Y,135.7,898,402,937,472
Pterophyllum_Scalare_BB,135.8,171,359,242,432
Pterophyllum_Scalare_Y,135.8,895,400,935,472
G_Matriarche,135.8,826,192,897,227
Corydoras_Panda,135.8,1016,535,1068,580
Pterophyllum_Scalare_B,135.8,722,571,804,674
Pterophyllum_Scalare_W,135.8,1086,514,1135,580
Corydoras_Albinos,135.8,174,529,228,559
Pterophyllum_Scalare_YWB,135.8,399,519,421,600
Pterophyllum_Scalare_BB,135.9,173,359,246,432
Pterophyllum_Scalare_YWB,135.9,402,523,423,603
Pterophyllum_Scalare_B,135.9,725,570,809,674
Corydoras_Panda,135.9,1015,536,1066,579
Corydoras_Albinos,135.9,175,530,227,560
Pterophyllum_Scalare_Y,135.9,897,401,937,472
Pterophyllum_Scalare_W,135.9,1085,514,1135,580
Pterophyllum_Scalare_BB,136.0,174,359,248,432
Pterophyllum_Scalare_Y,136.0,895,400,937,471
Pterophyllum_Scalare_YWB,136.0,404,534,427,604
Pterophyllum_Scalare_W,136.0,1086,514,1135,580
Pterophyllum_Scalare_B,136.0,729,570,812,674
Corydoras_Albinos,136.0,180,529,230,560
Corydoras_Panda,136.0,1015,536,1067,580
Pterophyllum_Scalare_W,136.1,1085,515,1134,580
Pterophyllum_Scalare_B,136.1,731,570,814,674
Corydoras_Albinos,136.1,183,529,233,558
Pterophyllum_Scalare_YWB,136.1,406,534,431,606
Pterophyllum_Scalare_Y,136.1,894,399,938,470
Pterophyllum_Scalare_BB,136.1,174,358,249,433
G_Matriarche,136.1,828,191,903,225
Pterophyllum_Scalare_Y,136.2,893,397,935,468
Pterophyllum_Scalare_BB,136.2,173,357,249,432
Pterophyllum_Scalare_B,136.2,734,571,816,674
Corydoras_Albinos,136.2,185,529,236,557
Corydoras_Panda,136.2,1014,531,1062,579
Pterophyllum_Scalare_W,136.2,1085,515,1134,580
Pterophyllum_Scalare_YWB,136.2,407,534,436,607
Corydoras_Panda,136.3,1015,533,1060,578
Pterophyllum_Scalare_W,136.3,1084,515,1133,580
Pterophyllum_Scalare_B,136.3,736,571,818,675
Corydoras_Albinos,136.3,189,530,237,558
Pterophyllum_Scalare_YWB,136.3,410,534,443,605
Pterophyllum_Scalare_BB,136.3,173,356,249,431
Pterophyllum_Scalare_Y,136.3,895,397,935,470
Pterophyllum_Scalare_B,136.4,737,572,819,678
Corydoras_Panda,136.4,1015,536,1065,579
Pterophyllum_Scalare_Y,136.4,895,400,933,470
Corydoras_Albinos,136.4,190,531,239,558
Pterophyllum_Scalare_YWB,136.4,411,536,444,605
Pterophyllum_Scalare_BB,136.4,171,354,247,429
Pterophyllum_Scalare_W,136.4,1084,514,1133,580
Pterophyllum_Scalare_Y,136.5,895,400,932,469
Corydoras_Panda,136.5,1014,540,1064,580
Pterophyllum_Scalare_BB,136.5,170,352,243,427
Pterophyllum_Scalare_W,136.5,1083,514,1132,580
Pterophyllum_Scalare_B,136.5,738,573,819,679
Corydoras_Albinos,136.5,192,531,241,559
Pterophyllum_Scalare_YWB,136.5,413,539,445,604
Pterophyllum_Scalare_B,136.6,737,575,818,680
Pterophyllum_Scalare_W,136.6,1082,515,1131,580
Pterophyllum_Scalare_YWB,136.6,414,540,446,608
Corydoras_Albinos,136.6,195,531,242,560
Corydoras_Panda,136.6,1013,543,1064,580
Pterophyllum_Scalare_Y,136.6,895,400,931,474
Pterophyllum_Scalare_BB,136.6,168,350,241,424
Corydoras_Albinos,136.7,197,532,244,560
Pterophyllum_Scalare_Y,136.7,893,399,932,473
Pterophyllum_Scalare_BB,136.7,165,347,238,422
Pterophyllum_Scalare_B,136.7,737,576,818,681
Pterophyllum_Scalare_YWB,136.7,415,541,448,607
G_Matriarche,136.7,847,191,924,219
Corydoras_Panda,136.7,1013,544,1063,580
Pterophyllum_Scalare_W,136.7,1082,515,1130,580
Pterophyllum_Scalare_Y,136.8,893,401,928,472
Pterophyllum_Scalare_W,136.8,1081,515,1130,579
Corydoras_Albinos,136.8,202,531,236,562
Corydoras_Panda,136.8,1011,543,1065,578
Pterophyllum_Scalare_YWB,136.8,415,543,452,606
Pterophyllum_Scalare_B,136.8,737,576,821,683
Pterophyllum_Scalare_BB,136.8,162,345,237,418
Pterophyllum_Scalare_BB,136.9,159,343,236,416
Corydoras_Albinos,136.9,205,531,237,563
Pterophyllum_Scalare_YWB,136.9,415,543,452,610
G_Matriarche,136.9,857,188,935,216
Pterophyllum_Scalare_Y,136.9,890,401,928,472
Pterophyllum_Scalare_B,136.9,737,577,818,684
Pterophyllum_Scalare_W,136.9,1080,515,1130,579
Corydoras_Panda,136.9,1009,539,1061,577
Pterophyllum_Scalare_BB,137.0,157,341,233,414
Pterophyllum_Scalare_W,137.0,1079,515,1129,580
Pterophyllum_Scalare_B,137.0,738,578,819,684
Corydoras_Panda,137.0,1005,540,1057,574
G_Matriarche,137.0,860,185,938,216
Pterophyllum_Scalare_YWB,137.0,415,541,451,612
Pterophyllum_Scalare_Y,137.0,877,404,927,473
Pterophyllum_Scalare_W,137.1,1078,514,1129,580
Pterophyllum_Scalare_BB,137.1,156,340,229,413
Pterophyllum_Scalare_YWB,137.1,416,541,452,612
Corydoras_Albinos,137.1,212,535,239,570
Corydoras_Panda,137.1,1004,539,1056,573
Pterophyllum_Scalare_B,137.1,739,578,821,683
Pterophyllum_Scalare_Y,137.1,887,405,926,474
G_Matriarche,137.2,866,181,945,214
Pterophyllum_Scalare_YWB,137.2,416,540,452,612
Pterophyllum_Scalare_B,137.2,743,578,826,679
Pterophyllum_Scalare_W,137.2,1077,514,1129,580
Pterophyllum_Scalare_BB,137.2,155,339,229,413
Corydoras_Albinos,137.2,214,537,241,573
Corydoras_Panda,137.2,1002,539,1052,572
Corydoras_Albinos,137.3,217,541,244,575
Pterophyllum_Scalare_W,137.3,1075,513,1128,580
Pterophyllum_Scalare_B,137.3,750,575,829,676
Pterophyllum_Scalare_BB,137.3,155,339,229,414
Pterophyllum_Scalare_Y,137.3,891,405,921,473
Corydoras_Panda,137.3,1002,537,1052,572
Pterophyllum_Scalare_YWB,137.3,416,540,453,611
Pterophyllum_Scalare_YWB,137.4,416,537,456,610
G_Matriarche,137.4,869,180,948,213
Pterophyllum_Scalare_BB,137.4,156,338,230,412
Pterophyllum_Scalare_B,137.4,755,573,834,675
Pterophyllum_Scalare_W,137.4,1074,513,1127,580
Corydoras_Panda,137.4,1001,540,1054,572
Corydoras_Albinos,137.4,219,543,245,579
Corydoras_Panda,137.5,997,542,1049,572
Pterophyllum_Scalare_B,137.5,762,572,835,674
G_Matriarche,137.5,870,178,952,210
Pterophyllum_Scalare_W,137.5,1073,513,1126,580
Pterophyllum_Scalare_YWB,137.5,416,536,459,609
Corydoras_Albinos,137.5,220,546,246,582
Pterophyllum_Scalare_BB,137.5,156,337,233,412
Pterophyllum_Scalare_YWB,137.6,417,536,460,610
Pterophyllum_Scalare_B,137.6,768,572,837,672
Corydoras_Albinos,137.6,223,544,249,584
Corydoras_Panda,137.6,995,541,1048,572
G_Matriarche,137.6,874,178,953,211
Pterophyllum_Scalare_BB,137.6,157,336,234,408
Pterophyllum_Scalare_W,137.6,1072,513,1125,580
Corydoras_Albinos,137.7,225,547,254,587
Pterophyllum_Scalare_W,137.7,1071,513,1125,581
Pterophyllum_Scalare_YWB,137.7,417,534,460,611
G_Matriarche,137.7,876,178,952,209
Pterophyllum_Scalare_B,137.7,774,572,839,672
Pterophyllum_Scalare_BB,137.7,158,334,235,406
Pterophyllum_Scalare_W,137.8,1071,513,1124,581
Pterophyllum_Scalare_B,137.8,778,570,844,669
Pterophyllum_Scalare_BB,137.8,158,334,234,405
Pterophyllum_Scalare_YWB,137.8,419,534,460,612
G_Matriarche,137.8,878,178,957,210
Corydoras_Albinos,137.8,230,547,256,590
Pterophyllum_Scalare_B,137.9,786,569,851,666
Pterophyllum_Scalare_BB,137.9,158,332,232,405
Corydoras_Panda,137.9,992,541,1043,571
Pterophyllum_Scalare_W,137.9,1071,513,1124,581
G_Matriarche,137.9,878,177,955,207
Pterophyllum_Scalare_YWB,137.9,421,534,463,611
Corydoras_Albinos,137.9,231,549,258,594
Pterophyllum_Scalare_YWB,138.0,424,534,467,609
Pterophyllum_Scalare_W,138.0,1070,513,1124,580
Corydoras_Albinos,138.0,234,550,260,598
G_Matriarche,138.0,881,177,960,208
Pterophyllum_Scalare_BB,138.0,158,332,231,402
Pterophyllum_Scalare_B,138.0,792,567,855,664
Botia_Striata,138.0,720,584,764,608
Corydoras_Albinos,138.1,717,625,766,659
Pterophyllum_Scalare_YWB,138.1,426,534,469,611
Pterophyllum_Scalare_BB,138.1,157,331,229,401
Corydoras_Panda,138.1,991,543,1042,570
Corydoras_Albinos,138.1,237,551,263,603
Botia_Striata,138.1,720,582,771,608
Pterophyllum_Scalare_W,138.1,1069,513,1123,581
Pterophyllum_Scalare_B,138.1,797,567,859,665
Botia_Striata,138.2,722,583,780,609
Corydoras_Albinos,138.2,237,555,268,607
Corydoras_Albinos,138.2,717,625,766,659
Pterophyllum_Scalare_BB,138.2,157,329,229,400
Pterophyllum_Scalare_B,138.2,801,568,864,666
Pterophyllum_Scalare_YWB,138.2,428,536,469,611
Pterophyllum_Scalare_W,138.2,1067,513,1122,580
Pterophyllum_Scalare_BB,138.3,157,329,229,398
Botia_Striata,138.3,722,582,788,609
Corydoras_Albinos,138.3,717,626,765,659
Botia_Almorhae,138.3,512,551,569,595
Corydoras_Albinos,138.3,244,559,272,608
Pterophyllum_Scalare_B,138.3,807,568,866,665
Pterophyllum_Scalare_YWB,138.3,429,536,471,611
Pterophyllum_Scalare_W,138.3,1065,512,1121,580
Pterophyllum_Scalare_W,138.4,1064,512,1121,580
Pterophyllum_Scalare_B,138.4,809,567,868,663
Botia_Striata,138.4,723,581,795,609
Pterophyllum_Scalare_YWB,138.4,430,537,471,610
Corydoras_Albinos,138.4,250,558,275,612
Botia_Striata,138.4,991,540,1040,568
Pterophyllum_Scalare_BB,138.4,158,327,228,397
Pterophyllum_Scalare_BB,138.5,158,326,230,395
Corydoras_Albinos,138.5,717,627,765,659
Pterophyllum_Scalare_B,138.5,813,574,869,664
Botia_Striata,138.5,991,540,1039,568
Pterophyllum_Scalare_Y,138.5,882,399,912,474
Corydoras_Albinos,138.5,250,563,282,614
Pterophyllum_Scalare_W,138.5,1064,511,1121,581
Botia_Striata,138.5,723,580,800,609
Pterophyllum_Scalare_YWB,138.5,430,538,469,610
Pterophyllum_Scalare_W,138.6,1064,511,1121,581
Pterophyllum_Scalare_BB,138.6,159,325,231,394
Botia_Striata,138.6,724,579,804,608
Corydoras_Albinos,138.6,717,628,765,658
Botia_Striata,138.6,990,540,1038,567
Pterophyllum_Scalare_Y,138.6,879,401,910,471
Pterophyllum_Scalare_B,138.6,817,573,872,667
Pterophyllum_Scalare_YWB,138.6,431,539,469,610
Corydoras_Albinos,138.6,252,573,291,616
Pterophyllum_Scalare_B,138.7,820,583,874,664
Pterophyllum_Scalare_YWB,138.7,430,539,467,609
Pterophyllum_Scalare_W,138.7,1064,511,1121,581
Corydoras_Albinos,138.7,253,578,302,623
Corydoras_Albinos,138.7,717,629,765,658
Botia_Striata,138.7,726,578,809,607
Pterophyllum_Scalare_BB,138.7,162,325,233,396
Corydoras_Albinos,138.8,717,630,765,658
Pterophyllum_Scalare_B,138.8,824,584,875,662
Pterophyllum_Scalare_BB,138.8,164,324,237,397
Pterophyllum_Scalare_W,138.8,1063,510,1120,581
Pterophyllum_Scalare_YWB,138.8,431,537,464,612
Corydoras_Albinos,138.8,253,586,307,627
Botia_Striata,138.8,729,578,812,606
Pterophyllum_Scalare_Y,138.8,878,390,906,473
Pterophyllum_Scalare_YWB,138.9,431,544,463,613
Botia_Striata,138.9,734,577,814,606
Pterophyllum_Scalare_B,138.9,829,584,881,661
Corydoras_Albinos,138.9,717,630,765,658
Corydoras_Albinos,138.9,252,598,310,632
Pterophyllum_Scalare_BB,138.9,166,324,239,396
Pterophyllum_Scalare_W,138.9,1063,510,1120,581
Pterophyllum_Scalare_Y,138.9,877,391,905,474
Pterophyllum_Scalare_BB,139.0,168,323,240,396
Botia_Striata,139.0,736,578,816,607
Corydoras_Albinos,139.0,249,604,312,638
Pterophyllum_Scalare_YWB,139.0,431,544,459,615
Corydoras_Albinos,139.0,717,630,766,658
Pterophyllum_Scalare_W,139.0,1064,510,1120,581
Pterophyllum_Scalare_Y,139.0,876,395,904,473
Pterophyllum_Scalare_W,139.1,1063,509,1121,581
Corydoras_Albinos,139.1,717,630,765,658
Botia_Striata,139.1,740,579,819,607
Corydoras_Albinos,139.1,248,613,310,641
Pterophyllum_Scalare_Y,139.1,875,394,904,474
Pterophyllum_Scalare_YWB,139.1,432,545,459,615
Pterophyllum_Scalare_BB,139.1,169,322,241,397
Pterophyllum_Scalare_BB,139.2,170,321,242,396
Pterophyllum_Scalare_YWB,139.2,431,541,462,617
Pterophyllum_Scalare_W,139.2,1063,510,1120,581
Pterophyllum_Scalare_Y,139.2,874,396,902,473
Botia_Striata,139.2,742,580,827,610
Corydoras_Albinos,139.2,246,617,303,643
Pterophyllum_Scalare_W,139.3,1062,510,1119,581
Botia_Striata,139.3,752,581,829,609
Pterophyllum_Scalare_YWB,139.3,432,542,462,618
Corydoras_Albinos,139.3,246,618,304,645
Pterophyllum_Scalare_BB,139.3,171,320,244,396
Pterophyllum_Scalare_Y,139.3,874,393,902,474
Pterophyllum_Scalare_YWB,139.4,432,540,463,617
Pterophyllum_Scalare_W,139.4,1059,513,1115,582
Pterophyllum_Scalare_BB,139.4,172,320,244,395
Pterophyllum_Scalare_Y,139.4,873,394,903,473
Botia_Striata,139.4,758,582,837,612
Corydoras_Albinos,139.4,245,620,298,645
Pterophyllum_Scalare_BB,139.5,173,319,245,396
Corydoras_Albinos,139.5,245,619,302,645
Botia_Striata,139.5,766,582,839,612
Pterophyllum_Scalare_W,139.5,1057,513,1113,583
Pterophyllum_Scalare_YWB,139.5,434,544,469,614
Pterophyllum_Scalare_Y,139.5,873,397,903,474
Pterophyllum_Scalare_YWB,139.6,435,538,466,610
Pterophyllum_Scalare_W,139.6,1056,513,1112,582
Botia_Striata,139.6,767,583,842,612
Corydoras_Albinos,139.6,244,617,300,644
Pterophyllum_Scalare_BB,139.6,174,319,247,396
Pterophyllum_Scalare_Y,139.6,872,396,903,473
Pterophyllum_Scalare_W,139.7,1056,512,1112,582
Pterophyllum_Scalare_YWB,139.7,436,540,466,611
Corydoras_Albinos,139.7,243,614,296,644
Botia_Striata,139.7,777,584,843,611
Pterophyllum_Scalare_BB,139.7,175,319,249,397
Pterophyllum_Scalare_Y,139.7,871,398,903,473
Pterophyllum_Scalare_YWB,139.8,437,536,466,613
Corydoras_Albinos,139.8,244,610,299,642
Pterophyllum_Scalare_Y,139.8,871,399,903,473
Pterophyllum_Scalare_BB,139.8,176,317,249,397
Pterophyllum_Scalare_W,139.8,1056,511,1112,581
Botia_Striata,139.8,779,585,844,612
Pterophyllum_Scalare_W,139.9,1056,511,1112,581
Corydoras_Albinos,139.9,243,607,295,641
Pterophyllum_Scalare_YWB,139.9,437,544,465,615
Botia_Striata,139.9,788,584,848,611
Pterophyllum_Scalare_Y,139.9,870,397,905,473
Pterophyllum_Scalare_BB,139.9,176,317,249,397
Pterophyllum_Scalare_BB,140.0,178,317,250,396
Corydoras_Albinos,140.0,244,603,297,641
Botia_Striata,140.0,792,584,847,610
Pterophyllum_Scalare_W,140.0,1055,512,1111,582
Pterophyllum_Scalare_YWB,140.0,438,540,465,616
Pterophyllum_Scalare_Y,140.0,869,399,905,473
Corydoras_Albinos,140.1,243,602,296,642
Pterophyllum_Scalare_YWB,140.1,438,535,467,612
Pterophyllum_Scalare_W,140.1,1053,512,1110,582
Pterophyllum_Scalare_Y,140.1,869,397,905,472
Botia_Almorhae,140.1,384,517,462,555
Botia_Striata,140.1,800,583,849,610
Pterophyllum_Scalare_BB,140.1,180,316,250,396
G_Matriarche,140.2,993,167,1064,199
Botia_Almorhae,140.2,377,512,454,554
Corydoras_Albinos,140.2,243,601,294,642
Pterophyllum_Scalare_YWB,140.2,439,540,468,612
Pterophyllum_Scalare_W,140.2,1051,513,1110,582
Pterophyllum_Scalare_BB,140.2,184,315,250,396
Pterophyllum_Scalare_Y,140.2,869,397,906,472
G_Matriarche,140.3,1000,166,1070,198
Pterophyllum_Scalare_BB,140.3,183,318,246,394
Pterophyllum_Scalare_YWB,140.3,440,539,470,612
Botia_Almorhae,140.3,371,509,444,551
Pterophyllum_Scalare_Y,140.3,870,394,907,470
Corydoras_Albinos,140.3,242,596,292,642
Pterophyllum_Scalare_W,140.3,1051,512,1110,581
Pterophyllum_Scalare_Y,140.4,870,393,907,470
Pterophyllum_Scalare_W,140.4,1051,512,1110,580
Corydoras_Albinos,140.4,243,594,292,645
Botia_Almorhae,140.4,368,508,443,553
Pterophyllum_Scalare_BB,140.4,183,318,243,391
Pterophyllum_Scalare_YWB,140.4,439,530,471,615
Pterophyllum_Scalare_Y,140.5,871,393,908,467
Corydoras_Albinos,140.5,242,601,295,640
Pterophyllum_Scalare_BB,140.5,182,322,240,390
Pterophyllum_Scalare_YWB,140.5,440,532,473,615
Pterophyllum_Scalare_W,140.5,1051,512,1110,580
G_Matriarche,140.5,1012,163,1082,193
Botia_Almorhae,140.5,365,507,441,553
Pterophyllum_Scalare_B,140.5,894,570,950,667
Pterophyllum_Scalare_B,140.6,898,572,955,666
Botia_Almorhae,140.6,364,507,441,553
G_Matriarche,140.6,1015,162,1087,192
Pterophyllum_Scalare_YWB,140.6,442,531,474,615
Pterophyllum_Scalare_Y,140.6,871,391,909,468
Pterophyllum_Scalare_BB,140.6,182,323,235,387
Corydoras_Albinos,140.6,240,612,296,641
Pterophyllum_Scalare_W,140.6,1051,511,1110,580
Pterophyllum_Scalare_YWB,140.7,443,542,476,615
Pterophyllum_Scalare_W,140.7,1051,510,1109,579
Pterophyllum_Scalare_BB,140.7,183,320,230,384
G_Matriarche,140.7,1020,160,1092,192
Botia_Almorhae,140.7,363,507,441,556
Pterophyllum_Scalare_Y,140.7,870,390,909,468
Corydoras_Albinos,140.7,240,620,295,641
Pterophyllum_Scalare_BB,140.8,185,318,231,383
Botia_Almorhae,140.8,360,509,440,555
G_Matriarche,140.8,1025,160,1097,188
Pterophyllum_Scalare_YWB,140.8,444,544,477,615
Pterophyllum_Scalare_W,140.8,1051,511,1109,579
Pterophyllum_Scalare_Y,140.8,869,388,908,467
Pterophyllum_Scalare_YWB,140.9,446,542,478,614
Botia_Almorhae,140.9,358,511,443,555
Pterophyllum_Scalare_BB,140.9,190,318,234,383
Pterophyllum_Scalare_W,140.9,1050,511,1109,579
Pterophyllum_Scalare_Y,140.9,868,386,909,467
G_Matriarche,140.9,1030,159,1102,186
Corydoras_Albinos,141.0,717,629,767,657
Botia_Almorhae,141.0,364,514,445,558
Pterophyllum_Scalare_W,141.0,1049,513,1108,580
G_Matriarche,141.0,1035,159,1106,186
Pterophyllum_Scalare_BB,141.0,194,319,237,385
Pterophyllum_Scalare_YWB,141.0,448,536,482,614
Pterophyllum_Scalare_Y,141.0,867,384,910,467
Pterophyllum_Scalare_W,141.1,1049,514,1107,579
Pterophyllum_Scalare_Y,141.1,866,384,908,467
G_Matriarche,141.1,1041,159,1110,185
Pterophyllum_Scalare_BB,141.1,196,320,239,387
Pterophyllum_Scalare_YWB,141.1,449,535,484,614
G_Matriarche,141.2,1045,158,1115,185
Pterophyllum_Scalare_W,141.2,1049,514,1107,579
Pterophyllum_Scalare_YWB,141.2,451,533,486,612
Pterophyllum_Scalare_Y,141.2,865,385,909,468
Pterophyllum_Scalare_BB,141.2,196,320,240,391
Pterophyllum_Scalare_W,141.3,1049,515,1107,579
Pterophyllum_Scalare_Y,141.3,865,387,908,470
Pterophyllum_Scalare_BB,141.3,199,319,241,390
Pterophyllum_Scalare_YWB,141.3,453,532,487,612
G_Matriarche,141.3,1050,158,1118,184
Pterophyllum_Scalare_W,141.4,1049,514,1106,579
G_Matriarche,141.4,1054,157,1121,183
Pterophyllum_Scalare_YWB,141.4,454,534,488,611
Pterophyllum_Scalare_Y,141.4,863,387,910,470
Pterophyllum_Scalare_BB,141.4,201,319,242,390
Pterophyllum_Scalare_BB,141.5,203,317,240,390
Pterophyllum_Scalare_W,141.5,1049,515,1106,579
G_Matriarche,141.5,1060,156,1125,183
Pterophyllum_Scalare_YWB,141.5,455,536,489,612
Pterophyllum_Scalare_B,141.5,936,580,975,655
Pterophyllum_Scalare_Y,141.5,862,386,911,470
G_Matriarche,141.6,1065,155,1128,182
Pterophyllum_Scalare_YWB,141.6,457,535,490,612
Pterophyllum_Scalare_BB,141.6,204,315,242,384
Pterophyllum_Scalare_Y,141.6,859,386,912,472
Pterophyllum_Scalare_W,141.6,1049,513,1105,579
Pterophyllum_Scalare_Y,141.7,859,389,914,473
Pterophyllum_Scalare_BB,141.7,204,312,244,384
G_Matriarche,141.7,1067,155,1133,181
Pterophyllum_Scalare_W,141.7,1049,513,1105,579
Pterophyllum_Scalare_YWB,141.7,457,537,492,612
Pterophyllum_Scalare_Y,141.8,857,390,917,473
Pterophyllum_Scalare_YWB,141.8,457,535,495,612
Corydoras_Albinos,141.8,251,608,298,637
G_Matriarche,141.8,1073,154,1135,179
Pterophyllum_Scalare_BB,141.8,204,308,246,378
Pterophyllum_Scalare_W,141.8,1048,513,1105,578
Corydoras_Albinos,141.9,254,609,299,635
Pterophyllum_Scalare_YWB,141.9,456,535,497,611
Corydoras_Panda,141.9,933,475,961,526
G_Matriarche,141.9,1080,154,1138,177
Pterophyllum_Scalare_W,141.9,1048,512,1105,578
Pterophyllum_Scalare_Y,141.9,855,389,917,473
Pterophyllum_Scalare_BB,141.9,203,306,247,374
Corydoras_Albinos,142.0,258,607,305,636
Pterophyllum_Scalare_BB,142.0,202,304,248,374
Pterophyllum_Scalare_Y,142.0,854,389,916,473
Pterophyllum_Scalare_W,142.0,1048,515,1105,578
Pterophyllum_Scalare_YWB,142.0,456,534,500,611
G_Matriarche,142.0,1081,152,1142,176
Pterophyllum_Scalare_Y,142.1,852,389,915,474
G_Matriarche,142.1,1089,153,1146,176
Corydoras_Albinos,142.1,258,607,305,637
Pterophyllum_Scalare_BB,142.1,202,304,250,373
Pterophyllum_Scalare_W,142.1,1048,515,1104,578
Corydoras_Panda,142.1,921,483,964,527
Pterophyllum_Scalare_YWB,142.1,456,534,504,611
Pterophyllum_Scalare_Y,142.2,850,388,915,474
Pterophyllum_Scalare_BB,142.2,202,303,251,371
Pterophyllum_Scalare_W,142.2,1048,517,1104,578
Corydoras_Albinos,142.2,260,602,312,637
G_Matriarche,142.2,1094,153,1151,175
Pterophyllum_Scalare_YWB,142.2,456,533,506,610
Corydoras_Panda,142.2,919,488,966,528
G_Matriarche,142.3,1100,152,1155,176
Pterophyllum_Scalare_BB,142.3,200,302,252,368
Pterophyllum_Scalare_YWB,142.3,452,532,508,608
Corydoras_Albinos,142.3,259,601,311,636
Corydoras_Panda,142.3,921,484,967,528
Pterophyllum_Scalare_B,142.3,896,574,977,660
Pterophyllum_Scalare_Y,142.3,850,388,914,475
Corydoras_Albinos,142.4,260,602,311,635
Pterophyllum_Scalare_YWB,142.4,447,530,511,610
Corydoras_Panda,142.4,918,488,968,528
G_Matriarche,142.4,1103,152,1159,175
Pterophyllum_Scalare_W,142.4,1047,518,1104,576
Pterophyllum_Scalare_Y,142.4,849,389,914,475
Pterophyllum_Scalare_BB,142.4,201,301,252,367
Pterophyllum_Scalare_Y,142.5,850,391,914,476
Corydoras_Panda,142.5,917,487,969,527
Pterophyllum_Scalare_W,142.5,1049,519,1103,575
Pterophyllum_Scalare_BB,142.5,198,301,252,367
Pterophyllum_Scalare_YWB,142.5,444,529,514,609
Corydoras_Albinos,142.5,259,602,308,635
G_Matriarche,142.5,1109,151,1163,175
Pterophyllum_Scalare_YWB,142.6,442,529,516,609
Corydoras_Albinos,142.6,259,603,303,635
Corydoras_Panda,142.6,917,486,970,527
Pterophyllum_Scalare_W,142.6,1049,519,1103,574
Pterophyllum_Scalare_BB,142.6,198,303,253,369
Pterophyllum_Scalare_Y,142.6,850,393,914,477
G_Matriarche,142.6,1112,150,1168,177
Corydoras_Albinos,142.7,258,605,302,635
Pterophyllum_Scalare_YWB,142.7,435,528,517,607
Pterophyllum_Scalare_Y,142.7,849,394,916,476
Pterophyllum_Scalare_W,142.7,1048,518,1103,574
Pterophyllum_Scalare_BB,142.7,200,303,256,369
Corydoras_Panda,142.7,922,483,970,526
G_Matriarche,142.7,1120,149,1171,179
G_Matriarche,142.8,1128,146,1175,179
Corydoras_Albinos,142.8,258,604,304,634
Pterophyllum_Scalare_BB,142.8,201,303,260,370
Corydoras_Panda,142.8,918,486,969,525
Pterophyllum_Scalare_W,142.8,1048,517,1102,573
Pterophyllum_Scalare_Y,142.8,850,393,918,477
Pterophyllum_Scalare_YWB,142.8,429,527,516,606
Corydoras_Panda,142.9,918,481,970,525
Corydoras_Albinos,142.9,256,604,301,633
Pterophyllum_Scalare_YWB,142.9,424,525,509,602
Pterophyllum_Scalare_Y,142.9,851,390,916,476
Pterophyllum_Scalare_BB,142.9,202,304,262,373
Pterophyllum_Scalare_W,142.9,1048,517,1101,573
Corydoras_Panda,143.0,917,485,969,525
Pterophyllum_Scalare_YWB,143.0,416,525,505,599
Pterophyllum_Scalare_BB,143.0,204,305,265,375
Pterophyllum_Scalare_Y,143.0,851,392,917,477
Pterophyllum_Scalare_W,143.0,1048,516,1100,571
Corydoras_Albinos,143.0,255,606,302,633
Corydoras_Albinos,143.1,255,603,301,633
Pterophyllum_Scalare_YWB,143.1,406,524,496,598
Pterophyllum_Scalare_BB,143.1,206,306,267,377
Pterophyllum_Scalare_Y,143.1,852,392,916,477
Pterophyllum_Scalare_W,143.1,1046,515,1099,570
Corydoras_Panda,143.1,918,484,969,526
Pterophyllum_Scalare_YWB,143.2,397,522,488,597
Corydoras_Panda,143.2,917,486,968,526
Pterophyllum_Scalare_W,143.2,1045,514,1099,568
Corydoras_Albinos,143.2,254,602,301,632
Pterophyllum_Scalare_Y,143.2,853,394,919,478
Pterophyllum_Scalare_BB,143.2,209,306,270,378
Corydoras_Panda,143.3,919,485,969,525
Corydoras_Albinos,143.3,254,599,300,629
Pterophyllum_Scalare_BB,143.3,210,305,274,378
Pterophyllum_Scalare_Y,143.3,855,395,924,480
Pterophyllum_Scalare_YWB,143.3,390,520,485,595
Pterophyllum_Scalare_W,143.3,1043,514,1099,567
Pterophyllum_Scalare_W,143.4,1042,515,1099,567
Pterophyllum_Scalare_YWB,143.4,383,518,483,596
Corydoras_Albinos,143.4,249,599,298,631
Corydoras_Panda,143.4,921,485,969,525
Pterophyllum_Scalare_BB,143.4,210,304,279,379
Pterophyllum_Scalare_Y,143.4,856,396,928,481
Pterophyllum_Scalare_W,143.5,1042,514,1098,567
Pterophyllum_Scalare_YWB,143.5,379,515,474,595
Corydoras_Panda,143.5,922,482,968,525
Corydoras_Albinos,143.5,249,595,295,629
Pterophyllum_Scalare_BB,143.5,211,304,284,379
Pterophyllum_Scalare_Y,143.5,859,396,931,480
Pterophyllum_Scalare_YWB,143.6,375,512,470,596
Pterophyllum_Scalare_W,143.6,1042,514,1097,567
Pterophyllum_Scalare_Y,143.6,862,396,933,483
Pterophyllum_Scalare_BB,143.6,214,303,287,378
Corydoras_Panda,143.6,921,486,967,526
Botia_Almorhae,143.6,316,512,376,545
Corydoras_Albinos,143.6,245,594,295,626
Pterophyllum_Scalare_Y,143.7,864,396,937,481
Corydoras_Albinos,143.7,243,591,279,627
Corydoras_Panda,143.7,921,487,966,526
Pterophyllum_Scalare_BB,143.7,215,302,291,378
Pterophyllum_Scalare_YWB,143.7,375,509,467,595
Pterophyllum_Scalare_W,143.7,1040,514,1096,567
Pterophyllum_Scalare_YWB,143.8,374,506,467,595
Corydoras_Albinos,143.8,244,589,281,626
Pterophyllum_Scalare_Y,143.8,869,397,938,478
Pterophyllum_Scalare_BB,143.8,216,301,295,378
Pterophyllum_Scalare_W,143.8,1037,513,1095,568
Pterophyllum_Scalare_BB,143.9,218,300,298,374
Pterophyllum_Scalare_Y,143.9,871,398,941,479
Pterophyllum_Scalare_YWB,143.9,374,505,467,594
Botia_Almorhae,143.9,289,519,373,556
Pterophyllum_Scalare_W,143.9,1037,513,1094,569
Corydoras_Albinos,143.9,244,588,279,628
Corydoras_Panda,143.9,922,484,965,526
Botia_Almorhae,144.0,279,522,372,565
Pterophyllum_Scalare_Y,144.0,873,399,946,476
Pterophyllum_Scalare_W,144.0,1035,512,1095,569
Corydoras_Albinos,144.0,245,590,283,627
Pterophyllum_Scalare_B,144.0,897,569,966,648
Pterophyllum_Scalare_YWB,144.0,374,505,466,595
Pterophyllum_Scalare_BB,144.0,219,299,303,372
Pterophyllum_Scalare_YWB,144.1,375,506,466,594
Botia_Almorhae,144.1,271,527,370,570
Pterophyllum_Scalare_BB,144.1,223,297,309,369
Pterophyllum_Scalare_Y,144.1,876,398,954,476
Pterophyllum_Scalare_W,144.1,1035,512,1095,569
Pterophyllum_Scalare_B,144.1,897,570,966,647
Corydoras_Albinos,144.1,244,593,283,627
Pterophyllum_Scalare_BB,144.2,227,295,313,368
Botia_Almorhae,144.2,259,532,370,576
Corydoras_Albinos,144.2,245,594,281,629
Pterophyllum_Scalare_YWB,144.2,376,506,467,593
Pterophyllum_Scalare_Y,144.2,884,399,960,473
Pterophyllum_Scalare_W,144.2,1034,510,1095,570
Pterophyllum_Scalare_Y,144.3,893,399,966,470
Pterophyllum_Scalare_YWB,144.3,377,506,467,592
Pterophyllum_Scalare_W,144.3,1034,510,1094,570
Botia_Almorhae,144.3,255,537,368,583
Corydoras_Albinos,144.3,245,598,287,629
Corydoras_Panda,144.3,927,479,960,527
Pterophyllum_Scalare_BB,144.3,231,292,317,363
Pterophyllum_Scalare_B,144.3,899,561,967,649
Pterophyllum_Scalare_BB,144.4,235,291,321,358
Botia_Almorhae,144.4,247,541,371,591
Pterophyllum_Scalare_W,144.4,1034,509,1093,569
Corydoras_Albinos,144.4,244,600,286,631
Pterophyllum_Scalare_B,144.4,898,559,968,651
Pterophyllum_Scalare_Y,144.4,901,397,973,467
Pterophyllum_Scalare_YWB,144.4,377,506,467,595
Pterophyllum_Scalare_BB,144.5,238,288,325,355
Pterophyllum_Scalare_YWB,144.5,381,503,470,592
Botia_Almorhae,144.5,242,549,374,595
Pterophyllum_Scalare_B,144.5,898,564,968,651
Corydoras_Albinos,144.5,241,603,295,630
Corydoras_Panda,144.5,923,490,962,528
Pterophyllum_Scalare_Y,144.5,905,396,984,465
Pterophyllum_Scalare_W,144.5,1033,508,1093,570
Pterophyllum_Scalare_B,144.6,898,564,969,652
Pterophyllum_Scalare_YWB,144.6,385,501,475,589
Pterophyllum_Scalare_W,144.6,1033,506,1092,569
Corydoras_Albinos,144.6,240,602,295,632
Pterophyllum_Scalare_Y,144.6,912,395,990,462
Botia_Almorhae,144.6,236,553,365,598
Pterophyllum_Scalare_BB,144.6,242,286,328,354
Corydoras_Panda,144.7,919,488,966,528
Pterophyllum_Scalare_B,144.7,897,568,969,653
Pterophyllum_Scalare_YWB,144.7,387,502,479,586
Pterophyllum_Scalare_BB,144.7,246,284,331,353
Pterophyllum_Scalare_Y,144.7,922,393,993,461
Pterophyllum_Scalare_W,144.7,1032,506,1091,568
Corydoras_Albinos,144.7,239,603,296,632
Botia_Almorhae,144.7,233,555,360,601
Pterophyllum_Scalare_Y,144.8,929,391,999,459
Pterophyllum_Scalare_W,144.8,1032,507,1091,569
Pterophyllum_Scalare_BB,144.8,247,281,334,349
Pterophyllum_Scalare_YWB,144.8,390,501,482,583
Pterophyllum_Scalare_B,144.8,897,567,968,652
Corydoras_Panda,144.8,921,490,970,528
Botia_Almorhae,144.8,226,558,362,608
Corydoras_Albinos,144.8,239,603,297,634
Pterophyllum_Scalare_BB,144.9,249,279,337,347
Pterophyllum_Scalare_YWB,144.9,392,501,483,584
Pterophyllum_Scalare_Y,144.9,933,389,1007,457
Corydoras_Albinos,144.9,238,604,295,634
Pterophyllum_Scalare_W,144.9,1032,509,1089,569
Corydoras_Panda,144.9,928,486,970,526
Botia_Almorhae,144.9,221,560,353,611
Pterophyllum_Scalare_B,144.9,897,566,970,652
Botia_Almorhae,145.0,221,565,356,615
Pterophyllum_Scalare_W,145.0,1032,509,1090,568
Corydoras_Albinos,145.0,238,604,295,633
Pterophyllum_Scalare_BB,145.0,254,277,340,346
Pterophyllum_Scalare_Y,145.0,940,386,1013,455
Pterophyllum_Scalare_YWB,145.0,393,501,484,584
Botia_Almorhae,145.1,214,567,343,621
Corydoras_Albinos,145.1,238,606,292,634
Pterophyllum_Scalare_YWB,145.1,389,502,484,580
Pterophyllum_Scalare_BB,145.1,258,276,342,346
Pterophyllum_Scalare_W,145.1,1032,514,1090,569
Pterophyllum_Scalare_Y,145.1,943,384,1017,453
Botia_Almorhae,145.2,207,571,326,618
Pterophyllum_Scalare_BB,145.2,261,274,345,346
Pterophyllum_Scalare_Y,145.2,950,381,1023,450
Corydoras_Panda,145.2,938,476,972,529
Pterophyllum_Scalare_YWB,145.2,386,501,481,579
Corydoras_Albinos,145.2,239,607,295,633
Pterophyllum_Scalare_W,145.2,1032,516,1090,568
Pterophyllum_Scalare_Y,145.3,951,379,1024,448
Corydoras_Albinos,145.3,239,608,298,635
Pterophyllum_Scalare_W,145.3,1032,517,1087,567
Pterophyllum_Scalare_YWB,145.3,380,499,476,577
Pterophyllum_Scalare_BB,145.3,263,273,348,346
Pterophyllum_Scalare_Y,145.4,955,376,1026,448
Pterophyllum_Scalare_BB,145.4,267,272,351,344
Pterophyllum_Scalare_W,145.4,1032,518,1086,568
Pterophyllum_Scalare_YWB,145.4,371,497,469,572
Botia_Almorhae,145.4,195,570,300,613
Pterophyllum_Scalare_W,145.5,1033,515,1086,569
Corydoras_Albinos,145.5,233,601,287,626
Pterophyllum_Scalare_Y,145.5,959,374,1027,448
Botia_Almorhae,145.5,184,565,289,605
Pterophyllum_Scalare_BB,145.5,271,272,355,345
Pterophyllum_Scalare_YWB,145.5,365,493,460,565
Botia_Almorhae,145.6,177,555,275,603
Pterophyllum_Scalare_B,145.6,898,569,972,653
Pterophyllum_Scalare_Y,145.6,958,373,1029,449
Corydoras_Panda,145.6,935,480,973,528
Corydoras_Albinos,145.6,236,597,291,626
Pterophyllum_Scalare_BB,145.6,280,272,360,345
Pterophyllum_Scalare_YWB,145.6,359,489,452,562
Pterophyllum_Scalare_YWB,145.7,348,485,440,555
G_Matriarche,145.7,1125,173,1166,213
Corydoras_Albinos,145.7,240,596,290,627
Pterophyllum_Scalare_B,145.7,895,571,968,654
Botia_Almorhae,145.7,155,553,261,605
Pterophyllum_Scalare_W,145.7,1032,520,1088,565
Pterophyllum_Scalare_BB,145.7,286,272,362,344
Pterophyllum_Scalare_Y,145.7,962,374,1033,449
Pterophyllum_Scalare_YWB,145.8,339,480,429,554
Pterophyllum_Scalare_B,145.8,893,571,967,654
G_Matriarche,145.8,1128,172,1169,215
Pterophyllum_Scalare_W,145.8,1033,519,1083,629
Botia_Almorhae,145.8,143,549,254,604
Corydoras_Albinos,145.8,236,602,292,631
Pterophyllum_Scalare_Y,145.8,964,375,1036,450
Pterophyllum_Scalare_BB,145.8,292,273,364,344
Corydoras_Albinos,145.9,242,601,295,633
Pterophyllum_Scalare_W,145.9,1034,519,1082,562
Pterophyllum_Scalare_BB,145.9,299,273,369,344
Pterophyllum_Scalare_Y,145.9,967,375,1039,450
Pterophyllum_Scalare_YWB,145.9,330,475,421,552
Botia_Almorhae,145.9,139,547,242,601
Pterophyllum_Scalare_YWB,146.0,320,470,411,549
Pterophyllum_Scalare_BB,146.0,305,274,374,344
Corydoras_Albinos,146.0,252,599,294,638
Pterophyllum_Scalare_B,146.0,885,569,961,655
Botia_Almorhae,146.0,129,544,228,592
Pterophyllum_Scalare_Y,146.0,972,375,1042,450
Pterophyllum_Scalare_BB,146.1,310,275,378,344
Pterophyllum_Scalare_Y,146.1,975,375,1046,451
Pterophyllum_Scalare_W,146.1,1034,519,1065,562
Corydoras_Albinos,146.1,256,603,293,643
Botia_Almorhae,146.1,123,546,225,592
Pterophyllum_Scalare_YWB,146.1,312,466,404,547
Corydoras_Albinos,146.2,262,608,297,645
Pterophyllum_Scalare_YWB,146.2,305,462,395,541
Pterophyllum_Scalare_BB,146.2,314,277,382,343
Corydoras_Panda,146.2,946,480,978,531
Pterophyllum_Scalare_Y,146.2,978,375,1050,450
Pterophyllum_Scalare_YWB,146.3,297,458,388,536
Botia_Almorhae,146.3,112,547,211,589
Pterophyllum_Scalare_Y,146.3,983,377,1052,451
Pterophyllum_Scalare_BB,146.3,319,278,386,345
Corydoras_Albinos,146.3,265,609,298,648
Botia_Almorhae,146.4,107,544,201,593
Corydoras_Albinos,146.4,275,611,307,648
Pterophyllum_Scalare_Y,146.4,986,378,1055,452
Pterophyllum_Scalare_YWB,146.4,292,454,382,530
Pterophyllum_Scalare_BB,146.4,326,280,391,347
Pterophyllum_Scalare_YWB,146.5,287,450,375,526
Pterophyllum_Scalare_BB,146.5,332,281,395,348
Botia_Almorhae,146.5,108,541,200,591
Pterophyllum_Scalare_Y,146.5,989,379,1059,454
Corydoras_Panda,146.5,945,484,985,531
Corydoras_Albinos,146.5,284,615,312,650
Pterophyllum_Scalare_YWB,146.6,285,449,370,523
Botia_Almorhae,146.6,111,541,200,590
Pterophyllum_Scalare_BB,146.6,338,283,398,349
Pterophyllum_Scalare_W,146.6,1027,510,1054,563
Pterophyllum_Scalare_Y,146.6,992,383,1065,456
Pterophyllum_Scalare_B,146.6,848,573,931,658
Corydoras_Panda,146.6,941,479,988,529
Corydoras_Albinos,146.6,289,618,318,649
Pterophyllum_Scalare_BB,146.7,341,282,400,353
Corydoras_Albinos,146.7,304,615,332,647
Botia_Almorhae,146.7,113,544,202,586
Pterophyllum_Scalare_YWB,146.7,281,447,367,521
Pterophyllum_Scalare_Y,146.7,998,385,1070,458
Pterophyllum_Scalare_W,146.7,1026,512,1053,562
Pterophyllum_Scalare_YWB,146.8,277,444,364,520
Pterophyllum_Scalare_Y,146.8,1001,387,1072,458
Pterophyllum_Scalare_BB,146.8,344,282,403,355
Botia_Almorhae,146.8,112,546,204,589
Corydoras_Albinos,146.8,309,614,340,649
Pterophyllum_Scalare_B,146.9,834,570,925,662
Pterophyllum_Scalare_Y,146.9,964,469,998,537
Pterophyllum_Scalare_BB,146.9,348,286,405,357
Botia_Almorhae,146.9,113,548,205,591
Corydoras_Albinos,146.9,319,618,350,647
Pterophyllum_Scalare_Y,146.9,1007,389,1077,461
Pterophyllum_Scalare_YWB,146.9,275,441,365,518
Corydoras_Albinos,147.0,322,620,371,648
Pterophyllum_Scalare_B,147.0,831,569,926,657
Pterophyllum_Scalare_BB,147.0,352,288,407,358
Pterophyllum_Scalare_YWB,147.0,273,439,365,517
Pterophyllum_Scalare_Y,147.0,1013,392,1084,463
Pterophyllum_Scalare_Y,147.0,966,474,999,536
Botia_Almorhae,147.0,112,548,207,592
Botia_Almorhae,147.1,111,546,206,592
Pterophyllum_Scalare_BB,147.1,359,287,409,360
Pterophyllum_Scalare_Y,147.1,964,471,997,530
Pterophyllum_Scalare_B,147.1,831,568,922,657
Pterophyllum_Scalare_Y,147.1,1019,392,1087,464
Pterophyllum_Scalare_YWB,147.1,272,436,364,516
Pterophyllum_Scalare_Y,147.2,1024,390,1089,463
Pterophyllum_Scalare_YWB,147.2,272,434,363,516
Pterophyllum_Scalare_B,147.2,832,567,914,657
Botia_Almorhae,147.2,111,546,206,593
Pterophyllum_Scalare_BB,147.2,359,284,411,360
Pterophyllum_Scalare_B,147.3,831,565,912,658
Botia_Almorhae,147.3,111,546,205,594
Pterophyllum_Scalare_YWB,147.3,272,434,363,516
Pterophyllum_Scalare_BB,147.3,361,287,413,360
Pterophyllum_Scalare_Y,147.3,1027,389,1089,463
G_Matriarche,147.3,1130,159,1181,188
Pterophyllum_Scalare_B,147.4,829,565,909,660
Botia_Almorhae,147.4,112,546,210,595
G_Matriarche,147.4,1130,162,1186,186
Pterophyllum_Scalare_BB,147.4,366,292,418,357
Pterophyllum_Scalare_Y,147.4,1030,387,1089,463
Pterophyllum_Scalare_YWB,147.4,273,433,364,516
Pterophyllum_Scalare_YWB,147.5,273,433,364,516
Pterophyllum_Scalare_B,147.5,822,568,903,660
Botia_Almorhae,147.5,110,542,205,589
Pterophyllum_Scalare_Y,147.5,1031,386,1089,463
Pterophyllum_Scalare_BB,147.5,371,290,421,359
G_Matriarche,147.5,1139,164,1191,189
Pterophyllum_Scalare_Y,147.5,964,476,990,527
Botia_Almorhae,147.6,107,537,199,583
Pterophyllum_Scalare_YWB,147.6,963,469,993,527
Pterophyllum_Scalare_B,147.6,813,572,892,655
Pterophyllum_Scalare_BB,147.6,373,289,421,359
Pterophyllum_Scalare_Y,147.6,1031,386,1089,463
Pterophyllum_Scalare_YWB,147.6,274,433,364,518
Pterophyllum_Scalare_BB,147.7,370,290,423,359
Pterophyllum_Scalare_YWB,147.7,274,431,365,517
Pterophyllum_Scalare_Y,147.7,1031,385,1089,463
Pterophyllum_Scalare_B,147.7,807,573,885,654
Botia_Almorhae,147.7,101,533,196,578
Corydoras_Albinos,147.7,357,588,408,626
Botia_Almorhae,147.8,97,531,192,577
Corydoras_Albinos,147.8,355,582,410,622
Pterophyllum_Scalare_BB,147.8,368,290,423,359
Pterophyllum_Scalare_Y,147.8,1034,386,1090,463
Pterophyllum_Scalare_B,147.8,799,571,879,655
Pterophyllum_Scalare_YWB,147.8,274,429,364,516
Pterophyllum_Scalare_Y,147.8,957,469,990,529
Corydoras_Albinos,147.9,353,576,403,612
Pterophyllum_Scalare_Y,147.9,1035,386,1089,464
Pterophyllum_Scalare_Y,147.9,951,471,978,527
Pterophyllum_Scalare_B,147.9,794,569,874,655
Botia_Almorhae,147.9,95,530,183,576
Pterophyllum_Scalare_BB,147.9,368,289,423,358
Pterophyllum_Scalare_YWB,147.9,274,428,365,511
Pterophyllum_Scalare_Y,148.0,1036,386,1089,464
Botia_Almorhae,148.0,94,528,179,578
Pterophyllum_Scalare_B,148.0,790,565,872,653
Pterophyllum_Scalare_YWB,148.0,274,426,365,506
Pterophyllum_Scalare_BB,148.0,365,289,422,359
Corydoras_Albinos,148.0,717,629,766,658
Corydoras_Albinos,148.0,352,569,405,608
Corydoras_Albinos,148.1,351,562,409,605
Botia_Almorhae,148.1,90,518,167,575
Pterophyllum_Scalare_BB,148.1,369,288,427,356
Corydoras_Albinos,148.1,717,629,767,658
Pterophyllum_Scalare_Y,148.1,1037,386,1090,464
Pterophyllum_Scalare_B,148.1,789,561,873,652
Pterophyllum_Scalare_YWB,148.1,275,423,367,503
Pterophyllum_Scalare_B,148.2,790,558,871,650
Pterophyllum_Scalare_YWB,148.2,273,420,367,499
Pterophyllum_Scalare_BB,148.2,366,287,432,357
Botia_Almorhae,148.2,85,508,162,578
Pterophyllum_Scalare_Y,148.2,1038,386,1090,464
Corydoras_Albinos,148.2,351,556,418,601
Botia_Almorhae,148.3,81,497,161,574
Corydoras_Albinos,148.3,350,551,418,593
Pterophyllum_Scalare_Y,148.3,1040,387,1090,465
Pterophyllum_Scalare_B,148.3,790,556,871,650
Pterophyllum_Scalare_BB,148.3,369,288,439,356
Pterophyllum_Scalare_YWB,148.3,271,415,362,495
Pterophyllum_Scalare_Y,148.4,1041,387,1090,466
Corydoras_Albinos,148.4,351,545,418,584
Pterophyllum_Scalare_BB,148.4,374,289,447,355
Pterophyllum_Scalare_B,148.4,789,556,871,649
Botia_Almorhae,148.4,78,484,131,562
Pterophyllum_Scalare_YWB,148.4,269,412,361,493
Pterophyllum_Scalare_B,148.5,789,556,869,650
Pterophyllum_Scalare_BB,148.5,378,291,455,353
Pterophyllum_Scalare_YWB,148.5,263,408,357,491
Pterophyllum_Scalare_Y,148.5,1043,388,1090,466
Corydoras_Albinos,148.5,351,543,416,578
Botia_Almorhae,148.5,76,475,126,561
Pterophyllum_Scalare_B,148.6,787,563,861,651
Pterophyllum_Scalare_BB,148.6,386,295,462,356
Pterophyllum_Scalare_Y,148.6,1045,389,1090,467
Pterophyllum_Scalare_YWB,148.6,257,405,354,490
Corydoras_Albinos,148.6,717,627,767,658
Corydoras_Albinos,148.6,350,539,415,574
Botia_Almorhae,148.6,73,468,126,558
Pterophyllum_Scalare_B,148.7,782,567,848,647
Pterophyllum_Scalare_YWB,148.7,252,404,350,485
Pterophyllum_Scalare_BB,148.7,393,297,467,357
Pterophyllum_Scalare_Y,148.7,1047,390,1090,469
Botia_Almorhae,148.7,72,461,118,556
Corydoras_Albinos,148.7,351,538,415,571
Botia_Almorhae,148.8,72,452,117,547
Pterophyllum_Scalare_B,148.8,779,568,841,647
Pterophyllum_Scalare_YWB,148.8,248,401,348,481
Pterophyllum_Scalare_BB,148.8,396,298,471,358
Corydoras_Albinos,148.8,347,535,413,568
Pterophyllum_Scalare_Y,148.8,1050,391,1091,469
Pterophyllum_Scalare_B,148.9,776,566,835,644
Corydoras_Albinos,148.9,343,529,415,566
Pterophyllum_Scalare_BB,148.9,401,299,476,360
Pterophyllum_Scalare_YWB,148.9,245,399,343,477
Pterophyllum_Scalare_Y,148.9,1051,391,1090,470
Botia_Almorhae,148.9,72,442,114,550
Pterophyllum_Scalare_YWB,149.0,243,395,342,476
Pterophyllum_Scalare_BB,149.0,406,300,481,362
Corydoras_Albinos,149.0,342,526,418,563
Pterophyllum_Scalare_Y,149.0,1053,393,1091,472
Botia_Almorhae,149.0,70,433,118,545
Pterophyllum_Scalare_B,149.0,774,564,832,637
Botia_Almorhae,149.1,70,426,111,534
Pterophyllum_Scalare_Y,149.1,1054,393,1090,474
Corydoras_Albinos,149.1,341,525,416,560
Pterophyllum_Scalare_YWB,149.1,243,392,341,475
Pterophyllum_Scalare_B,149.1,771,562,829,635
Pterophyllum_Scalare_BB,149.1,413,302,485,363
Pterophyllum_Scalare_BB,149.2,416,303,489,364
Botia_Almorhae,149.2,69,418,109,528
Pterophyllum_Scalare_Y,149.2,1055,396,1091,477
Corydoras_Albinos,149.2,341,522,419,555
Pterophyllum_Scalare_YWB,149.2,243,390,339,475
Pterophyllum_Scalare_B,149.2,767,559,823,628
Pterophyllum_Scalare_B,149.3,764,555,814,625
Pterophyllum_Scalare_Y,149.3,1056,399,1091,480
Pterophyllum_Scalare_YWB,149.3,243,387,339,475
Botia_Almorhae,149.3,69,407,106,523
Corydoras_Albinos,149.3,342,519,419,552
Pterophyllum_Scalare_BB,149.3,419,304,492,364
Botia_Almorhae,149.4,68,398,106,512
Pterophyllum_Scalare_B,149.4,763,550,810,619
Pterophyllum_Scalare_Y,149.4,1058,408,1091,483
Corydoras_Panda,149.4,938,484,997,524
Pterophyllum_Scalare_YWB,149.4,243,385,338,473
Corydoras_Albinos,149.4,343,516,420,551
Pterophyllum_Scalare_BB,149.4,422,304,494,364
Botia_Almorhae,149.5,67,390,97,500
Pterophyllum_Scalare_Y,149.5,1060,415,1090,487
Corydoras_Albinos,149.5,344,512,421,548
Corydoras_Panda,149.5,941,484,1000,524
Pterophyllum_Scalare_YWB,149.5,242,384,339,469
Pterophyllum_Scalare_BB,149.5,424,305,496,364
Pterophyllum_Scalare_B,149.5,762,549,806,613
Pterophyllum_Scalare_B,149.6,762,545,806,605
Corydoras_Albinos,149.6,347,509,419,544
Pterophyllum_Scalare_BB,149.6,425,306,497,364
Pterophyllum_Scalare_YWB,149.6,239,381,338,467
Botia_Almorhae,149.6,67,379,99,490
Pterophyllum_Scalare_Y,149.6,1060,418,1090,490
Corydoras_Panda,149.6,945,480,1001,523
Pterophyllum_Scalare_Y,149.7,1060,420,1089,492
Corydoras_Albinos,149.7,353,506,423,540
Pterophyllum_Scalare_YWB,149.7,237,376,338,462
Pterophyllum_Scalare_BB,149.7,425,307,498,364
Pterophyllum_Scalare_B,149.7,761,540,805,605
Corydoras_Panda,149.7,955,479,1003,526
Botia_Almorhae,149.7,67,372,101,487
Botia_Almorhae,149.8,66,365,97,482
Pterophyllum_Scalare_B,149.8,761,536,807,606
Corydoras_Panda,149.8,963,476,1003,527
Corydoras_Albinos,149.8,355,502,427,537
Pterophyllum_Scalare_Y,149.8,1060,422,1089,496
Pterophyllum_Scalare_YWB,149.8,234,369,335,456
Pterophyllum_Scalare_BB,149.8,426,307,499,363
Pterophyllum_Scalare_BB,149.9,427,307,500,364
Pterophyllum_Scalare_YWB,149.9,231,364,330,447
Pterophyllum_Scalare_B,149.9,761,534,807,604
Botia_Almorhae,149.9,66,360,98,478
Corydoras_Albinos,149.9,355,498,426,534
Pterophyllum_Scalare_Y,149.9,1058,421,1088,499
Pterophyllum_Scalare_Y,150.0,975,473,1005,558
Corydoras_Albinos,150.0,356,494,433,532
Pterophyllum_Scalare_Y,150.0,1058,425,1088,504
Pterophyllum_Scalare_YWB,150.0,229,359,323,442
Pterophyllum_Scalare_BB,150.0,426,308,499,364
Pterophyllum_Scalare_B,150.0,762,535,807,609
Botia_Almorhae,150.0,67,358,93,473
Pterophyllum_Scalare_Y,150.1,978,479,1006,559
Pterophyllum_Scalare_BB,150.1,426,309,499,364
Pterophyllum_Scalare_Y,150.1,1057,426,1088,508
Pterophyllum_Scalare_YWB,150.1,227,355,316,437
Corydoras_Albinos,150.1,357,492,432,527
Pterophyllum_Scalare_B,150.1,762,535,809,619
Corydoras_Albinos,150.2,359,488,430,525
Pterophyllum_Scalare_W,150.2,68,343,105,442
Pterophyllum_Scalare_YWB,150.2,224,351,316,433
Pterophyllum_Scalare_B,150.2,763,538,806,610
Pterophyllum_Scalare_Y,150.2,1055,426,1089,511
Pterophyllum_Scalare_BB,150.2,427,310,499,363
Pterophyllum_Scalare_Y,150.2,982,476,1007,559
Pterophyllum_Scalare_Y,150.3,1055,428,1090,513
Pterophyllum_Scalare_B,150.3,764,537,803,607
Pterophyllum_Scalare_YWB,150.3,223,347,317,430
Pterophyllum_Scalare_BB,150.3,428,309,499,363
Botia_Almorhae,150.3,67,335,105,435
Corydoras_Albinos,150.3,360,483,438,521
Pterophyllum_Scalare_Y,150.3,984,475,1009,559
Pterophyllum_Scalare_Y,150.4,1055,429,1091,515
Pterophyllum_Scalare_BB,150.4,428,310,499,362
Pterophyllum_Scalare_B,150.4,766,536,801,594
Botia_Almorhae,150.4,66,334,108,421
Pterophyllum_Scalare_YWB,150.4,221,344,316,428
Corydoras_Albinos,150.4,362,478,439,516
Pterophyllum_Scalare_Y,150.5,1055,430,1091,517
Corydoras_Albinos,150.5,364,475,440,511
Pterophyllum_Scalare_B,150.5,766,535,800,595
Pterophyllum_Scalare_BB,150.5,427,310,499,362
Botia_Almorhae,150.5,66,330,107,427
Pterophyllum_Scalare_YWB,150.5,219,340,316,425
Pterophyllum_Scalare_YWB,150.6,218,339,317,423
Pterophyllum_Scalare_B,150.6,765,530,800,592
Corydoras_Albinos,150.6,366,470,445,509
Botia_Almorhae,150.6,66,329,105,430
Corydoras_Panda,150.6,993,491,1021,548
Pterophyllum_Scalare_BB,150.6,427,309,500,361
Pterophyllum_Scalare_Y,150.6,1055,431,1091,518
Pterophyllum_Scalare_B,150.7,765,527,801,591
Pterophyllum_Scalare_BB,150.7,429,309,500,361
Pterophyllum_Scalare_Y,150.7,1055,433,1092,519
Botia_Almorhae,150.7,65,325,103,438
Corydoras_Albinos,150.7,370,467,451,507
Pterophyllum_Scalare_YWB,150.7,217,337,317,420
G_Matriarche,150.8,1129,217,1174,247
Corydoras_Panda,150.8,1001,495,1025,550
Botia_Almorhae,150.8,66,325,98,432
Pterophyllum_Scalare_B,150.8,766,523,801,590
Pterophyllum_Scalare_BB,150.8,429,309,500,361
Corydoras_Albinos,150.8,376,462,449,502
Pterophyllum_Scalare_YWB,150.8,214,332,312,417
Pterophyllum_Scalare_Y,150.8,1055,435,1092,520
Pterophyllum_Scalare_BB,150.9,429,309,501,362
Pterophyllum_Scalare_YWB,150.9,210,329,308,415
Pterophyllum_Scalare_B,150.9,767,520,801,588
Botia_Almorhae,150.9,66,320,101,429
Corydoras_Albinos,150.9,381,457,457,498
Pterophyllum_Scalare_Y,150.9,1054,436,1092,522
G_Matriarche,150.9,1126,215,1174,246
Pterophyllum_Scalare_YWB,151.0,207,324,302,412
Pterophyllum_Scalare_Y,151.0,1052,438,1093,524
Botia_Almorhae,151.0,65,314,103,422
Pterophyllum_Scalare_B,151.0,768,520,800,587
G_Matriarche,151.0,1126,214,1172,247
Pterophyllum_Scalare_BB,151.0,430,309,502,362
Corydoras_Albinos,151.0,389,452,460,493
Pterophyllum_Scalare_B,151.1,771,521,801,589
G_Matriarche,151.1,1125,210,1172,247
Pterophyllum_Scalare_BB,151.1,432,309,503,364
Pterophyllum_Scalare_YWB,151.1,205,321,301,409
Botia_Almorhae,151.1,65,304,98,415
Corydoras_Albinos,151.1,399,447,464,489
Pterophyllum_Scalare_Y,151.1,1051,441,1093,526
Botia_Almorhae,151.2,64,299,100,414
Pterophyllum_Scalare_BB,151.2,433,308,505,364
G_Matriarche,151.2,1125,204,1171,247
Corydoras_Albinos,151.2,403,445,477,486
Pterophyllum_Scalare_Y,151.2,1050,448,1094,528
Pterophyllum_Scalare_YWB,151.2,204,317,300,405
Pterophyllum_Scalare_B,151.2,770,520,806,596
Pterophyllum_Scalare_YWB,151.3,202,314,297,402
Pterophyllum_Scalare_BB,151.3,434,307,505,363
G_Matriarche,151.3,1122,199,1172,243
Botia_Almorhae,151.3,64,298,99,413
Corydoras_Albinos,151.3,410,441,481,483
Pterophyllum_Scalare_Y,151.3,1050,449,1094,529
Botia_Striata,151.3,991,530,1033,564
Pterophyllum_Scalare_B,151.3,769,534,810,592
Pterophyllum_Scalare_B,151.4,769,524,818,592
Botia_Almorhae,151.4,64,298,101,416
Corydoras_Albinos,151.4,415,437,483,479
Pterophyllum_Scalare_YWB,151.4,201,311,296,398
G_Matriarche,151.4,1135,191,1167,237
Botia_Striata,151.4,990,529,1041,567
Pterophyllum_Scalare_BB,151.4,435,306,506,361
Pterophyllum_Scalare_Y,151.4,1050,453,1093,531
Corydoras_Albinos,151.5,418,433,488,477
Pterophyllum_Scalare_BB,151.5,438,305,507,359
Pterophyllum_Scalare_Y,151.5,1052,455,1094,533
Pterophyllum_Scalare_YWB,151.5,200,309,295,396
Botia_Almorhae,151.5,64,294,99,407
Botia_Striata,151.5,986,532,1032,567
Pterophyllum_Scalare_B,151.5,768,518,823,594
Pterophyllum_Scalare_YWB,151.6,199,307,295,395
Botia_Striata,151.6,979,534,1034,572
Pterophyllum_Scalare_BB,151.6,439,305,508,358
Botia_Almorhae,151.6,63,284,98,398
Pterophyllum_Scalare_B,151.6,766,517,827,596
Corydoras_Albinos,151.6,423,430,491,474
Pterophyllum_Scalare_Y,151.6,1054,457,1094,536
Pterophyllum_Scalare_YWB,151.7,199,305,294,393
Corydoras_Albinos,151.7,425,428,494,470
Botia_Almorhae,151.7,62,275,92,393
Botia_Striata,151.7,976,536,1029,573
Pterophyllum_Scalare_Y,151.7,1056,458,1095,538
Pterophyllum_Scalare_BB,151.7,440,304,509,358
Pterophyllum_Scalare_B,151.7,764,512,830,597
Pterophyllum_Scalare_BB,151.8,440,304,508,358
Botia_Almorhae,151.8,63,279,91,384
Corydoras_Albinos,151.8,426,426,495,464
Pterophyllum_Scalare_B,151.8,760,511,833,596
Pterophyllum_Scalare_YWB,151.8,199,303,294,391
Pterophyllum_Scalare_Y,151.8,1057,459,1095,541
Pterophyllum_Scalare_Y,151.9,1059,461,1096,542
Pterophyllum_Scalare_B,151.9,758,511,835,595
Corydoras_Albinos,151.9,428,424,505,461
Pterophyllum_Scalare_YWB,151.9,199,301,294,389
Pterophyllum_Scalare_BB,151.9,439,301,507,357
Botia_Almorhae,151.9,65,296,93,369
Pterophyllum_Scalare_BB,152.0,66,299,100,362
Pterophyllum_Scalare_BB,152.0,439,301,507,357
Pterophyllum_Scalare_Y,152.0,1062,463,1096,544
Corydoras_Panda,152.0,971,549,1027,573
Corydoras_Albinos,152.0,429,422,502,458
Pterophyllum_Scalare_B,152.0,758,510,836,596
Pterophyllum_Scalare_YWB,152.0,200,300,295,388
Pterophyllum_Scalare_BB,152.1,65,295,105,351
Pterophyllum_Scalare_YWB,152.1,199,299,294,387
Pterophyllum_Scalare_B,152.1,759,509,836,595
Pterophyllum_Scalare_BB,152.1,439,303,508,357
Pterophyllum_Scalare_Y,152.1,1064,464,1098,546
Corydoras_Albinos,152.1,428,419,508,456
Corydoras_Albinos,152.2,427,418,506,455
Pterophyllum_Scalare_BB,152.2,439,302,508,355
Pterophyllum_Scalare_B,152.2,756,507,836,595
Pterophyllum_Scalare_YWB,152.2,200,298,295,385
Pterophyllum_Scalare_Y,152.2,1067,466,1099,548
Corydoras_Panda,152.2,971,545,1019,571
Pterophyllum_Scalare_BB,152.2,67,291,101,346
Pterophyllum_Scalare_YWB,152.3,201,297,294,384
Pterophyllum_Scalare_BB,152.3,439,301,508,355
Corydoras_Albinos,152.3,424,416,504,454
Pterophyllum_Scalare_B,152.3,755,507,836,595
Pterophyllum_Scalare_BB,152.3,68,293,96,350
Pterophyllum_Scalare_Y,152.3,1069,467,1100,549
Pterophyllum_Scalare_B,152.4,755,507,835,594
Pterophyllum_Scalare_Y,152.4,1072,468,1102,550
Pterophyllum_Scalare_BB,152.4,439,301,508,355
Corydoras_Albinos,152.4,421,413,499,453
Pterophyllum_Scalare_YWB,152.4,201,295,294,385
G_Matriarche,152.4,1138,172,1168,202
Pterophyllum_Scalare_BB,152.4,69,302,98,362
Pterophyllum_Scalare_B,152.5,753,507,835,594
Pterophyllum_Scalare_BB,152.5,439,301,508,356
Corydoras_Panda,152.5,960,541,1018,563
Pterophyllum_Scalare_BB,152.5,68,300,103,371
Pterophyllum_Scalare_YWB,152.5,201,294,294,383
Corydoras_Albinos,152.5,417,413,494,453
Pterophyllum_Scalare_Y,152.5,1074,470,1104,551
Pterophyllum_Scalare_Y,152.6,1075,470,1106,552
Pterophyllum_Scalare_B,152.6,757,507,835,595
Pterophyllum_Scalare_YWB,152.6,201,294,294,382
Corydoras_Albinos,152.6,412,409,488,453
Pterophyllum_Scalare_BB,152.6,441,301,508,355
Pterophyllum_Scalare_YWB,152.7,201,293,295,381
Pterophyllum_Scalare_B,152.7,758,507,836,595
Botia_Almorhae,152.7,72,317,114,398
Pterophyllum_Scalare_BB,152.7,443,301,509,357
Corydoras_Albinos,152.7,407,407,480,453
Pterophyllum_Scalare_Y,152.7,1077,471,1107,553
Pterophyllum_Scalare_Y,152.8,1079,472,1108,554
Pterophyllum_Scalare_BB,152.8,444,300,509,358
Pterophyllum_Scalare_B,152.8,762,507,832,595
Pterophyllum_Scalare_YWB,152.8,202,292,296,381
Botia_Almorhae,152.8,77,323,120,404
Corydoras_Albinos,152.8,400,405,472,455
Corydoras_Albinos,152.9,395,406,471,456
Pterophyllum_Scalare_YWB,152.9,204,292,297,382
Pterophyllum_Scalare_BB,152.9,445,300,510,359
Botia_Almorhae,152.9,76,338,131,412
Pterophyllum_Scalare_B,152.9,775,508,832,594
Pterophyllum_Scalare_Y,152.9,1081,472,1108,554
Pterophyllum_Scalare_YWB,153.0,205,291,299,381
Botia_Almorhae,153.0,84,351,142,423
Corydoras_Albinos,153.0,391,411,461,459
Pterophyllum_Scalare_B,153.0,779,510,834,596
Pterophyllum_Scalare_Y,153.0,1082,473,1109,555
Pterophyllum_Scalare_BB,153.0,445,299,510,360
Pterophyllum_Scalare_B,153.1,784,514,837,595
Corydoras_Albinos,153.1,388,412,459,461
Pterophyllum_Scalare_YWB,153.1,206,289,300,378
Pterophyllum_Scalare_BB,153.1,445,299,511,360
Botia_Almorhae,153.1,89,371,159,433
Pterophyllum_Scalare_Y,153.1,1083,473,1110,556
Pterophyllum_Scalare_B,153.2,788,516,840,600
Corydoras_Albinos,153.2,384,415,453,462
Pterophyllum_Scalare_YWB,153.2,208,288,302,375
Pterophyllum_Scalare_Y,153.2,1084,473,1111,557
Pterophyllum_Scalare_BB,153.2,446,299,511,359
Botia_Almorhae,153.2,105,385,175,442
Corydoras_Albinos,153.3,380,416,452,464
Pterophyllum_Scalare_BB,153.3,447,299,511,359
Corydoras_Panda,153.3,953,527,997,557
Botia_Almorhae,153.3,111,395,196,450
Pterophyllum_Scalare_B,153.3,788,518,847,603
Pterophyllum_Scalare_YWB,153.3,208,285,303,375
Pterophyllum_Scalare_Y,153.3,1085,473,1112,558
Pterophyllum_Scalare_BB,153.4,446,299,511,359
Pterophyllum_Scalare_Y,153.4,1086,474,1113,559
Pterophyllum_Scalare_B,153.4,790,523,852,604
Botia_Almorhae,153.4,132,409,218,457
Corydoras_Albinos,153.4,376,418,446,465
Pterophyllum_Scalare_YWB,153.4,209,283,302,374
Pterophyllum_Scalare_Y,153.5,1086,475,1113,560
Pterophyllum_Scalare_B,153.5,794,525,859,602
Corydoras_Albinos,153.5,373,416,446,466
Pterophyllum_Scalare_YWB,153.5,209,277,303,370
Pterophyllum_Scalare_BB,153.5,445,298,511,359
Pterophyllum_Scalare_B,153.6,798,524,863,606
Pterophyllum_Scalare_YWB,153.6,207,273,299,365
Pterophyllum_Scalare_BB,153.6,444,298,512,358
Botia_Almorhae,153.6,159,416,250,462
Corydoras_Albinos,153.6,368,418,440,467
Pterophyllum_Scalare_Y,153.6,1086,473,1114,561
Pterophyllum_Scalare_YWB,153.7,204,269,295,360
Corydoras_Albinos,153.7,364,416,435,467
Pterophyllum_Scalare_Y,153.7,1087,475,1114,562
Pterophyllum_Scalare_BB,153.7,445,297,512,357
Botia_Almorhae,153.7,169,409,257,468
G_Matriarche,153.7,1126,167,1162,196
Pterophyllum_Scalare_B,153.7,803,526,871,610
Pterophyllum_Scalare_YWB,153.8,201,265,292,356
Botia_Almorhae,153.8,177,405,266,475
Pterophyllum_Scalare_B,153.8,811,528,879,607
Corydoras_Albinos,153.8,358,416,426,469
Pterophyllum_Scalare_BB,153.8,448,296,513,357
Pterophyllum_Scalare_Y,153.8,1087,477,1114,561
G_Matriarche,153.8,1120,171,1160,199
Pterophyllum_Scalare_Y,153.9,1088,479,1114,562
Pterophyllum_Scalare_B,153.9,820,527,887,609
Botia_Almorhae,153.9,205,405,284,460
Corydoras_Albinos,153.9,355,413,424,468
Pterophyllum_Scalare_YWB,153.9,199,262,289,352
G_Matriarche,153.9,1112,172,1156,203
Pterophyllum_Scalare_BB,153.9,452,296,513,355
Pterophyllum_Scalare_B,154.0,826,529,893,616
Corydoras_Albinos,154.0,351,413,418,471
Botia_Almorhae,154.0,202,400,294,470
Pterophyllum_Scalare_Y,154.0,1089,481,1114,563
Pterophyllum_Scalare_YWB,154.0,195,258,285,347
Pterophyllum_Scalare_BB,154.0,456,296,512,354
G_Matriarche,154.0,1108,177,1154,206
Corydoras_Albinos,154.1,348,412,415,472
Pterophyllum_Scalare_B,154.1,833,530,902,619
Botia_Almorhae,154.1,211,394,307,468
Pterophyllum_Scalare_Y,154.1,1089,481,1114,562
Pterophyllum_Scalare_BB,154.1,460,297,509,353
Pterophyllum_Scalare_YWB,154.1,192,255,284,344
G_Matriarche,154.1,1104,181,1148,212
Corydoras_Albinos,154.2,346,414,409,475
Pterophyllum_Scalare_YWB,154.2,189,251,279,341
Pterophyllum_Scalare_BB,154.2,465,298,506,354
Pterophyllum_Scalare_Y,154.2,1088,479,1114,561
G_Matriarche,154.2,1100,184,1142,215
Botia_Almorhae,154.2,222,392,317,471
Pterophyllum_Scalare_B,154.2,852,529,913,630
Corydoras_Albinos,154.3,343,416,408,476
Pterophyllum_Scalare_B,154.3,856,534,922,632
G_Matriarche,154.3,1096,187,1141,219
Pterophyllum_Scalare_Y,154.3,1089,479,1114,560
Pterophyllum_Scalare_YWB,154.3,187,249,276,340
Pterophyllum_Scalare_BB,154.3,467,298,504,354
Botia_Almorhae,154.3,224,391,324,483
G_Matriarche,154.4,1093,190,1139,223
Botia_Almorhae,154.4,233,397,333,475
Pterophyllum_Scalare_B,154.4,859,532,926,631
Pterophyllum_Scalare_YWB,154.4,184,246,273,338
Corydoras_Albinos,154.4,340,420,401,480
Pterophyllum_Scalare_BB,154.4,469,299,503,354
Pterophyllum_Scalare_Y,154.4,1089,479,1114,560
Pterophyllum_Scalare_BB,154.5,472,299,503,355
Botia_Almorhae,154.5,244,400,338,456
Pterophyllum_Scalare_Y,154.5,1089,481,1114,560
Pterophyllum_Scalare_B,154.5,867,539,927,617
Pterophyllum_Scalare_YWB,154.5,182,244,269,336
Corydoras_Albinos,154.5,337,422,400,483
G_Matriarche,154.5,1088,192,1136,226
Corydoras_Albinos,154.6,336,426,397,487
Pterophyllum_Scalare_B,154.6,880,540,931,607
Pterophyllum_Scalare_YWB,154.6,179,241,265,333
Botia_Almorhae,154.6,245,403,343,451
Pterophyllum_Scalare_Y,154.6,1088,482,1114,559
G_Matriarche,154.6,1082,195,1133,228
Pterophyllum_Scalare_BB,154.6,473,299,500,355
G_Matriarche,154.7,1073,196,1131,232
Pterophyllum_Scalare_YWB,154.7,176,238,262,329
Botia_Almorhae,154.7,253,405,357,453
Pterophyllum_Scalare_Y,154.7,1089,479,1114,558
Corydoras_Albinos,154.7,335,433,395,490
Pterophyllum_Scalare_BB,154.7,473,299,497,355
Pterophyllum_Scalare_W,154.7,795,490,812,533
Pterophyllum_Scalare_YWB,154.8,173,236,259,327
Pterophyllum_Scalare_BB,154.8,471,298,496,355
Botia_Almorhae,154.8,274,405,393,455
G_Matriarche,154.8,1065,197,1124,236
Corydoras_Albinos,154.8,334,444,388,496
Pterophyllum_Scalare_Y,154.8,1087,478,1114,559
Pterophyllum_Scalare_BB,154.9,469,297,495,355
G_Matriarche,154.9,1057,197,1121,239
Corydoras_Albinos,154.9,329,453,387,503
Pterophyllum_Scalare_YWB,154.9,172,235,257,324
Botia_Almorhae,154.9,279,404,414,456
Pterophyllum_Scalare_Y,154.9,1087,477,1114,557
Botia_Almorhae,155.0,284,399,436,461
Corydoras_Albinos,155.0,325,458,385,509
Pterophyllum_Scalare_BB,155.0,468,296,494,355
Pterophyllum_Scalare_Y,155.0,1087,477,1114,557
Pterophyllum_Scalare_YWB,155.0,170,233,255,321
G_Matriarche,155.0,1049,196,1107,237
Pterophyllum_Scalare_Y,155.0,957,479,981,530
Pterophyllum_Scalare_BB,155.1,465,295,493,354
Corydoras_Albinos,155.1,320,464,380,513
Pterophyllum_Scalare_YWB,155.1,167,230,251,317
Pterophyllum_Scalare_Y,155.1,958,478,981,529
Botia_Almorhae,155.1,303,400,464,467
G_Matriarche,155.1,1043,196,1096,234
Pterophyllum_Scalare_Y,155.1,1085,475,1114,557
G_Matriarche,155.2,1034,194,1082,231
Pterophyllum_Scalare_BB,155.2,463,294,492,354
Pterophyllum_Scalare_Y,155.2,959,479,982,529
Pterophyllum_Scalare_YWB,155.2,166,227,246,316
Corydoras_Albinos,155.2,317,468,379,519
Pterophyllum_Scalare_Y,155.2,1085,474,1114,556
Botia_Almorhae,155.2,330,401,486,477
Botia_Almorhae,155.3,350,411,507,486
Corydoras_Albinos,155.3,312,475,378,523
Pterophyllum_Scalare_YWB,155.3,164,226,244,315
Pterophyllum_Scalare_Y,155.3,1084,473,1114,555
G_Matriarche,155.3,1027,194,1077,231
Pterophyllum_Scalare_BB,155.3,461,293,492,355
Pterophyllum_Scalare_BB,155.4,459,292,490,356
G_Matriarche,155.4,1022,194,1070,231
Botia_Almorhae,155.4,375,417,525,494
Corydoras_Albinos,155.4,308,481,378,526
Pterophyllum_Scalare_YWB,155.4,163,227,243,313
Pterophyllum_Scalare_Y,155.4,1084,473,1114,555
Pterophyllum_Scalare_Y,155.5,1084,472,1114,555
G_Matriarche,155.5,1017,193,1065,230
Botia_Almorhae,155.5,405,433,552,498
Pterophyllum_Scalare_BB,155.5,455,290,490,355
Corydoras_Albinos,155.5,307,487,377,527
Pterophyllum_Scalare_YWB,155.5,162,227,241,312
Botia_Almorhae,155.6,433,444,576,509
Corydoras_Albinos,155.6,305,490,375,526
Pterophyllum_Scalare_Y,155.6,1084,472,1114,556
G_Matriarche,155.6,1010,193,1064,231
Pterophyllum_Scalare_BB,155.6,452,289,489,354
Pterophyllum_Scalare_YWB,155.6,161,227,241,311
Pterophyllum_Scalare_BB,155.7,452,288,488,354
Botia_Almorhae,155.7,454,453,604,516
G_Matriarche,155.7,1008,193,1063,232
Pterophyllum_Scalare_YWB,155.7,161,227,242,310
Pterophyllum_Scalare_Y,155.7,1083,473,1114,556
Corydoras_Albinos,155.7,305,490,378,525
Botia_Almorhae,155.8,474,462,634,523
G_Matriarche,155.8,1003,191,1059,232
Pterophyllum_Scalare_YWB,155.8,159,226,241,308
Corydoras_Albinos,155.8,306,489,383,524
Pterophyllum_Scalare_BB,155.8,452,287,487,352
Pterophyllum_Scalare_Y,155.8,1083,474,1114,558
Pterophyllum_Scalare_BB,155.9,452,285,486,350
Botia_Almorhae,155.9,495,473,658,525
Pterophyllum_Scalare_B,155.9,941,587,977,649
G_Matriarche,155.9,999,189,1055,232
Corydoras_Albinos,155.9,308,489,381,522
Pterophyllum_Scalare_Y,155.9,1083,475,1114,559
Pterophyllum_Scalare_YWB,155.9,159,226,239,306
Pterophyllum_Scalare_Y,156.0,1082,477,1114,561
Corydoras_Panda,156.0,951,478,988,526
Botia_Almorhae,156.0,523,485,685,534
Pterophyllum_Scalare_BB,156.0,450,284,485,350
G_Matriarche,156.0,994,188,1055,233
Pterophyllum_Scalare_YWB,156.0,158,225,237,304
Pterophyllum_Scalare_B,156.0,939,587,982,653
Corydoras_Albinos,156.0,319,482,377,518
Pterophyllum_Scalare_Y,156.1,1083,480,1114,562
Botia_Almorhae,156.1,551,490,707,541
Corydoras_Panda,156.1,948,476,990,526
G_Matriarche,156.1,988,185,1051,231
Corydoras_Albinos,156.1,322,480,394,515
Pterophyllum_Scalare_BB,156.1,447,282,486,349
Pterophyllum_Scalare_YWB,156.1,157,224,235,303
G_Matriarche,156.2,982,181,1044,229
Pterophyllum_Scalare_BB,156.2,444,281,486,348
Pterophyllum_Scalare_Y,156.2,1084,482,1114,563
Botia_Almorhae,156.2,575,496,728,552
Corydoras_Albinos,156.2,328,476,394,514
Pterophyllum_Scalare_YWB,156.2,155,222,233,302
Pterophyllum_Scalare_Y,156.3,1085,484,1114,564
Pterophyllum_Scalare_BB,156.3,442,279,485,347
Pterophyllum_Scalare_YWB,156.3,155,222,232,300
Corydoras_Albinos,156.3,331,473,397,513
Botia_Almorhae,156.3,595,498,748,563
G_Matriarche,156.3,978,177,1043,225
Pterophyllum_Scalare_YWB,156.4,154,222,231,300
Corydoras_Albinos,156.4,332,470,399,512
Botia_Almorhae,156.4,615,504,765,576
G_Matriarche,156.4,972,173,1035,221
Pterophyllum_Scalare_Y,156.4,1085,485,1114,565
Pterophyllum_Scalare_BB,156.4,439,278,485,347
Botia_Almorhae,156.5,636,518,785,589
Pterophyllum_Scalare_Y,156.5,1086,487,1114,566
G_Matriarche,156.5,966,168,1029,215
Corydoras_Albinos,156.5,334,472,400,511
Pterophyllum_Scalare_BB,156.5,438,277,485,345
Pterophyllum_Scalare_YWB,156.5,153,221,231,299
Pterophyllum_Scalare_Y,156.6,1087,486,1115,567
Corydoras_Albinos,156.6,336,470,401,509
G_Matriarche,156.6,962,164,1030,212
Pterophyllum_Scalare_YWB,156.6,151,220,230,298
Botia_Almorhae,156.6,660,524,805,599
Pterophyllum_Scalare_BB,156.6,437,276,485,345
Pterophyllum_Scalare_BB,156.7,435,274,486,345
Corydoras_Panda,156.7,932,482,971,530
Corydoras_Albinos,156.7,338,469,405,507
Pterophyllum_Scalare_Y,156.7,1088,487,1115,568
Botia_Almorhae,156.7,665,532,825,604
G_Matriarche,156.7,959,161,1029,209
Pterophyllum_Scalare_YWB,156.7,148,220,229,297
G_Matriarche,156.8,953,157,1024,205
Corydoras_Albinos,156.8,340,467,407,506
Pterophyllum_Scalare_BB,156.8,434,272,488,344
Botia_Almorhae,156.8,705,542,845,608
Pterophyllum_Scalare_Y,156.8,1089,489,1115,569
Pterophyllum_Scalare_YWB,156.8,146,218,226,295
Corydoras_Panda,156.8,928,485,967,532
Corydoras_Albinos,156.9,341,466,408,504
G_Matriarche,156.9,945,151,1023,202
Botia_Almorhae,156.9,723,557,866,611
Corydoras_Panda,156.9,922,493,961,535
Pterophyllum_Scalare_BB,156.9,433,271,491,343
Pterophyllum_Scalare_YWB,156.9,144,217,218,292
Pterophyllum_Scalare_Y,156.9,1089,490,1116,570
Pterophyllum_Scalare_YWB,157.0,141,215,214,291
Corydoras_Panda,157.0,920,496,964,535
G_Matriarche,157.0,937,143,1015,197
Pterophyllum_Scalare_Y,157.0,1090,488,1116,570
Corydoras_Albinos,157.0,346,465,417,502
Pterophyllum_Scalare_BB,157.0,426,269,492,342
Corydoras_Albinos,157.1,351,464,418,501
Pterophyllum_Scalare_YWB,157.1,138,214,209,289
Pterophyllum_Scalare_BB,157.1,421,266,494,343
G_Matriarche,157.1,932,134,1007,193
Pterophyllum_Scalare_Y,157.1,1090,489,1117,571
Corydoras_Panda,157.1,917,493,965,538
G_Matriarche,157.2,924,131,1004,188
Pterophyllum_Scalare_Y,157.2,1092,491,1117,571
Pterophyllum_Scalare_YWB,157.2,134,214,206,287
Corydoras_Albinos,157.2,353,465,419,500
Pterophyllum_Scalare_BB,157.2,417,265,496,342
Pterophyllum_Scalare_BB,157.3,416,263,496,341
Pterophyllum_Scalare_Y,157.3,1093,491,1118,572
Corydoras_Panda,157.3,918,496,940,540
G_Matriarche,157.3,924,126,1000,181
Corydoras_Albinos,157.3,357,463,428,499
Pterophyllum_Scalare_YWB,157.3,132,213,202,284
Botia_Almorhae,157.3,827,535,932,616
Corydoras_Albinos,157.4,358,464,425,499
Pterophyllum_Scalare_BB,157.4,414,260,496,340
Pterophyllum_Scalare_Y,157.4,1093,493,1118,572
Pterophyllum_Scalare_B,157.4,913,586,987,668
G_Matriarche,157.4,917,122,999,175
Pterophyllum_Scalare_YWB,157.4,130,212,200,281
G_Matriarche,157.5,916,122,994,169
Pterophyllum_Scalare_YWB,157.5,128,211,197,281
Pterophyllum_Scalare_BB,157.5,414,257,496,339
Pterophyllum_Scalare_Y,157.5,1093,494,1119,573
Corydoras_Albinos,157.5,359,463,435,498
Corydoras_Albinos,157.6,359,462,432,496
Pterophyllum_Scalare_BB,157.6,413,255,495,338
Pterophyllum_Scalare_Y,157.6,1093,494,1120,572
Botia_Almorhae,157.6,881,495,935,599
G_Matriarche,157.6,909,119,989,165
Pterophyllum_Scalare_YWB,157.6,125,210,195,282
G_Matriarche,157.7,904,116,987,164
Corydoras_Albinos,157.7,358,459,437,495
Pterophyllum_Scalare_BB,157.7,413,254,494,337
Pterophyllum_Scalare_Y,157.7,1093,494,1120,573
Botia_Almorhae,157.7,893,492,938,597
Pterophyllum_Scalare_YWB,157.7,124,210,193,281
G_Matriarche,157.8,903,116,985,163
Pterophyllum_Scalare_BB,157.8,418,253,490,335
Pterophyllum_Scalare_Y,157.8,1093,494,1121,574
Pterophyllum_Scalare_YWB,157.8,123,209,192,281
Corydoras_Albinos,157.8,358,457,434,494
Botia_Almorhae,157.8,889,489,948,599
Pterophyllum_Scalare_Y,157.9,1094,495,1121,575
Corydoras_Albinos,157.9,356,455,433,492
Pterophyllum_Scalare_YWB,157.9,122,209,192,284
G_Matriarche,157.9,899,116,982,161
Pterophyllum_Scalare_BB,157.9,423,252,488,332
Pterophyllum_Scalare_BB,158.0,426,251,488,331
Botia_Almorhae,158.0,897,512,951,566
Pterophyllum_Scalare_Y,158.0,1094,495,1122,575
Corydoras_Albinos,158.0,355,450,435,489
Pterophyllum_Scalare_YWB,158.0,123,208,192,284
G_Matriarche,158.0,895,115,978,160
Pterophyllum_Scalare_Y,158.1,1094,494,1122,575
Botia_Almorhae,158.1,893,512,944,599
G_Matriarche,158.1,894,114,974,159
Pterophyllum_Scalare_YWB,158.1,123,208,192,282
Pterophyllum_Scalare_BB,158.1,430,252,489,327
Corydoras_Albinos,158.1,355,447,434,486
Pterophyllum_Scalare_Y,158.2,1094,494,1122,576
Pterophyllum_Scalare_YWB,158.2,123,208,192,288
Corydoras_Albinos,158.2,354,441,433,482
G_Matriarche,158.2,892,110,973,159
Botia_Almorhae,158.2,892,506,939,601
Pterophyllum_Scalare_BB,158.2,433,253,489,327
Pterophyllum_Scalare_BB,158.3,436,253,489,327
Pterophyllum_Scalare_YWB,158.3,123,208,192,288
Pterophyllum_Scalare_Y,158.3,1094,494,1123,576
G_Matriarche,158.3,892,111,969,155
Corydoras_Albinos,158.3,357,436,435,475
G_Matriarche,158.4,889,110,969,156
Botia_Almorhae,158.4,891,501,940,558
Pterophyllum_Scalare_Y,158.4,1094,496,1123,577
Pterophyllum_Scalare_BB,158.4,439,253,488,327
Pterophyllum_Scalare_YWB,158.4,124,208,191,287
Corydoras_Albinos,158.4,363,429,434,469
Pterophyllum_Scalare_BB,158.5,440,253,487,327
Pterophyllum_Scalare_YWB,158.5,124,210,192,287
Corydoras_Albinos,158.5,368,421,436,463
G_Matriarche,158.5,885,107,969,156
Pterophyllum_Scalare_Y,158.5,1094,497,1123,578
Pterophyllum_Scalare_BB,158.6,441,253,488,327
Botia_Striata,158.6,514,424,557,458
Pterophyllum_Scalare_YWB,158.6,123,210,192,287
G_Matriarche,158.6,889,106,969,153
Pterophyllum_Scalare_Y,158.6,1094,497,1123,579
Corydoras_Albinos,158.6,375,414,441,457
Pterophyllum_Scalare_BB,158.7,442,252,488,327
G_Matriarche,158.7,885,106,967,152
Pterophyllum_Scalare_Y,158.7,1094,498,1124,580
Pterophyllum_Scalare_YWB,158.7,123,211,192,286
Botia_Striata,158.7,514,424,557,458
Corydoras_Albinos,158.7,383,407,450,450
Pterophyllum_Scalare_BB,158.8,446,252,487,327
Corydoras_Albinos,158.8,392,400,456,445
Pterophyllum_Scalare_Y,158.8,1094,498,1124,581
Botia_Striata,158.8,515,424,558,458
Pterophyllum_Scalare_YWB,158.8,123,212,192,286
G_Matriarche,158.8,885,105,966,152
Corydoras_Albinos,158.9,401,393,461,437
Pterophyllum_Scalare_Y,158.9,1094,500,1124,582
Pterophyllum_Scalare_BB,158.9,442,251,483,328
Pterophyllum_Scalare_YWB,158.9,123,213,193,287
G_Matriarche,158.9,878,101,967,151
Botia_Striata,159.0,517,421,560,456
G_Matriarche,159.0,880,101,964,151
Botia_Almorhae,159.0,894,502,963,544
Pterophyllum_Scalare_BB,159.0,439,251,479,326
Pterophyllum_Scalare_Y,159.0,1094,501,1125,582
Corydoras_Albinos,159.0,407,386,461,429
Pterophyllum_Scalare_YWB,159.0,123,214,192,287
Corydoras_Albinos,159.1,413,381,465,424
Botia_Striata,159.1,518,422,560,457
Botia_Almorhae,159.1,886,502,964,548
Pterophyllum_Scalare_Y,159.1,1094,502,1125,582
Pterophyllum_Scalare_YWB,159.1,123,214,192,287
Pterophyllum_Scalare_BB,159.1,435,250,474,325
G_Matriarche,159.1,883,101,960,148
Pterophyllum_Scalare_YWB,159.2,123,214,192,287
Pterophyllum_Scalare_Y,159.2,1094,502,1126,583
G_Matriarche,159.2,877,100,963,147
Botia_Almorhae,159.2,882,500,965,549
Pterophyllum_Scalare_BB,159.2,430,250,471,325
Botia_Striata,159.2,518,420,560,457
Pterophyllum_Scalare_W,159.2,419,374,462,418
Botia_Almorhae,159.3,887,500,966,546
G_Matriarche,159.3,873,100,963,148
Botia_Striata,159.3,513,421,557,456
Pterophyllum_Scalare_Y,159.3,1095,502,1126,583
Pterophyllum_Scalare_YWB,159.3,123,214,192,286
Pterophyllum_Scalare_BB,159.3,426,249,469,324
Pterophyllum_Scalare_Y,159.4,1095,503,1126,583
G_Matriarche,159.4,881,99,961,146
Pterophyllum_Scalare_BB,159.4,421,248,466,323
Pterophyllum_Scalare_YWB,159.4,122,214,193,287
Botia_Almorhae,159.4,885,502,965,549
Botia_Almorhae,159.5,907,499,972,553
Pterophyllum_Scalare_BB,159.5,417,247,463,321
Pterophyllum_Scalare_Y,159.5,1096,504,1127,584
Pterophyllum_Scalare_YWB,159.5,122,214,193,287
G_Matriarche,159.5,878,97,962,146
Botia_Striata,159.5,514,414,560,455
Botia_Almorhae,159.6,899,496,982,544
Pterophyllum_Scalare_Y,159.6,1096,504,1128,585
Pterophyllum_Scalare_BB,159.6,413,247,461,321
G_Matriarche,159.6,880,97,959,144
Pterophyllum_Scalare_YWB,159.6,123,214,194,287
Botia_Striata,159.6,515,416,559,455
G_Matriarche,159.7,878,95,961,142
Pterophyllum_Scalare_YWB,159.7,122,214,194,287
Pterophyllum_Scalare_BB,159.7,409,247,458,320
Pterophyllum_Scalare_Y,159.7,1097,505,1129,587
Botia_Almorhae,159.7,884,493,984,541
Botia_Striata,159.8,513,412,557,454
Botia_Almorhae,159.8,885,490,986,534
Corydoras_Albinos,159.8,450,293,505,361
G_Matriarche,159.8,875,95,959,142
Pterophyllum_Scalare_BB,159.8,405,246,455,319
Pterophyllum_Scalare_YWB,159.8,122,214,195,287
Pterophyllum_Scalare_Y,159.8,1097,505,1130,587
Pterophyllum_Scalare_Y,159.9,1098,507,1131,588
G_Matriarche,159.9,878,95,960,140
Pterophyllum_Scalare_BB,159.9,402,245,453,318
Botia_Striata,159.9,513,413,558,454
Botia_Almorhae,159.9,892,483,998,533
Pterophyllum_Scalare_YWB,159.9,122,214,195,288
Corydoras_Albinos,159.9,441,284,508,337
Pterophyllum_Scalare_Y,160.0,1099,507,1132,588
Pterophyllum_Scalare_BB,160.0,398,245,447,318
Botia_Almorhae,160.0,891,475,998,528
Pterophyllum_Scalare_YWB,160.0,122,214,196,288
Botia_Striata,160.0,515,411,558,454
G_Matriarche,160.0,879,94,959,140
Botia_Almorhae,160.1,893,469,997,528
Pterophyllum_Scalare_BB,160.1,395,243,487,318
Pterophyllum_Scalare_YWB,160.1,122,214,196,289
G_Matriarche,160.1,882,93,959,139
Pterophyllum_Scalare_Y,160.1,1100,508,1133,588
Botia_Striata,160.1,514,412,557,454
Pterophyllum_Scalare_Y,160.2,1100,507,1133,587
Pterophyllum_Scalare_BB,160.2,390,201,462,317
Botia_Almorhae,160.2,913,465,998,529
Pterophyllum_Scalare_YWB,160.2,122,214,196,289
G_Matriarche,160.2,884,91,959,136
Botia_Striata,160.2,514,411,557,454
Corydoras_Albinos,160.3,367,147,430,231
Pterophyllum_Scalare_Y,160.3,1101,507,1134,586
G_Matriarche,160.3,882,90,960,136
Pterophyllum_Scalare_BB,160.3,389,244,446,314
Botia_Striata,160.3,514,411,557,454
Pterophyllum_Scalare_YWB,160.3,122,214,196,289
Pterophyllum_Scalare_B,160.3,865,595,935,675
Botia_Almorhae,160.3,908,457,999,536
Botia_Striata,160.4,894,509,939,540
Pterophyllum_Scalare_W,160.4,868,515,882,552
G_Matriarche,160.4,882,87,962,136
Pterophyllum_Scalare_Y,160.4,1101,505,1134,586
Pterophyllum_Scalare_YWB,160.4,121,214,196,288
Pterophyllum_Scalare_BB,160.4,386,241,444,312
Botia_Almorhae,160.4,928,466,999,535
Botia_Striata,160.4,514,412,557,454
G_Matriarche,160.5,880,85,963,134
Pterophyllum_Scalare_Y,160.5,1103,504,1134,584
Pterophyllum_Scalare_BB,160.5,383,238,437,306
Botia_Striata,160.5,514,412,557,455
Pterophyllum_Scalare_YWB,160.5,121,214,195,288
Pterophyllum_Scalare_Y,160.6,1103,503,1135,583
Pterophyllum_Scalare_BB,160.6,377,231,432,302
Botia_Striata,160.6,514,412,557,455
Botia_Striata,160.6,896,508,942,537
Botia_Almorhae,160.6,935,468,1000,553
Pterophyllum_Scalare_YWB,160.6,121,214,195,288
G_Matriarche,160.6,880,84,964,133
Pterophyllum_Scalare_Y,160.7,1103,502,1135,583
G_Matriarche,160.7,884,83,965,133
Pterophyllum_Scalare_BB,160.7,371,225,427,294
Pterophyllum_Scalare_YWB,160.7,121,213,195,288
Botia_Striata,160.8,893,504,947,536
Pterophyllum_Scalare_Y,160.8,1105,500,1135,582
G_Matriarche,160.8,892,84,966,131
Pterophyllum_Scalare_BB,160.8,367,220,425,291
Pterophyllum_Scalare_YWB,160.8,121,213,195,288
Botia_Striata,160.8,510,410,559,455
Pterophyllum_Scalare_BB,160.9,363,215,421,286
Pterophyllum_Scalare_Y,160.9,1106,498,1136,580
Pterophyllum_Scalare_YWB,160.9,121,213,193,288
Corydoras_Panda,160.9,898,503,950,535
G_Matriarche,160.9,889,83,967,129
Corydoras_Albinos,161.0,374,136,422,225
Pterophyllum_Scalare_BB,161.0,360,213,417,282
G_Matriarche,161.0,890,83,966,129
Pterophyllum_Scalare_Y,161.0,1107,497,1136,579
Corydoras_Panda,161.0,890,497,951,531
Pterophyllum_Scalare_YWB,161.0,120,213,193,287
Pterophyllum_Scalare_BB,161.1,356,205,401,278
Pterophyllum_Scalare_Y,161.1,1108,496,1136,578
G_Matriarche,161.1,890,83,967,128
Corydoras_Panda,161.1,897,496,958,531
Pterophyllum_Scalare_W,161.1,984,491,1005,560
Pterophyllum_Scalare_YWB,161.1,120,212,193,287
Pterophyllum_Scalare_YWB,161.2,121,211,195,285
Pterophyllum_Scalare_BB,161.2,354,202,409,272
Pterophyllum_Scalare_Y,161.2,1109,496,1137,577
Corydoras_Albinos,161.2,392,244,422,321
G_Matriarche,161.2,889,84,967,128
Corydoras_Panda,161.2,896,495,960,531
Pterophyllum_Scalare_BB,161.3,351,200,406,270
Corydoras_Panda,161.3,898,494,964,531
Pterophyllum_Scalare_Y,161.3,1110,495,1137,577
G_Matriarche,161.3,885,83,968,126
Pterophyllum_Scalare_YWB,161.3,123,209,197,284
Corydoras_Albinos,161.3,379,284,424,355
Pterophyllum_Scalare_BB,161.4,346,197,403,270
Pterophyllum_Scalare_YWB,161.4,125,208,194,281
Pterophyllum_Scalare_W,161.4,867,517,882,552
Corydoras_Panda,161.4,909,494,965,528
Pterophyllum_Scalare_Y,161.4,1111,495,1137,576
G_Matriarche,161.4,890,83,969,125
Corydoras_Albinos,161.4,361,313,413,381
Pterophyllum_Scalare_Y,161.5,1112,494,1138,576
G_Matriarche,161.5,890,83,969,126
Pterophyllum_Scalare_YWB,161.5,127,206,197,280
Pterophyllum_Scalare_BB,161.5,340,194,400,266
Corydoras_Panda,161.5,907,489,970,527
Corydoras_Albinos,161.5,346,338,405,401
Corydoras_Albinos,161.6,334,354,388,417
Pterophyllum_Scalare_BB,161.6,336,191,398,265
G_Matriarche,161.6,887,84,968,126
Pterophyllum_Scalare_Y,161.6,1113,494,1138,576
Pterophyllum_Scalare_YWB,161.6,127,204,204,280
Corydoras_Panda,161.6,921,485,974,528
Pterophyllum_Scalare_YWB,161.7,129,202,207,279
Pterophyllum_Scalare_Y,161.7,515,389,559,454
G_Matriarche,161.7,888,85,967,127
Pterophyllum_Scalare_BB,161.7,330,189,392,265
Pterophyllum_Scalare_Y,161.7,1113,494,1138,575
Corydoras_Albinos,161.7,321,375,380,430
Pterophyllum_Scalare_W,161.7,866,520,882,556
Corydoras_Panda,161.7,927,483,976,528
Corydoras_Panda,161.8,936,477,976,528
Botia_Striata,161.8,867,504,939,542
G_Matriarche,161.8,884,84,967,127
Pterophyllum_Scalare_BB,161.8,324,187,388,264
Pterophyllum_Scalare_YWB,161.8,131,200,209,278
Corydoras_Albinos,161.8,312,389,370,444
Pterophyllum_Scalare_B,161.8,830,579,892,658
Pterophyllum_Scalare_Y,161.8,1114,494,1139,575
Pterophyllum_Scalare_Y,161.9,507,373,556,451
Pterophyllum_Scalare_Y,161.9,1115,495,1139,575
Pterophyllum_Scalare_BB,161.9,317,185,384,264
Pterophyllum_Scalare_YWB,161.9,132,199,212,278
Corydoras_Panda,161.9,935,477,976,528
G_Matriarche,161.9,881,83,969,130
Corydoras_Albinos,161.9,302,403,357,455
Corydoras_Albinos,162.0,294,416,351,464
Pterophyllum_Scalare_YWB,162.0,134,197,214,278
Botia_Almorhae,162.0,819,492,923,546
Pterophyllum_Scalare_BB,162.0,310,183,378,264
Pterophyllum_Scalare_B,162.0,830,582,893,660
Pterophyllum_Scalare_Y,162.0,1115,495,1139,577
G_Matriarche,162.0,883,84,967,129
Corydoras_Panda,162.0,939,479,979,531
Pterophyllum_Scalare_BB,162.1,304,182,377,264
Corydoras_Panda,162.1,938,485,983,530
Botia_Almorhae,162.1,800,488,920,545
G_Matriarche,162.1,879,82,967,130
Pterophyllum_Scalare_YWB,162.1,135,196,215,278
Corydoras_Albinos,162.1,286,426,342,471
Pterophyllum_Scalare_Y,162.1,1115,495,1140,577
Corydoras_Panda,162.2,934,489,988,531
Corydoras_Albinos,162.2,279,436,332,479
Botia_Almorhae,162.2,782,486,902,537
G_Matriarche,162.2,881,80,965,129
Pterophyllum_Scalare_BB,162.2,298,183,376,264
Pterophyllum_Scalare_YWB,162.2,136,195,217,278
Pterophyllum_Scalare_Y,162.2,1116,496,1140,575
Corydoras_Albinos,162.3,273,444,330,485
G_Matriarche,162.3,884,79,965,129
Botia_Striata,162.3,484,374,549,452
Pterophyllum_Scalare_YWB,162.3,136,194,219,278
Pterophyllum_Scalare_BB,162.3,290,183,373,266
Pterophyllum_Scalare_Y,162.3,1117,496,1140,575
Botia_Almorhae,162.3,758,484,886,529
Botia_Almorhae,162.4,743,480,873,530
Pterophyllum_Scalare_Y,162.4,1117,496,1140,575
Corydoras_Albinos,162.4,269,449,327,490
Botia_Striata,162.4,481,378,551,452
Pterophyllum_Scalare_BB,162.4,283,183,367,267
Pterophyllum_Scalare_YWB,162.4,136,194,221,278
G_Matriarche,162.4,882,76,962,128
Botia_Striata,162.5,481,381,553,452
Botia_Almorhae,162.5,731,479,850,522
Corydoras_Albinos,162.5,265,456,325,494
G_Matriarche,162.5,884,75,963,126
Pterophyllum_Scalare_Y,162.5,1117,496,1141,574
Pterophyllum_Scalare_YWB,162.5,136,192,222,278
Pterophyllum_Scalare_BB,162.5,277,182,361,268
Pterophyllum_Scalare_BB,162.6,270,181,354,268
Corydoras_Albinos,162.6,261,459,322,497
Pterophyllum_Scalare_YWB,162.6,135,191,220,275
Pterophyllum_Scalare_Y,162.6,1118,496,1141,573
Botia_Almorhae,162.6,715,477,839,520
Botia_Striata,162.6,480,385,552,453
G_Matriarche,162.6,876,73,962,127
Corydoras_Albinos,162.7,259,461,320,500
Pterophyllum_Scalare_Y,162.7,1118,496,1142,575
Pterophyllum_Scalare_Y,162.7,961,487,984,532
Botia_Striata,162.7,480,388,559,452
G_Matriarche,162.7,882,71,961,124
Pterophyllum_Scalare_YWB,162.7,133,191,216,273
Pterophyllum_Scalare_BB,162.7,262,181,344,268
G_Matriarche,162.8,881,70,961,122
Pterophyllum_Scalare_Y,162.8,1118,496,1142,575
Pterophyllum_Scalare_BB,162.8,254,181,336,268
Pterophyllum_Scalare_YWB,162.8,132,190,214,272
Corydoras_Albinos,162.8,257,467,318,503
Pterophyllum_Scalare_BB,162.9,247,182,328,269
Corydoras_Albinos,162.9,255,471,316,506
Botia_Striata,162.9,698,479,769,517
Pterophyllum_Scalare_Y,162.9,1119,496,1142,575
Pterophyllum_Scalare_YWB,162.9,130,190,212,270
G_Matriarche,162.9,884,68,960,118
Pterophyllum_Scalare_Y,163.0,1118,496,1143,575
Pterophyllum_Scalare_BB,163.0,240,184,321,271
G_Matriarche,163.0,882,65,959,115
Pterophyllum_Scalare_YWB,163.0,128,190,211,269
Corydoras_Albinos,163.0,254,469,316,509
Pterophyllum_Scalare_Y,163.1,1118,499,1143,576
G_Matriarche,163.1,879,63,959,113
Pterophyllum_Scalare_YWB,163.1,127,190,208,269
Corydoras_Albinos,163.1,253,468,316,513
Pterophyllum_Scalare_BB,163.1,232,183,314,272
Pterophyllum_Scalare_YWB,163.2,126,191,205,269
Corydoras_Albinos,163.2,254,471,315,515
Pterophyllum_Scalare_Y,163.2,1118,500,1144,578
Corydoras_Panda,163.2,931,496,987,538
G_Matriarche,163.2,880,59,957,108
Botia_Striata,163.2,507,405,556,437
Pterophyllum_Scalare_BB,163.2,225,185,307,272
G_Matriarche,163.3,882,57,958,105
Corydoras_Panda,163.3,926,492,985,542
Corydoras_Albinos,163.3,253,475,317,519
Pterophyllum_Scalare_BB,163.3,218,185,302,273
Pterophyllum_Scalare_Y,163.3,1118,503,1144,580
Pterophyllum_Scalare_YWB,163.3,124,192,202,269
Corydoras_Albinos,163.4,254,476,315,521
Pterophyllum_Scalare_BB,163.4,213,185,298,275
Pterophyllum_Scalare_YWB,163.4,122,194,197,271
Corydoras_Panda,163.4,923,493,978,550
Pterophyllum_Scalare_Y,163.4,1118,504,1145,581
G_Matriarche,163.4,880,56,956,102
Pterophyllum_Scalare_BB,163.5,211,185,294,278
Pterophyllum_Scalare_Y,163.5,1119,506,1146,582
Corydoras_Panda,163.5,920,493,970,555
Pterophyllum_Scalare_YWB,163.5,117,195,192,273
Corydoras_Albinos,163.5,255,478,315,524
G_Matriarche,163.5,881,54,954,100
Pterophyllum_Scalare_Y,163.6,1119,509,1146,583
G_Matriarche,163.6,880,50,953,98
Corydoras_Panda,163.6,918,493,970,554
Pterophyllum_Scalare_BB,163.6,210,186,292,278
Pterophyllum_Scalare_YWB,163.6,111,197,186,276
Corydoras_Albinos,163.6,255,482,316,528
Pterophyllum_Scalare_BB,163.7,207,188,286,280
Corydoras_Albinos,163.7,256,486,317,529
Pterophyllum_Scalare_Y,163.7,1119,511,1146,585
Pterophyllum_Scalare_YWB,163.7,106,198,179,278
Corydoras_Panda,163.7,915,499,966,556
Corydoras_Panda,163.8,915,494,958,556
Corydoras_Albinos,163.8,254,491,314,533
Pterophyllum_Scalare_YWB,163.8,101,199,171,278
Pterophyllum_Scalare_Y,163.8,1119,513,1147,587
Pterophyllum_Scalare_BB,163.8,203,190,279,280
Corydoras_Panda,163.9,914,496,955,556
Pterophyllum_Scalare_YWB,163.9,97,199,165,280
Pterophyllum_Scalare_B,163.9,814,569,869,658
Corydoras_Albinos,163.9,254,493,314,537
Pterophyllum_Scalare_BB,163.9,198,192,274,282
Pterophyllum_Scalare_Y,163.9,1119,515,1148,588
Pterophyllum_Scalare_BB,164.0,194,193,269,283
Corydoras_Albinos,164.0,252,494,313,541
Corydoras_Panda,164.0,914,496,949,555
Pterophyllum_Scalare_Y,164.0,1120,516,1148,588
Pterophyllum_Scalare_YWB,164.0,94,199,159,281
Pterophyllum_Scalare_B,164.0,812,570,872,658
Pterophyllum_Scalare_YWB,164.1,90,199,154,282
Pterophyllum_Scalare_B,164.1,810,571,869,657
Corydoras_Albinos,164.1,249,499,309,545
Pterophyllum_Scalare_Y,164.1,1120,516,1149,588
Corydoras_Panda,164.1,910,499,946,556
Pterophyllum_Scalare_BB,164.1,191,193,264,283
Corydoras_Albinos,164.2,247,504,307,548
Corydoras_Panda,164.2,900,505,951,558
Pterophyllum_Scalare_B,164.2,812,570,866,656
Pterophyllum_Scalare_YWB,164.2,89,199,151,284
Pterophyllum_Scalare_Y,164.2,1121,516,1149,588
Pterophyllum_Scalare_BB,164.2,188,193,261,284
Corydoras_Panda,164.3,898,510,946,558
Pterophyllum_Scalare_BB,164.3,186,193,259,285
Corydoras_Albinos,164.3,245,510,300,551
Pterophyllum_Scalare_Y,164.3,1121,516,1150,588
Pterophyllum_Scalare_B,164.3,812,569,868,657
Pterophyllum_Scalare_YWB,164.3,88,201,147,285
Corydoras_Panda,164.4,894,514,944,559
Corydoras_Albinos,164.4,244,512,298,554
Pterophyllum_Scalare_B,164.4,811,573,866,657
Pterophyllum_Scalare_YWB,164.4,88,202,144,286
Pterophyllum_Scalare_Y,164.4,1121,516,1150,589
Pterophyllum_Scalare_BB,164.4,184,194,257,286
Corydoras_Albinos,164.5,242,516,297,557
Corydoras_Panda,164.5,891,513,940,558
Pterophyllum_Scalare_YWB,164.5,88,203,144,287
Pterophyllum_Scalare_BB,164.5,182,194,256,287
Pterophyllum_Scalare_Y,164.5,1122,516,1150,589
Pterophyllum_Scalare_B,164.5,812,569,865,657
Pterophyllum_Scalare_BB,164.6,181,195,254,288
Pterophyllum_Scalare_Y,164.6,1122,515,1151,589
Pterophyllum_Scalare_YWB,164.6,87,204,144,287
Corydoras_Panda,164.6,889,517,933,558
Corydoras_Albinos,164.6,241,523,294,562
Corydoras_Albinos,164.7,241,523,296,564
Pterophyllum_Scalare_YWB,164.7,87,204,145,289
Corydoras_Panda,164.7,890,518,925,559
Pterophyllum_Scalare_BB,164.7,180,195,255,288
Pterophyllum_Scalare_B,164.7,812,573,866,659
Pterophyllum_Scalare_Y,164.7,1122,515,1151,589
Pterophyllum_Scalare_YWB,164.8,87,205,146,289
Pterophyllum_Scalare_B,164.8,812,570,863,659
Corydoras_Albinos,164.8,239,528,295,567
Pterophyllum_Scalare_Y,164.8,1122,516,1151,589
Corydoras_Panda,164.8,889,515,923,561
Pterophyllum_Scalare_BB,164.8,179,194,255,288
Pterophyllum_Scalare_BB,164.9,175,195,256,289
Corydoras_Albinos,164.9,237,532,292,570
Pterophyllum_Scalare_B,164.9,812,570,862,659
Corydoras_Panda,164.9,888,518,919,561
Pterophyllum_Scalare_Y,164.9,1122,516,1151,589
Pterophyllum_Scalare_YWB,164.9,87,206,146,290
Corydoras_Albinos,165.0,238,540,290,577
Pterophyllum_Scalare_Y,165.0,1123,516,1151,590
Pterophyllum_Scalare_BB,165.0,184,196,257,289
Pterophyllum_Scalare_B,165.0,811,568,856,657
Corydoras_Panda,165.0,879,524,924,570
G_Matriarche,165.0,871,38,944,88
Pterophyllum_Scalare_Y,165.0,437,372,474,419
Pterophyllum_Scalare_YWB,165.0,86,207,146,291
G_Matriarche,165.1,866,35,945,89
Pterophyllum_Scalare_B,165.1,811,568,854,654
Pterophyllum_Scalare_BB,165.1,185,196,258,289
Corydoras_Panda,165.1,877,527,922,571
Pterophyllum_Scalare_YWB,165.1,87,208,146,291
Corydoras_Albinos,165.1,236,546,290,582
Pterophyllum_Scalare_Y,165.1,1123,517,1151,590
Pterophyllum_Scalare_BB,165.2,184,196,258,289
Pterophyllum_Scalare_B,165.2,811,569,852,655
Corydoras_Albinos,165.2,233,551,289,588
Corydoras_Panda,165.2,877,527,921,571
Pterophyllum_Scalare_Y,165.2,1123,517,1151,590
Pterophyllum_Scalare_YWB,165.2,87,208,146,291
Pterophyllum_Scalare_Y,165.3,1123,517,1151,590
Corydoras_Albinos,165.3,233,561,284,593
Pterophyllum_Scalare_BB,165.3,182,197,258,289
Botia_Almorhae,165.3,396,382,435,456
Corydoras_Panda,165.3,875,529,917,571
Pterophyllum_Scalare_YWB,165.3,86,209,146,291
Pterophyllum_Scalare_B,165.3,811,572,849,654
Pterophyllum_Scalare_YWB,165.4,87,209,146,290
Botia_Almorhae,165.4,398,379,438,461
Pterophyllum_Scalare_BB,165.4,182,197,257,289
Pterophyllum_Scalare_B,165.4,811,572,847,654
Pterophyllum_Scalare_Y,165.4,1123,518,1151,590
Corydoras_Panda,165.4,873,529,914,571
Corydoras_Albinos,165.4,232,570,280,599
G_Matriarche,165.5,864,35,938,89
Pterophyllum_Scalare_YWB,165.5,87,209,146,291
Botia_Almorhae,165.5,386,393,434,455
Corydoras_Panda,165.5,863,533,914,575
Pterophyllum_Scalare_B,165.5,811,569,848,652
Pterophyllum_Scalare_BB,165.5,181,198,258,289
G_Matriarche,165.5,148,212,174,247
Pterophyllum_Scalare_Y,165.5,1123,518,1151,589
Corydoras_Albinos,165.5,230,574,280,605
Corydoras_Panda,165.6,859,535,910,573
Pterophyllum_Scalare_Y,165.6,1123,518,1150,589
Botia_Striata,165.6,442,360,491,415
Pterophyllum_Scalare_B,165.6,811,567,847,651
Pterophyllum_Scalare_BB,165.6,181,198,257,290
Pterophyllum_Scalare_YWB,165.6,88,209,148,289
Corydoras_Albinos,165.6,231,580,280,609
Pterophyllum_Scalare_B,165.7,812,566,845,650
Pterophyllum_Scalare_YWB,165.7,89,208,150,288
Pterophyllum_Scalare_Y,165.7,1123,518,1150,589
Corydoras_Albinos,165.7,232,585,276,613
Corydoras_Panda,165.7,854,537,907,574
G_Matriarche,165.7,860,35,935,87
Pterophyllum_Scalare_BB,165.7,179,199,257,290
Pterophyllum_Scalare_Y,165.8,1123,520,1150,588
Pterophyllum_Scalare_B,165.8,813,566,846,649
Pterophyllum_Scalare_BB,165.8,178,200,256,290
Pterophyllum_Scalare_YWB,165.8,90,208,153,287
Corydoras_Albinos,165.8,233,589,273,616
G_Matriarche,165.8,859,34,934,86
G_Matriarche,165.9,856,34,931,90
Pterophyllum_Scalare_YWB,165.9,92,209,157,289
Pterophyllum_Scalare_BB,165.9,176,201,256,290
Pterophyllum_Scalare_Y,165.9,1123,521,1150,588
Corydoras_Panda,165.9,847,544,887,575
Pterophyllum_Scalare_B,165.9,814,565,845,648
Corydoras_Albinos,165.9,232,591,278,620
Pterophyllum_Scalare_BB,166.0,175,200,256,290
Corydoras_Panda,166.0,842,553,880,575
Pterophyllum_Scalare_Y,166.0,1122,521,1150,588
Corydoras_Albinos,166.0,232,594,274,620
Pterophyllum_Scalare_YWB,166.0,93,208,159,288
Pterophyllum_Scalare_BB,166.1,175,201,256,291
Pterophyllum_Scalare_Y,166.1,1122,522,1150,587
Corydoras_Panda,166.1,834,552,879,576
Corydoras_Albinos,166.1,232,593,277,619
Pterophyllum_Scalare_YWB,166.1,95,209,161,288
Corydoras_Albinos,166.2,231,591,278,620
Pterophyllum_Scalare_Y,166.2,1122,522,1149,587
Pterophyllum_Scalare_BB,166.2,174,202,256,289
G_Matriarche,166.2,845,37,927,87
Botia_Striata,166.2,493,345,529,398
Corydoras_Panda,166.2,829,553,875,574
Pterophyllum_Scalare_YWB,166.2,97,209,163,287
Pterophyllum_Scalare_BB,166.3,174,203,256,290
Corydoras_Panda,166.3,823,552,867,572
G_Matriarche,166.3,841,36,924,85
Pterophyllum_Scalare_W,166.3,856,529,881,555
Pterophyllum_Scalare_YWB,166.3,97,208,162,287
Pterophyllum_Scalare_Y,166.3,1122,522,1149,587
Corydoras_Albinos,166.3,230,589,278,621
Corydoras_Panda,166.4,821,551,865,571
Pterophyllum_Scalare_Y,166.4,1122,522,1149,587
G_Matriarche,166.4,839,40,921,84
Pterophyllum_Scalare_BB,166.4,174,203,256,284
Pterophyllum_Scalare_YWB,166.4,97,206,161,287
Corydoras_Albinos,166.4,229,586,278,621
Pterophyllum_Scalare_Y,166.5,1123,522,1148,588
Pterophyllum_Scalare_YWB,166.5,97,205,161,286
Pterophyllum_Scalare_BB,166.5,173,204,258,286
G_Matriarche,166.5,835,41,916,82
Corydoras_Albinos,166.5,229,584,272,620
Corydoras_Albinos,166.6,228,580,274,620
Pterophyllum_Scalare_BB,166.6,174,204,260,286
G_Matriarche,166.6,830,42,912,82
Pterophyllum_Scalare_Y,166.6,1123,521,1148,588
Pterophyllum_Scalare_YWB,166.6,97,203,159,285
G_Matriarche,166.7,824,44,909,82
Pterophyllum_Scalare_BB,166.7,174,205,261,285
Corydoras_Albinos,166.7,228,583,267,621
Pterophyllum_Scalare_Y,166.7,1124,521,1148,588
Pterophyllum_Scalare_YWB,166.7,96,201,156,284
G_Matriarche,166.8,823,47,905,83
Pterophyllum_Scalare_Y,166.8,1125,522,1148,589
Corydoras_Albinos,166.8,717,630,764,658
Pterophyllum_Scalare_W,166.8,854,527,881,554
Pterophyllum_Scalare_YWB,166.8,96,199,155,280
Corydoras_Albinos,166.8,227,582,263,621
Pterophyllum_Scalare_BB,166.8,174,205,262,288
Corydoras_Albinos,166.9,715,630,765,659
Pterophyllum_Scalare_Y,166.9,1126,523,1148,590
Corydoras_Albinos,166.9,227,578,267,621
Pterophyllum_Scalare_BB,166.9,175,205,262,292
Pterophyllum_Scalare_YWB,166.9,95,197,153,277
Pterophyllum_Scalare_W,166.9,854,527,880,553
G_Matriarche,166.9,816,49,901,86
Corydoras_Albinos,167.0,716,630,765,659
G_Matriarche,167.0,805,51,895,88
Pterophyllum_Scalare_BB,167.0,176,207,263,295
Pterophyllum_Scalare_YWB,167.0,94,194,150,272
Pterophyllum_Scalare_Y,167.0,1127,525,1147,592
Pterophyllum_Scalare_W,167.0,853,526,881,554
Corydoras_Albinos,167.0,227,579,267,621
Pterophyllum_Scalare_YWB,167.1,95,190,149,269
Corydoras_Albinos,167.1,229,581,271,621
Corydoras_Albinos,167.1,716,630,764,658
Pterophyllum_Scalare_Y,167.1,1128,529,1148,594
Pterophyllum_Scalare_W,167.1,852,526,880,553
Pterophyllum_Scalare_BB,167.1,176,208,265,298
G_Matriarche,167.1,802,53,891,90
Pterophyllum_Scalare_W,167.2,852,525,880,553
Pterophyllum_Scalare_Y,167.2,1128,531,1149,596
G_Matriarche,167.2,795,55,882,92
Corydoras_Albinos,167.2,230,582,274,621
Pterophyllum_Scalare_BB,167.2,176,209,266,299
Corydoras_Albinos,167.2,716,630,764,659
Pterophyllum_Scalare_YWB,167.2,95,188,148,265
Pterophyllum_Scalare_Y,167.3,1127,533,1149,600
Corydoras_Albinos,167.3,228,586,278,622
G_Matriarche,167.3,793,56,873,93
Pterophyllum_Scalare_YWB,167.3,95,184,148,262
Pterophyllum_Scalare_W,167.3,851,525,880,552
Corydoras_Albinos,167.3,716,630,764,658
Pterophyllum_Scalare_BB,167.3,174,210,266,299
G_Matriarche,167.4,789,57,869,95
Pterophyllum_Scalare_BB,167.4,173,209,264,299
Pterophyllum_Scalare_Y,167.4,1127,536,1150,602
Corydoras_Albinos,167.4,716,629,765,659
Pterophyllum_Scalare_YWB,167.4,95,181,148,260
Corydoras_Albinos,167.4,226,588,276,623
Pterophyllum_Scalare_W,167.4,850,525,879,551
Pterophyllum_Scalare_BB,167.5,172,208,261,299
Pterophyllum_Scalare_YWB,167.5,95,179,148,257
G_Matriarche,167.5,783,59,863,95
Pterophyllum_Scalare_B,167.5,818,584,853,654
Pterophyllum_Scalare_W,167.5,850,525,878,551
Corydoras_Albinos,167.5,224,589,275,622
Corydoras_Albinos,167.5,716,629,764,658
Corydoras_Panda,167.5,819,552,859,570
Pterophyllum_Scalare_Y,167.5,1126,537,1150,601
Pterophyllum_Scalare_W,167.6,847,524,878,551
Corydoras_Albinos,167.6,223,588,272,621
Corydoras_Albinos,167.6,716,630,765,658
Pterophyllum_Scalare_B,167.6,817,583,854,651
G_Matriarche,167.6,776,61,857,96
Pterophyllum_Scalare_YWB,167.6,95,177,146,256
Pterophyllum_Scalare_BB,167.6,170,207,258,300
Pterophyllum_Scalare_Y,167.6,1125,535,1150,603
Pterophyllum_Scalare_Y,167.7,1124,535,1150,605
G_Matriarche,167.7,765,63,847,101
Pterophyllum_Scalare_W,167.7,845,523,879,549
Corydoras_Albinos,167.7,717,628,764,658
Pterophyllum_Scalare_BB,167.7,169,207,256,299
Pterophyllum_Scalare_YWB,167.7,94,174,144,254
Corydoras_Albinos,167.7,223,586,275,622
Pterophyllum_Scalare_B,167.7,818,582,855,650
Pterophyllum_Scalare_B,167.8,818,583,855,650
Corydoras_Albinos,167.8,222,585,267,620
G_Matriarche,167.8,752,60,842,115
Corydoras_Panda,167.8,828,546,867,574
Pterophyllum_Scalare_YWB,167.8,93,172,142,253
Pterophyllum_Scalare_Y,167.8,1124,535,1151,605
Pterophyllum_Scalare_BB,167.8,167,206,253,297
Pterophyllum_Scalare_YWB,167.9,93,170,142,250
Pterophyllum_Scalare_Y,167.9,1124,533,1151,605
G_Matriarche,167.9,747,68,826,120
Pterophyllum_Scalare_B,167.9,817,585,855,651
Corydoras_Albinos,167.9,221,580,269,618
Pterophyllum_Scalare_BB,167.9,165,205,250,295
Pterophyllum_Scalare_BB,168.0,163,204,239,292
Pterophyllum_Scalare_Y,168.0,1124,531,1150,604
G_Matriarche,168.0,735,76,814,127
Pterophyllum_Scalare_B,168.0,816,583,855,650
Pterophyllum_Scalare_YWB,168.0,94,167,141,247
Corydoras_Albinos,168.0,220,579,259,618
Pterophyllum_Scalare_BB,168.1,161,204,237,292
Pterophyllum_Scalare_W,168.1,829,516,881,570
G_Matriarche,168.1,729,83,809,131
Corydoras_Albinos,168.1,221,580,258,617
Pterophyllum_Scalare_Y,168.1,1124,532,1151,604
Pterophyllum_Scalare_YWB,168.1,94,167,140,246
Pterophyllum_Scalare_B,168.1,817,582,856,650
Pterophyllum_Scalare_YWB,168.2,94,167,138,242
Pterophyllum_Scalare_Y,168.2,1124,531,1151,604
Pterophyllum_Scalare_B,168.2,817,583,855,652
Corydoras_Albinos,168.2,220,580,256,618
G_Matriarche,168.2,722,89,805,135
Pterophyllum_Scalare_W,168.2,828,516,880,571
Pterophyllum_Scalare_BB,168.2,159,202,235,289
Pterophyllum_Scalare_Y,168.3,1124,531,1151,604
Pterophyllum_Scalare_BB,168.3,157,200,234,286
Pterophyllum_Scalare_W,168.3,826,515,879,567
Pterophyllum_Scalare_YWB,168.3,94,167,137,242
Corydoras_Albinos,168.3,219,575,259,618
Pterophyllum_Scalare_B,168.3,818,583,856,650
G_Matriarche,168.3,717,94,805,139
G_Matriarche,168.4,713,99,804,144
Pterophyllum_Scalare_YWB,168.4,94,166,137,241
Pterophyllum_Scalare_W,168.4,830,514,880,563
Corydoras_Albinos,168.4,219,574,261,617
Pterophyllum_Scalare_Y,168.4,1124,531,1151,604
Pterophyllum_Scalare_BB,168.4,155,198,227,283
Pterophyllum_Scalare_B,168.4,818,583,856,652
Pterophyllum_Scalare_BB,168.5,152,197,222,280
G_Matriarche,168.5,710,102,804,147
Pterophyllum_Scalare_Y,168.5,1124,531,1151,604
Pterophyllum_Scalare_YWB,168.5,94,165,136,239
Corydoras_Albinos,168.5,217,578,260,619
Pterophyllum_Scalare_W,168.5,829,514,879,555
Pterophyllum_Scalare_B,168.5,818,582,858,654
Pterophyllum_Scalare_YWB,168.6,94,163,135,238
Corydoras_Albinos,168.6,217,572,264,619
G_Matriarche,168.6,709,107,801,148
Pterophyllum_Scalare_BB,168.6,149,195,219,277
Pterophyllum_Scalare_Y,168.6,1124,531,1151,603
Pterophyllum_Scalare_B,168.6,818,582,859,655
Pterophyllum_Scalare_W,168.6,829,513,880,551
Pterophyllum_Scalare_B,168.7,817,581,861,658
Pterophyllum_Scalare_W,168.7,828,512,881,547
G_Matriarche,168.7,707,113,798,149
Pterophyllum_Scalare_BB,168.7,146,192,213,273
Pterophyllum_Scalare_Y,168.7,1123,531,1151,603
Pterophyllum_Scalare_YWB,168.7,93,161,135,237
Corydoras_Albinos,168.7,215,586,259,620
Pterophyllum_Scalare_BB,168.8,144,189,209,272
Pterophyllum_Scalare_Y,168.8,1123,533,1151,603
Corydoras_Albinos,168.8,219,578,265,618
Pterophyllum_Scalare_YWB,168.8,93,160,134,235
G_Matriarche,168.8,706,116,797,152
Pterophyllum_Scalare_W,168.8,827,511,881,547
Corydoras_Albinos,168.9,218,571,268,619
G_Matriarche,168.9,707,117,797,157
Pterophyllum_Scalare_YWB,168.9,93,161,133,234
Pterophyllum_Scalare_W,168.9,826,510,882,545
Pterophyllum_Scalare_BB,168.9,141,186,205,268
Pterophyllum_Scalare_Y,168.9,1123,533,1150,603
Pterophyllum_Scalare_B,168.9,818,582,867,661
Corydoras_Albinos,169.0,219,576,267,618
Pterophyllum_Scalare_BB,169.0,139,183,201,266
Pterophyllum_Scalare_W,169.0,825,509,882,545
Pterophyllum_Scalare_YWB,169.0,93,159,134,235
Pterophyllum_Scalare_B,169.0,819,584,869,662
Pterophyllum_Scalare_Y,169.0,1123,534,1150,604
G_Matriarche,169.0,709,119,797,160
Pterophyllum_Scalare_BB,169.1,137,180,199,264
Pterophyllum_Scalare_W,169.1,825,508,883,542
Corydoras_Albinos,169.1,218,582,268,617
Pterophyllum_Scalare_Y,169.1,1122,534,1149,603
Pterophyllum_Scalare_B,169.1,820,585,871,662
Pterophyllum_Scalare_YWB,169.1,91,158,133,234
G_Matriarche,169.1,712,118,799,162
Pterophyllum_Scalare_Y,169.2,1122,537,1148,603
Corydoras_Albinos,169.2,218,585,271,617
Botia_Striata,169.2,559,353,612,390
Pterophyllum_Scalare_B,169.2,820,595,871,661
Pterophyllum_Scalare_W,169.2,823,506,883,545
Pterophyllum_Scalare_YWB,169.2,90,158,131,235
Pterophyllum_Scalare_BB,169.2,136,177,196,261
G_Matriarche,169.2,712,116,800,163
Pterophyllum_Scalare_BB,169.3,134,175,194,258
Pterophyllum_Scalare_Y,169.3,1120,538,1148,604
G_Matriarche,169.3,711,114,804,162
Pterophyllum_Scalare_W,169.3,822,505,881,542
Pterophyllum_Scalare_B,169.3,821,595,872,662
Corydoras_Albinos,169.3,218,585,276,618
Pterophyllum_Scalare_YWB,169.3,88,158,130,237
Pterophyllum_Scalare_W,169.4,820,504,880,547
G_Matriarche,169.4,721,110,795,157
Pterophyllum_Scalare_BB,169.4,133,172,190,254
Pterophyllum_Scalare_YWB,169.4,87,158,128,237
Pterophyllum_Scalare_Y,169.4,1118,543,1148,605
Corydoras_Albinos,169.4,220,587,279,618
Pterophyllum_Scalare_B,169.4,823,594,874,663
G_Matriarche,169.5,721,105,794,157
Pterophyllum_Scalare_Y,169.5,1117,546,1146,605
Corydoras_Albinos,169.5,223,589,279,621
Pterophyllum_Scalare_BB,169.5,130,169,187,249
Pterophyllum_Scalare_W,169.5,817,502,877,544
Pterophyllum_Scalare_B,169.5,826,593,877,663
Pterophyllum_Scalare_YWB,169.5,84,159,125,239
Pterophyllum_Scalare_Y,169.6,1115,547,1147,606
Pterophyllum_Scalare_YWB,169.6,82,161,122,239
Pterophyllum_Scalare_B,169.6,829,592,879,661
Pterophyllum_Scalare_W,169.6,813,501,877,542
Corydoras_Albinos,169.6,226,587,279,622
G_Matriarche,169.6,716,101,793,158
Pterophyllum_Scalare_BB,169.6,129,164,184,245
Pterophyllum_Scalare_BB,169.7,126,161,182,241
G_Matriarche,169.7,712,93,780,147
Pterophyllum_Scalare_YWB,169.7,81,161,123,239
Corydoras_Albinos,169.7,224,589,279,622
Pterophyllum_Scalare_Y,169.7,1114,549,1146,608
Pterophyllum_Scalare_B,169.7,829,585,880,660
Pterophyllum_Scalare_BB,169.8,126,157,180,237
Pterophyllum_Scalare_Y,169.8,587,378,622,414
Pterophyllum_Scalare_B,169.8,830,582,881,659
G_Matriarche,169.8,703,86,783,148
Pterophyllum_Scalare_Y,169.8,1112,551,1144,611
Corydoras_Albinos,169.8,222,588,279,623
Pterophyllum_Scalare_YWB,169.8,79,160,123,240
Pterophyllum_Scalare_YWB,169.9,78,161,120,240
Pterophyllum_Scalare_B,169.9,832,584,881,658
G_Matriarche,169.9,699,82,778,141
Pterophyllum_Scalare_Y,169.9,1109,553,1143,613
Pterophyllum_Scalare_BB,169.9,127,152,178,230
Pterophyllum_Scalare_W,169.9,807,499,872,537
Corydoras_Albinos,169.9,221,589,278,622
G_Matriarche,170.0,703,76,771,119
Pterophyllum_Scalare_Y,170.0,1108,555,1140,615
Pterophyllum_Scalare_W,170.0,805,497,872,537
Pterophyllum_Scalare_B,170.0,832,582,881,656
Botia_Almorhae,170.0,535,312,564,365
Pterophyllum_Scalare_BB,170.0,127,147,178,226
Pterophyllum_Scalare_YWB,170.0,78,161,116,239
Corydoras_Albinos,170.0,220,590,279,623
Corydoras_Albinos,170.1,717,628,768,658
Pterophyllum_Scalare_B,170.1,834,584,882,656
Corydoras_Albinos,170.1,220,590,278,625
Pterophyllum_Scalare_Y,170.1,1105,556,1138,616
G_Matriarche,170.1,689,73,754,138
Pterophyllum_Scalare_YWB,170.1,77,160,114,240
Pterophyllum_Scalare_BB,170.1,127,142,177,222
Pterophyllum_Scalare_W,170.1,804,496,871,536
Corydoras_Albinos,170.2,717,627,767,658
Corydoras_Albinos,170.2,219,593,278,627
Pterophyllum_Scalare_Y,170.2,1103,556,1137,618
Pterophyllum_Scalare_YWB,170.2,77,160,111,242
G_Matriarche,170.2,686,77,748,114
Pterophyllum_Scalare_W,170.2,803,494,869,536
Pterophyllum_Scalare_BB,170.2,126,138,178,216
Pterophyllum_Scalare_W,170.3,800,492,867,536
Pterophyllum_Scalare_Y,170.3,1101,555,1136,618
Pterophyllum_Scalare_B,170.3,837,584,886,660
Pterophyllum_Scalare_BB,170.3,126,132,179,210
Pterophyllum_Scalare_YWB,170.3,75,161,108,243
G_Matriarche,170.3,681,79,748,118
Corydoras_Albinos,170.3,717,628,766,658
Corydoras_Albinos,170.3,219,595,278,630
Corydoras_Albinos,170.4,719,628,765,656
Pterophyllum_Scalare_B,170.4,839,582,884,658
Pterophyllum_Scalare_YWB,170.4,75,164,104,244
Pterophyllum_Scalare_BB,170.4,127,127,180,201
Pterophyllum_Scalare_W,170.4,797,491,865,535
Pterophyllum_Scalare_Y,170.4,1100,554,1136,618
Corydoras_Albinos,170.4,220,595,277,630
Pterophyllum_Scalare_BB,170.5,127,122,183,198
Corydoras_Albinos,170.5,218,600,270,629
Corydoras_Albinos,170.5,719,629,766,656
Pterophyllum_Scalare_Y,170.5,1101,552,1135,618
Pterophyllum_Scalare_W,170.5,796,490,857,526
Pterophyllum_Scalare_W,170.6,796,488,859,532
Pterophyllum_Scalare_BB,170.6,126,118,185,194
Pterophyllum_Scalare_Y,170.6,1101,550,1135,618
Corydoras_Albinos,170.6,720,629,766,656
Pterophyllum_Scalare_YWB,170.6,76,166,102,238
Corydoras_Albinos,170.6,217,599,272,630
Pterophyllum_Scalare_W,170.7,795,487,855,521
Pterophyllum_Scalare_Y,170.7,1101,548,1135,618
Pterophyllum_Scalare_YWB,170.7,76,168,102,238
Pterophyllum_Scalare_BB,170.7,126,115,185,189
Corydoras_Albinos,170.7,217,595,274,629
G_Matriarche,170.7,674,105,734,145
Corydoras_Albinos,170.7,719,630,767,657
Pterophyllum_Scalare_BB,170.8,128,115,183,186
Corydoras_Albinos,170.8,217,597,270,629
G_Matriarche,170.8,673,116,755,148
Pterophyllum_Scalare_W,170.8,794,485,845,520
Pterophyllum_Scalare_Y,170.8,1101,548,1135,618
Pterophyllum_Scalare_YWB,170.8,75,167,102,242
Corydoras_Albinos,170.9,216,595,270,630
Pterophyllum_Scalare_W,170.9,792,484,842,519
Pterophyllum_Scalare_YWB,170.9,75,171,103,242
Pterophyllum_Scalare_Y,170.9,1101,547,1134,618
G_Matriarche,170.9,675,119,770,151
Pterophyllum_Scalare_BB,170.9,127,113,184,186
Corydoras_Albinos,171.0,217,597,271,629
Pterophyllum_Scalare_BB,171.0,127,112,185,183
Pterophyllum_Scalare_W,171.0,792,482,841,516
Pterophyllum_Scalare_Y,171.0,1102,547,1133,618
Pterophyllum_Scalare_YWB,171.0,76,171,103,249
G_Matriarche,171.0,695,121,784,152
Corydoras_Albinos,171.1,221,598,267,629
Pterophyllum_Scalare_YWB,171.1,77,172,105,253
Pterophyllum_Scalare_BB,171.1,134,109,185,167
Pterophyllum_Scalare_W,171.1,794,480,843,513
Pterophyllum_Scalare_Y,171.1,1102,546,1133,619
G_Matriarche,171.1,704,124,793,157
G_Matriarche,171.2,716,125,799,161
Pterophyllum_Scalare_W,171.2,793,478,840,512
Corydoras_Albinos,171.2,226,593,273,630
Corydoras_Panda,171.2,827,513,861,538
Pterophyllum_Scalare_BB,171.2,140,109,186,163
Pterophyllum_Scalare_Y,171.2,1103,543,1133,618
Pterophyllum_Scalare_YWB,171.2,76,170,109,257
Pterophyllum_Scalare_Y,171.3,1103,542,1133,617
Pterophyllum_Scalare_YWB,171.3,75,171,112,261
G_Matriarche,171.3,725,125,805,164
Corydoras_Panda,171.3,826,512,869,535
Pterophyllum_Scalare_BB,171.3,139,104,187,179
Corydoras_Albinos,171.3,227,592,274,631
Pterophyllum_Scalare_W,171.3,792,477,836,514
Pterophyllum_Scalare_Y,171.4,1104,540,1134,616
Corydoras_Albinos,171.4,232,589,271,632
Pterophyllum_Scalare_W,171.4,791,476,834,513
Pterophyllum_Scalare_YWB,171.4,77,176,114,261
Corydoras_Panda,171.4,825,512,867,535
Pterophyllum_Scalare_BB,171.4,141,98,189,176
G_Matriarche,171.4,731,124,811,166
Corydoras_Albinos,171.5,234,587,269,634
Pterophyllum_Scalare_YWB,171.5,79,179,117,264
Pterophyllum_Scalare_Y,171.5,1105,539,1134,615
Pterophyllum_Scalare_BB,171.5,142,96,191,175
Pterophyllum_Scalare_W,171.5,790,476,833,511
G_Matriarche,171.5,738,125,817,169
Corydoras_Panda,171.5,824,510,870,533
Corydoras_Albinos,171.6,235,589,273,637
G_Matriarche,171.6,745,124,822,173
Corydoras_Panda,171.6,822,511,874,534
Pterophyllum_Scalare_Y,171.6,1104,537,1135,614
Pterophyllum_Scalare_YWB,171.6,80,181,121,266
Pterophyllum_Scalare_BB,171.6,143,90,194,174
Pterophyllum_Scalare_W,171.6,791,475,832,511
Corydoras_Panda,171.7,822,512,875,537
Pterophyllum_Scalare_W,171.7,789,475,833,513
G_Matriarche,171.7,751,126,829,175
Corydoras_Albinos,171.7,236,589,275,640
Pterophyllum_Scalare_Y,171.7,1104,536,1135,613
Pterophyllum_Scalare_BB,171.7,142,89,193,173
Pterophyllum_Scalare_YWB,171.7,81,180,124,267
Pterophyllum_Scalare_W,171.8,789,474,832,513
G_Matriarche,171.8,761,127,828,175
Pterophyllum_Scalare_BB,171.8,142,89,192,173
Pterophyllum_Scalare_YWB,171.8,82,183,126,269
Corydoras_Albinos,171.8,238,589,278,644
Pterophyllum_Scalare_Y,171.8,1103,536,1135,612
Corydoras_Panda,171.8,822,514,873,542
Pterophyllum_Scalare_W,171.9,788,474,833,512
Pterophyllum_Scalare_YWB,171.9,82,182,127,269
Pterophyllum_Scalare_Y,171.9,1102,536,1135,611
Pterophyllum_Scalare_BB,171.9,143,93,193,172
G_Matriarche,171.9,758,125,832,171
Corydoras_Albinos,171.9,241,596,282,645
Pterophyllum_Scalare_BB,172.0,145,94,193,173
Pterophyllum_Scalare_YWB,172.0,82,181,128,270
G_Matriarche,172.0,767,124,839,170
Corydoras_Albinos,172.0,241,594,283,646
Pterophyllum_Scalare_Y,172.0,1101,535,1135,611
Pterophyllum_Scalare_W,172.0,789,474,833,510
G_Matriarche,172.1,783,123,844,168
Botia_Almorhae,172.1,486,250,549,320
Pterophyllum_Scalare_Y,172.1,1100,534,1136,611
Pterophyllum_Scalare_W,172.1,789,474,832,511
Pterophyllum_Scalare_YWB,172.1,82,180,128,271
Pterophyllum_Scalare_BB,172.1,147,94,193,173
Corydoras_Albinos,172.1,241,603,276,643
G_Matriarche,172.2,792,122,851,168
Pterophyllum_Scalare_YWB,172.2,83,179,129,271
Pterophyllum_Scalare_W,172.2,788,473,831,512
Corydoras_Panda,172.2,798,501,852,523
Pterophyllum_Scalare_Y,172.2,1099,534,1136,611
Corydoras_Albinos,172.2,240,601,277,642
Botia_Almorhae,172.2,484,242,528,319
Pterophyllum_Scalare_BB,172.2,146,95,194,175
Pterophyllum_Scalare_W,172.3,789,473,830,515
Pterophyllum_Scalare_Y,172.3,1098,533,1136,610
Pterophyllum_Scalare_BB,172.3,144,93,194,175
Pterophyllum_Scalare_YWB,172.3,83,179,129,273
Botia_Almorhae,172.3,479,238,523,320
Pterophyllum_Scalare_Y,172.4,1098,533,1136,610
Pterophyllum_Scalare_YWB,172.4,84,181,130,274
Botia_Almorhae,172.4,477,232,511,322
Pterophyllum_Scalare_W,172.4,789,473,838,519
Pterophyllum_Scalare_BB,172.4,142,95,194,176
Pterophyllum_Scalare_BB,172.5,142,95,194,176
Botia_Almorhae,172.5,473,234,505,323
Pterophyllum_Scalare_Y,172.5,1096,532,1136,610
Pterophyllum_Scalare_YWB,172.5,86,182,131,276
Pterophyllum_Scalare_W,172.5,789,472,835,517
Pterophyllum_Scalare_BB,172.6,140,97,195,177
Pterophyllum_Scalare_YWB,172.6,89,185,134,276
Botia_Almorhae,172.6,468,233,506,313
Corydoras_Albinos,172.6,243,597,276,636
Pterophyllum_Scalare_W,172.6,788,472,832,517
Pterophyllum_Scalare_Y,172.6,1095,533,1136,610
Botia_Almorhae,172.7,467,230,512,308
Pterophyllum_Scalare_YWB,172.7,90,184,136,276
Pterophyllum_Scalare_Y,172.7,1095,533,1136,611
Pterophyllum_Scalare_W,172.7,788,471,831,514
Pterophyllum_Scalare_BB,172.7,139,100,196,178
Corydoras_Albinos,172.7,248,595,276,641
Botia_Almorhae,172.8,464,226,516,298
Pterophyllum_Scalare_Y,172.8,1094,532,1135,611
Pterophyllum_Scalare_BB,172.8,139,103,197,180
Pterophyllum_Scalare_YWB,172.8,91,185,138,275
Corydoras_Albinos,172.8,248,597,279,646
Pterophyllum_Scalare_W,172.8,785,470,830,515
Pterophyllum_Scalare_W,172.9,784,470,829,515
Pterophyllum_Scalare_YWB,172.9,94,188,142,276
Pterophyllum_Scalare_Y,172.9,1093,531,1135,611
Pterophyllum_Scalare_BB,172.9,142,105,198,182
Botia_Almorhae,172.9,464,228,518,294
Corydoras_Albinos,172.9,248,593,277,646
Pterophyllum_Scalare_YWB,173.0,95,189,145,275
Pterophyllum_Scalare_BB,173.0,144,102,198,179
Corydoras_Albinos,173.0,252,593,273,643
Pterophyllum_Scalare_W,173.0,782,469,827,514
Pterophyllum_Scalare_Y,173.0,1091,532,1134,610
Corydoras_Panda,173.0,782,469,827,514
Pterophyllum_Scalare_W,173.1,781,468,826,514
Pterophyllum_Scalare_YWB,173.1,95,190,147,275
Pterophyllum_Scalare_BB,173.1,150,99,195,176
Pterophyllum_Scalare_Y,173.1,1090,533,1133,609
Pterophyllum_Scalare_YWB,173.2,97,191,149,276
Corydoras_Albinos,173.2,717,628,768,659
Pterophyllum_Scalare_BB,173.2,151,98,192,175
Botia_Almorhae,173.2,489,210,519,292
Pterophyllum_Scalare_Y,173.2,1089,534,1133,610
Pterophyllum_Scalare_W,173.2,783,466,825,514
Corydoras_Albinos,173.2,256,591,283,642
Pterophyllum_Scalare_BB,173.3,152,97,192,175
Pterophyllum_Scalare_YWB,173.3,98,191,150,276
Corydoras_Albinos,173.3,254,594,285,642
Pterophyllum_Scalare_Y,173.3,1087,533,1132,610
Pterophyllum_Scalare_W,173.3,782,466,823,512
Corydoras_Albinos,173.3,717,628,768,658
Botia_Almorhae,173.4,481,209,517,294
Corydoras_Albinos,173.4,263,594,289,650
Corydoras_Panda,173.4,782,463,821,512
Corydoras_Albinos,173.4,718,628,767,658
Pterophyllum_Scalare_BB,173.4,154,97,194,176
Pterophyllum_Scalare_YWB,173.4,100,192,152,276
Pterophyllum_Scalare_Y,173.4,1085,532,1131,608
Corydoras_Albinos,173.5,719,626,767,658
Corydoras_Albinos,173.5,265,603,297,650
Pterophyllum_Scalare_W,173.5,783,464,819,512
Botia_Almorhae,173.5,478,209,510,297
Pterophyllum_Scalare_YWB,173.5,100,193,153,275
Pterophyllum_Scalare_Y,173.5,1083,532,1129,608
Pterophyllum_Scalare_BB,173.5,155,98,197,176
Corydoras_Albinos,173.6,264,604,303,651
Corydoras_Albinos,173.6,719,626,767,659
Botia_Almorhae,173.6,472,206,503,296
Pterophyllum_Scalare_YWB,173.6,101,192,154,275
Corydoras_Panda,173.6,783,464,817,514
Pterophyllum_Scalare_Y,173.6,1080,530,1127,609
Pterophyllum_Scalare_BB,173.6,156,99,199,175
Corydoras_Albinos,173.7,718,629,766,659
Botia_Almorhae,173.7,464,203,496,297
Corydoras_Panda,173.7,782,465,817,514
Corydoras_Albinos,173.7,262,604,304,655
Pterophyllum_Scalare_YWB,173.7,103,194,155,275
Pterophyllum_Scalare_BB,173.7,157,98,201,174
Pterophyllum_Scalare_Y,173.7,1078,530,1127,609
Corydoras_Albinos,173.8,264,603,308,657
Corydoras_Panda,173.8,781,465,817,514
Pterophyllum_Scalare_YWB,173.8,104,194,156,275
Botia_Almorhae,173.8,451,202,494,291
Pterophyllum_Scalare_BB,173.8,159,96,202,173
Pterophyllum_Scalare_Y,173.8,1076,529,1126,609
Corydoras_Albinos,173.9,719,625,765,659
G_Matriarche,173.9,885,79,944,114
Pterophyllum_Scalare_Y,173.9,1074,528,1125,609
Botia_Almorhae,173.9,445,204,490,286
Corydoras_Albinos,173.9,266,607,312,657
Corydoras_Panda,173.9,778,466,821,515
Pterophyllum_Scalare_BB,173.9,161,96,203,171
Pterophyllum_Scalare_YWB,173.9,102,194,157,275
Pterophyllum_Scalare_Y,174.0,1072,528,1123,607
Corydoras_Albinos,174.0,721,621,766,660
Botia_Almorhae,174.0,434,205,481,292
Corydoras_Panda,174.0,777,465,820,515
G_Matriarche,174.0,883,82,947,118
Corydoras_Albinos,174.0,265,610,314,655
Pterophyllum_Scalare_BB,174.0,163,97,204,168
Pterophyllum_Scalare_YWB,174.0,107,193,161,274
Pterophyllum_Scalare_BB,174.1,164,99,206,168
Pterophyllum_Scalare_Y,174.1,1070,527,1122,608
Botia_Almorhae,174.1,426,208,476,294
Corydoras_Albinos,174.1,264,608,316,656
Corydoras_Panda,174.1,776,467,819,515
G_Matriarche,174.1,879,85,948,122
Pterophyllum_Scalare_YWB,174.1,107,194,165,273
Pterophyllum_Scalare_YWB,174.2,108,195,170,274
Pterophyllum_Scalare_BB,174.2,166,100,207,169
Corydoras_Panda,174.2,774,468,817,515
G_Matriarche,174.2,866,85,945,126
Corydoras_Albinos,174.2,263,617,315,653
Botia_Almorhae,174.2,423,212,472,295
Pterophyllum_Scalare_Y,174.2,1068,527,1120,607
Botia_Almorhae,174.3,416,216,465,292
Pterophyllum_Scalare_BB,174.3,166,101,209,169
G_Matriarche,174.3,865,84,939,129
Pterophyllum_Scalare_Y,174.3,1067,525,1120,606
Pterophyllum_Scalare_YWB,174.3,110,195,175,276
Corydoras_Panda,174.3,773,468,816,515
Corydoras_Albinos,174.3,263,617,312,652
G_Matriarche,174.4,854,83,935,131
Pterophyllum_Scalare_YWB,174.4,113,196,179,277
Pterophyllum_Scalare_B,174.4,857,576,937,663
Pterophyllum_Scalare_Y,174.4,1066,525,1118,606
Corydoras_Albinos,174.4,717,631,767,660
Corydoras_Albinos,174.4,262,610,309,655
Pterophyllum_Scalare_BB,174.4,167,100,213,170
Corydoras_Panda,174.4,774,467,814,516
Botia_Almorhae,174.4,408,215,462,284
Botia_Almorhae,174.5,400,212,457,290
Pterophyllum_Scalare_BB,174.5,166,99,219,173
Corydoras_Albinos,174.5,262,612,305,654
Pterophyllum_Scalare_Y,174.5,1065,523,1118,605
Pterophyllum_Scalare_YWB,174.5,115,196,183,278
G_Matriarche,174.5,853,84,932,132
Pterophyllum_Scalare_B,174.5,853,575,935,664
Corydoras_Albinos,174.5,717,631,767,659
Corydoras_Panda,174.5,775,466,813,515
Pterophyllum_Scalare_BB,174.6,169,98,224,173
G_Matriarche,174.6,852,84,924,130
Corydoras_Panda,174.6,778,466,812,515
Botia_Almorhae,174.6,395,211,453,286
Corydoras_Albinos,174.6,263,609,303,651
Pterophyllum_Scalare_B,174.6,846,574,932,663
Pterophyllum_Scalare_Y,174.6,1064,521,1118,605
Pterophyllum_Scalare_YWB,174.6,118,197,187,280
Pterophyllum_Scalare_Y,174.7,1063,520,1117,604
Pterophyllum_Scalare_W,174.7,780,465,816,514
Corydoras_Albinos,174.7,263,604,305,651
Pterophyllum_Scalare_BB,174.7,171,98,231,173
Pterophyllum_Scalare_YWB,174.7,120,197,191,282
Botia_Almorhae,174.7,408,220,448,292
G_Matriarche,174.7,846,87,918,128
Pterophyllum_Scalare_YWB,174.8,122,198,194,283
Pterophyllum_Scalare_BB,174.8,171,98,233,173
Pterophyllum_Scalare_W,174.8,780,465,819,513
Botia_Almorhae,174.8,415,223,448,294
Pterophyllum_Scalare_Y,174.8,1062,520,1117,604
Corydoras_Albinos,174.8,263,609,309,653
G_Matriarche,174.8,836,86,917,127
Botia_Almorhae,174.9,406,225,451,293
Pterophyllum_Scalare_YWB,174.9,124,199,196,284
Pterophyllum_Scalare_Y,174.9,1060,519,1117,604
G_Matriarche,174.9,827,86,912,126
Pterophyllum_Scalare_BB,174.9,173,97,234,173
Pterophyllum_Scalare_W,174.9,781,464,822,512
Corydoras_Albinos,174.9,263,607,310,653
Pterophyllum_Scalare_YWB,175.0,125,200,197,285
Pterophyllum_Scalare_BB,175.0,175,97,235,174
Botia_Almorhae,175.0,410,228,450,300
G_Matriarche,175.0,818,87,906,124
Pterophyllum_Scalare_Y,175.0,1058,519,1116,604
Pterophyllum_Scalare_W,175.0,781,464,824,512
Corydoras_Albinos,175.0,265,613,309,648
Pterophyllum_Scalare_B,175.0,823,577,896,660
Botia_Almorhae,175.1,398,223,448,293
Pterophyllum_Scalare_W,175.1,781,463,827,512
Pterophyllum_Scalare_Y,175.1,1057,519,1116,602
Pterophyllum_Scalare_BB,175.1,177,97,236,174
G_Matriarche,175.1,815,87,899,124
Pterophyllum_Scalare_B,175.1,813,578,891,656
Pterophyllum_Scalare_YWB,175.1,127,200,198,286
Corydoras_Albinos,175.1,266,608,310,650
Pterophyllum_Scalare_BB,175.2,180,97,239,175
Botia_Almorhae,175.2,404,219,448,295
Corydoras_Albinos,175.2,266,610,313,651
G_Matriarche,175.2,817,86,891,124
Pterophyllum_Scalare_Y,175.2,1056,518,1115,602
Pterophyllum_Scalare_W,175.2,782,462,829,513
Corydoras_Albinos,175.2,719,630,767,658
Pterophyllum_Scalare_YWB,175.2,129,201,199,287
Pterophyllum_Scalare_W,175.3,781,462,832,514
Botia_Almorhae,175.3,398,218,445,295
Corydoras_Albinos,175.3,272,608,307,655
G_Matriarche,175.3,810,85,886,125
Pterophyllum_Scalare_B,175.3,800,579,882,655
Pterophyllum_Scalare_BB,175.3,182,98,242,177
Pterophyllum_Scalare_Y,175.3,1054,517,1115,602
Pterophyllum_Scalare_YWB,175.3,131,201,200,286
Corydoras_Albinos,175.4,275,607,312,653
Pterophyllum_Scalare_BB,175.4,184,98,243,178
G_Matriarche,175.4,808,84,884,123
Pterophyllum_Scalare_B,175.4,796,578,874,657
Pterophyllum_Scalare_Y,175.4,1052,516,1115,600
Pterophyllum_Scalare_W,175.4,780,463,834,514
Pterophyllum_Scalare_YWB,175.4,132,201,200,287
Botia_Almorhae,175.4,408,226,443,303
Pterophyllum_Scalare_B,175.5,794,577,873,656
Pterophyllum_Scalare_Y,175.5,1050,515,1113,596
Botia_Almorhae,175.5,408,230,445,296
Pterophyllum_Scalare_W,175.5,779,463,836,515
Corydoras_Albinos,175.5,279,608,308,650
G_Matriarche,175.5,805,82,878,120
Pterophyllum_Scalare_BB,175.5,186,100,246,179
Pterophyllum_Scalare_YWB,175.5,134,202,200,287
G_Matriarche,175.6,799,81,875,120
Pterophyllum_Scalare_YWB,175.6,135,201,200,288
Botia_Almorhae,175.6,408,230,446,294
Pterophyllum_Scalare_B,175.6,794,569,874,657
Corydoras_Albinos,175.6,284,610,309,653
Pterophyllum_Scalare_BB,175.6,187,101,247,181
Pterophyllum_Scalare_Y,175.6,1049,515,1111,593
Pterophyllum_Scalare_W,175.6,779,463,840,516
Pterophyllum_Scalare_B,175.7,793,568,875,656
Pterophyllum_Scalare_W,175.7,779,463,845,517
G_Matriarche,175.7,800,81,866,120
Pterophyllum_Scalare_BB,175.7,188,104,251,185
Pterophyllum_Scalare_Y,175.7,1047,514,1111,592
Pterophyllum_Scalare_YWB,175.7,137,201,200,288
Botia_Almorhae,175.7,398,232,452,281
Corydoras_Albinos,175.7,285,609,313,654
Pterophyllum_Scalare_B,175.8,793,566,875,656
Pterophyllum_Scalare_W,175.8,796,463,849,517
Pterophyllum_Scalare_Y,175.8,1045,514,1109,589
Pterophyllum_Scalare_BB,175.8,189,109,253,189
Corydoras_Albinos,175.8,286,607,316,655
G_Matriarche,175.8,809,78,859,120
Pterophyllum_Scalare_YWB,175.8,138,201,201,288
Pterophyllum_Scalare_B,175.9,793,565,875,657
Pterophyllum_Scalare_Y,175.9,1043,513,1109,587
Pterophyllum_Scalare_BB,175.9,188,110,255,190
Pterophyllum_Scalare_W,175.9,798,463,851,518
Pterophyllum_Scalare_YWB,175.9,138,201,201,288
Corydoras_Albinos,175.9,286,608,318,654
Pterophyllum_Scalare_B,176.0,793,563,875,656
Corydoras_Albinos,176.0,287,613,318,654
G_Matriarche,176.0,790,73,844,110
Botia_Almorhae,176.0,401,227,475,272
Pterophyllum_Scalare_BB,176.0,189,112,256,191
Pterophyllum_Scalare_Y,176.0,1042,512,1108,585
Pterophyllum_Scalare_YWB,176.0,139,201,201,287
Pterophyllum_Scalare_W,176.0,800,463,854,519
Botia_Almorhae,176.1,388,227,474,275
Pterophyllum_Scalare_W,176.1,801,463,856,521
Pterophyllum_Scalare_BB,176.1,191,114,258,193
Pterophyllum_Scalare_Y,176.1,1039,511,1106,581
Corydoras_Panda,176.1,765,476,803,515
G_Matriarche,176.1,786,72,840,108
Pterophyllum_Scalare_YWB,176.1,141,201,201,287
Pterophyllum_Scalare_B,176.1,793,563,875,656
Corydoras_Albinos,176.1,290,608,315,654
Pterophyllum_Scalare_YWB,176.2,141,201,203,286
Corydoras_Panda,176.2,766,472,803,514
Pterophyllum_Scalare_Y,176.2,1037,510,1104,579
Pterophyllum_Scalare_W,176.2,802,463,859,522
Botia_Almorhae,176.2,386,229,474,282
Corydoras_Albinos,176.2,292,611,319,652
Pterophyllum_Scalare_B,176.2,794,563,875,655
Pterophyllum_Scalare_BB,176.2,195,117,261,196
G_Matriarche,176.3,780,69,836,105
Pterophyllum_Scalare_B,176.3,794,562,874,656
Corydoras_Panda,176.3,761,478,802,517
Botia_Almorhae,176.3,390,227,474,278
Pterophyllum_Scalare_W,176.3,804,463,861,524
Corydoras_Albinos,176.3,294,610,320,654
Pterophyllum_Scalare_Y,176.3,1034,509,1103,575
Pterophyllum_Scalare_BB,176.3,197,117,264,198
Pterophyllum_Scalare_YWB,176.3,143,201,205,284
Botia_Almorhae,176.4,390,226,473,282
Pterophyllum_Scalare_BB,176.4,199,118,265,200
Pterophyllum_Scalare_W,176.4,806,463,864,524
Pterophyllum_Scalare_Y,176.4,1032,508,1101,573
Corydoras_Albinos,176.4,296,608,324,656
G_Matriarche,176.4,767,69,842,105
Pterophyllum_Scalare_B,176.4,794,562,874,655
Corydoras_Panda,176.4,757,472,803,520
Pterophyllum_Scalare_YWB,176.4,147,201,208,280
Botia_Almorhae,176.5,393,225,473,286
Corydoras_Albinos,176.5,296,612,330,656
Pterophyllum_Scalare_Y,176.5,1030,507,1097,571
Pterophyllum_Scalare_W,176.5,806,463,864,524
Pterophyllum_Scalare_YWB,176.5,147,202,211,277
Pterophyllum_Scalare_B,176.5,794,562,874,655
Pterophyllum_Scalare_BB,176.5,199,117,266,203
Corydoras_Panda,176.5,755,473,802,520
G_Matriarche,176.5,754,69,840,105
Pterophyllum_Scalare_Y,176.6,1027,506,1094,568
Pterophyllum_Scalare_YWB,176.6,148,203,215,274
G_Matriarche,176.6,768,69,838,104
Botia_Almorhae,176.6,390,223,469,288
Pterophyllum_Scalare_B,176.6,793,561,873,655
Corydoras_Panda,176.6,755,473,801,520
Corydoras_Albinos,176.6,296,613,328,656
Pterophyllum_Scalare_W,176.6,807,463,864,524
Pterophyllum_Scalare_BB,176.6,203,118,268,207
Botia_Almorhae,176.7,408,223,467,290
Pterophyllum_Scalare_W,176.7,806,463,864,524
Pterophyllum_Scalare_Y,176.7,1023,504,1091,564
Pterophyllum_Scalare_BB,176.7,207,123,270,210
Corydoras_Albinos,176.7,298,612,328,657
Pterophyllum_Scalare_B,176.7,793,562,874,655
Pterophyllum_Scalare_YWB,176.7,153,201,218,272
G_Matriarche,176.7,765,68,838,104
Pterophyllum_Scalare_W,176.8,806,463,864,525
Pterophyllum_Scalare_BB,176.8,209,134,273,213
G_Matriarche,176.8,758,68,832,106
Corydoras_Albinos,176.8,298,615,333,659
Pterophyllum_Scalare_B,176.8,793,563,874,654
Botia_Almorhae,176.8,379,223,462,287
Pterophyllum_Scalare_Y,176.8,1020,503,1088,562
Pterophyllum_Scalare_YWB,176.8,155,198,220,270
Pterophyllum_Scalare_B,176.9,793,560,875,655
Pterophyllum_Scalare_Y,176.9,1019,500,1086,561
Pterophyllum_Scalare_BB,176.9,211,137,276,214
Pterophyllum_Scalare_YWB,176.9,157,197,221,269
Pterophyllum_Scalare_W,176.9,807,463,864,526
Botia_Almorhae,176.9,404,228,457,288
G_Matriarche,176.9,752,68,828,105
Corydoras_Albinos,176.9,303,615,330,659
Pterophyllum_Scalare_YWB,177.0,162,195,224,268
Pterophyllum_Scalare_W,177.0,807,463,864,526
G_Matriarche,177.0,744,69,829,107
Pterophyllum_Scalare_B,177.0,793,564,876,655
Corydoras_Albinos,177.0,304,618,330,660
Botia_Almorhae,177.0,400,227,458,288
Pterophyllum_Scalare_Y,177.0,1017,497,1082,558
Pterophyllum_Scalare_BB,177.0,216,139,281,217
Pterophyllum_Scalare_YWB,177.1,165,194,228,267
Pterophyllum_Scalare_BB,177.1,221,141,287,219
Pterophyllum_Scalare_W,177.1,807,463,864,526
Pterophyllum_Scalare_Y,177.1,1016,493,1077,553
Botia_Almorhae,177.1,396,227,459,291
G_Matriarche,177.1,738,71,824,107
Pterophyllum_Scalare_B,177.1,793,576,876,655
Pterophyllum_Scalare_Y,177.2,1015,491,1067,550
Pterophyllum_Scalare_YWB,177.2,170,193,234,265
Botia_Almorhae,177.2,371,228,458,290
Pterophyllum_Scalare_B,177.2,793,560,875,655
G_Matriarche,177.2,729,71,820,110
Corydoras_Panda,177.2,740,478,793,521
Pterophyllum_Scalare_BB,177.2,227,144,293,220
Pterophyllum_Scalare_W,177.2,807,464,863,526
Pterophyllum_Scalare_Y,177.3,1012,487,1062,545
Corydoras_Panda,177.3,735,486,789,521
G_Matriarche,177.3,724,73,816,113
Pterophyllum_Scalare_W,177.3,806,464,863,527
Pterophyllum_Scalare_BB,177.3,231,145,297,223
Pterophyllum_Scalare_YWB,177.3,173,192,242,262
Pterophyllum_Scalare_B,177.3,793,559,873,655
Pterophyllum_Scalare_YWB,177.4,173,193,249,261
Corydoras_Albinos,177.4,320,617,348,659
Pterophyllum_Scalare_B,177.4,793,560,873,655
G_Matriarche,177.4,716,75,811,113
Corydoras_Panda,177.4,734,493,790,520
Botia_Almorhae,177.4,385,233,453,294
Pterophyllum_Scalare_BB,177.4,237,145,302,224
Pterophyllum_Scalare_Y,177.4,1008,484,1059,542
Pterophyllum_Scalare_W,177.4,805,465,863,527
Botia_Almorhae,177.5,360,231,450,292
Pterophyllum_Scalare_BB,177.5,242,148,306,226
Corydoras_Panda,177.5,730,491,788,521
Pterophyllum_Scalare_B,177.5,793,560,873,655
Pterophyllum_Scalare_W,177.5,805,465,863,528
Pterophyllum_Scalare_YWB,177.5,176,192,254,261
Pterophyllum_Scalare_Y,177.5,1006,481,1058,539
G_Matriarche,177.5,708,78,804,113
Pterophyllum_Scalare_BB,177.6,246,152,311,227
G_Matriarche,177.6,704,78,800,114
Pterophyllum_Scalare_B,177.6,792,562,866,655
Corydoras_Albinos,177.6,386,233,445,291
Pterophyllum_Scalare_Y,177.6,1004,478,1052,538
Pterophyllum_Scalare_YWB,177.6,178,192,258,263
Corydoras_Panda,177.6,729,493,781,520
Pterophyllum_Scalare_W,177.6,805,465,864,528
G_Matriarche,177.7,704,81,794,115
Pterophyllum_Scalare_W,177.7,805,466,863,528
Pterophyllum_Scalare_YWB,177.7,182,193,263,266
Pterophyllum_Scalare_B,177.7,787,567,853,658
Botia_Almorhae,177.7,382,238,438,300
Pterophyllum_Scalare_Y,177.7,1001,474,1048,538
Pterophyllum_Scalare_BB,177.7,248,153,314,229
Pterophyllum_Scalare_W,177.8,805,466,863,530
Pterophyllum_Scalare_BB,177.8,250,155,317,231
G_Matriarche,177.8,704,81,790,116
Pterophyllum_Scalare_YWB,177.8,184,193,266,269
Pterophyllum_Scalare_B,177.8,779,574,838,661
Pterophyllum_Scalare_Y,177.8,999,472,1045,537
Pterophyllum_Scalare_Y,177.9,996,469,1044,535
Botia_Almorhae,177.9,382,239,446,292
Pterophyllum_Scalare_W,177.9,805,465,863,531
Pterophyllum_Scalare_BB,177.9,253,159,320,233
Pterophyllum_Scalare_YWB,177.9,186,194,268,270
G_Matriarche,177.9,698,83,787,117
Pterophyllum_Scalare_B,177.9,773,579,834,664
Pterophyllum_Scalare_B,178.0,769,589,832,670
Pterophyllum_Scalare_BB,178.0,254,162,323,234
Pterophyllum_Scalare_Y,178.0,994,467,1043,535
G_Matriarche,178.0,694,82,781,116
Pterophyllum_Scalare_W,178.0,805,465,864,531
Pterophyllum_Scalare_YWB,178.0,190,195,272,273
Pterophyllum_Scalare_BB,178.1,255,163,326,236
Pterophyllum_Scalare_YWB,178.1,193,198,274,276
G_Matriarche,178.1,688,83,775,116
Pterophyllum_Scalare_B,178.1,767,591,831,670
Pterophyllum_Scalare_Y,178.1,991,465,1040,534
Pterophyllum_Scalare_W,178.1,804,465,864,532
Pterophyllum_Scalare_Y,178.2,989,464,1038,533
Pterophyllum_Scalare_YWB,178.2,194,202,276,279
G_Matriarche,178.2,684,84,771,118
Pterophyllum_Scalare_W,178.2,805,465,866,534
Pterophyllum_Scalare_BB,178.2,258,165,329,238
Pterophyllum_Scalare_B,178.2,767,596,830,671
Pterophyllum_Scalare_W,178.3,805,464,867,534
Pterophyllum_Scalare_Y,178.3,986,462,1034,532
Pterophyllum_Scalare_YWB,178.3,197,204,279,282
Pterophyllum_Scalare_B,178.3,768,594,830,671
G_Matriarche,178.3,681,85,768,120
Pterophyllum_Scalare_BB,178.3,261,166,332,239
Pterophyllum_Scalare_BB,178.4,262,168,334,240
G_Matriarche,178.4,679,85,765,122
Pterophyllum_Scalare_B,178.4,768,593,831,671
Pterophyllum_Scalare_Y,178.4,983,460,1031,531
Pterophyllum_Scalare_YWB,178.4,200,207,283,284
Pterophyllum_Scalare_W,178.4,805,464,870,535
Pterophyllum_Scalare_YWB,178.5,202,210,287,286
Pterophyllum_Scalare_BB,178.5,264,170,335,242
Pterophyllum_Scalare_W,178.5,804,465,873,535
Pterophyllum_Scalare_Y,178.5,981,459,1029,531
Pterophyllum_Scalare_B,178.5,768,591,831,671
G_Matriarche,178.5,677,85,763,122
Pterophyllum_Scalare_YWB,178.6,209,211,290,289
Botia_Almorhae,178.6,357,245,446,293
G_Matriarche,178.6,675,85,762,124
Pterophyllum_Scalare_B,178.6,768,590,832,671
Pterophyllum_Scalare_BB,178.6,266,171,337,243
Pterophyllum_Scalare_Y,178.6,979,456,1027,529
Pterophyllum_Scalare_W,178.6,804,466,875,536
Pterophyllum_Scalare_B,178.7,769,589,832,671
Botia_Almorhae,178.7,373,247,445,300
Pterophyllum_Scalare_YWB,178.7,211,213,292,292
Pterophyllum_Scalare_Y,178.7,977,455,1025,527
G_Matriarche,178.7,675,86,760,123
Pterophyllum_Scalare_W,178.7,805,468,879,537
Pterophyllum_Scalare_BB,178.7,267,174,338,244
G_Matriarche,178.8,675,88,759,125
Pterophyllum_Scalare_YWB,178.8,214,214,293,294
Corydoras_Panda,178.8,731,509,760,557
Pterophyllum_Scalare_B,178.8,772,584,833,669
Pterophyllum_Scalare_BB,178.8,269,175,339,246
Pterophyllum_Scalare_W,178.8,808,469,882,537
Pterophyllum_Scalare_Y,178.8,976,453,1023,525
Corydoras_Panda,178.9,728,513,764,565
Pterophyllum_Scalare_YWB,178.9,216,215,296,296
Pterophyllum_Scalare_B,178.9,774,584,836,669
Pterophyllum_Scalare_BB,178.9,270,177,340,247
Pterophyllum_Scalare_Y,178.9,975,451,1023,524
Pterophyllum_Scalare_W,178.9,811,470,884,539
Botia_Almorhae,178.9,354,247,439,295
G_Matriarche,178.9,673,89,757,129
Pterophyllum_Scalare_W,179.0,814,471,886,540
Corydoras_Panda,179.0,717,525,767,571
Pterophyllum_Scalare_YWB,179.0,218,217,299,297
Pterophyllum_Scalare_B,179.0,777,584,837,669
Pterophyllum_Scalare_Y,179.0,974,449,1022,523
Pterophyllum_Scalare_BB,179.0,272,179,342,248
G_Matriarche,179.0,671,91,755,129
Corydoras_Panda,179.1,716,532,774,575
Pterophyllum_Scalare_B,179.1,777,586,838,670
Pterophyllum_Scalare_Y,179.1,973,446,1021,521
Pterophyllum_Scalare_YWB,179.1,224,220,305,297
Pterophyllum_Scalare_W,179.1,818,472,886,540
G_Matriarche,179.1,670,94,755,130
Pterophyllum_Scalare_BB,179.1,272,180,344,250
Corydoras_Panda,179.2,715,540,777,579
Pterophyllum_Scalare_B,179.2,777,586,839,671
Pterophyllum_Scalare_YWB,179.2,229,222,312,298
G_Matriarche,179.2,667,95,752,134
Pterophyllum_Scalare_BB,179.2,274,183,344,249
Pterophyllum_Scalare_Y,179.2,972,446,1018,520
Pterophyllum_Scalare_W,179.2,822,474,887,540
Corydoras_Panda,179.3,715,544,775,583
Pterophyllum_Scalare_W,179.3,825,476,887,541
Botia_Almorhae,179.3,357,251,442,293
Pterophyllum_Scalare_YWB,179.3,233,224,316,300
Pterophyllum_Scalare_Y,179.3,971,446,1017,520
Pterophyllum_Scalare_BB,179.3,273,185,343,250
G_Matriarche,179.3,660,98,747,136
Pterophyllum_Scalare_B,179.3,779,585,840,671
G_Matriarche,179.4,657,101,742,139
Corydoras_Panda,179.4,713,554,774,586
Pterophyllum_Scalare_Y,179.4,970,445,1014,520
Pterophyllum_Scalare_YWB,179.4,239,225,323,301
Pterophyllum_Scalare_BB,179.4,272,187,343,250
Pterophyllum_Scalare_W,179.4,827,478,887,542
Pterophyllum_Scalare_B,179.4,780,584,842,672
Pterophyllum_Scalare_B,179.5,781,585,842,673
G_Matriarche,179.5,645,104,740,144
Pterophyllum_Scalare_YWB,179.5,245,228,327,302
Pterophyllum_Scalare_Y,179.5,968,444,1012,519
Pterophyllum_Scalare_W,179.5,830,481,887,542
Pterophyllum_Scalare_BB,179.5,271,189,343,250
Botia_Striata,179.6,715,561,768,591
Pterophyllum_Scalare_BB,179.6,274,192,346,252
Pterophyllum_Scalare_W,179.6,832,482,887,543
Pterophyllum_Scalare_YWB,179.6,252,230,334,303
Pterophyllum_Scalare_Y,179.6,968,443,1010,519
G_Matriarche,179.6,651,107,737,146
Pterophyllum_Scalare_B,179.7,782,588,844,674
Pterophyllum_Scalare_YWB,179.7,254,232,337,305
Corydoras_Panda,179.7,717,567,764,593
Pterophyllum_Scalare_BB,179.7,276,193,349,251
G_Matriarche,179.7,656,112,732,149
Pterophyllum_Scalare_W,179.7,833,482,887,543
Pterophyllum_Scalare_Y,179.7,967,441,1009,519
Pterophyllum_Scalare_YWB,179.8,258,234,341,306
Pterophyllum_Scalare_W,179.8,834,482,887,543
Pterophyllum_Scalare_BB,179.8,277,194,352,251
G_Matriarche,179.8,656,116,733,154
Pterophyllum_Scalare_Y,179.8,966,439,1007,518
Pterophyllum_Scalare_B,179.8,784,589,844,673
G_Matriarche,179.9,654,120,731,159
Pterophyllum_Scalare_YWB,179.9,264,235,345,307
Pterophyllum_Scalare_Y,179.9,965,439,1006,519
Pterophyllum_Scalare_B,179.9,786,589,845,674
Pterophyllum_Scalare_W,179.9,835,483,887,544
Pterophyllum_Scalare_BB,179.9,282,195,355,251
G_Matriarche,180.0,652,123,727,163
Pterophyllum_Scalare_Y,180.0,964,439,1006,519
Pterophyllum_Scalare_BB,180.0,286,194,360,250
Pterophyllum_Scalare_B,180.0,789,590,855,677
Pterophyllum_Scalare_W,180.0,836,483,886,544
Pterophyllum_Scalare_YWB,180.0,275,235,351,307
G_Matriarche,180.1,652,125,726,164
Pterophyllum_Scalare_BB,180.1,288,195,364,245
Pterophyllum_Scalare_W,180.1,837,484,886,544
Pterophyllum_Scalare_B,180.1,791,590,855,678
Pterophyllum_Scalare_Y,180.1,964,438,1004,518
Pterophyllum_Scalare_YWB,180.1,289,235,364,302
G_Matriarche,180.2,649,127,729,167
Botia_Almorhae,180.2,384,245,466,299
Pterophyllum_Scalare_BB,180.2,292,195,370,244
Pterophyllum_Scalare_W,180.2,838,485,886,544
Pterophyllum_Scalare_Y,180.2,963,438,1004,518
Pterophyllum_Scalare_B,180.2,793,591,856,679
Pterophyllum_Scalare_Y,180.2,303,237,376,301
Pterophyllum_Scalare_BB,180.3,299,195,378,243
Pterophyllum_Scalare_B,180.3,795,592,855,680
Pterophyllum_Scalare_W,180.3,839,485,885,544
Pterophyllum_Scalare_Y,180.3,318,236,385,299
G_Matriarche,180.3,648,129,727,169
Pterophyllum_Scalare_Y,180.3,963,437,1003,517
Pterophyllum_Scalare_BB,180.4,307,195,385,246
Pterophyllum_Scalare_Y,180.4,962,437,1003,517
G_Matriarche,180.4,647,130,729,171
Pterophyllum_Scalare_W,180.4,841,486,885,545
Pterophyllum_Scalare_B,180.4,795,591,855,680
Botia_Almorhae,180.4,391,243,463,305
Pterophyllum_Scalare_Y,180.4,328,238,392,302
Pterophyllum_Scalare_YWB,180.5,336,237,397,303
G_Matriarche,180.5,647,133,732,172
Pterophyllum_Scalare_Y,180.5,961,436,1003,516
Pterophyllum_Scalare_BB,180.5,314,195,391,245
Pterophyllum_Scalare_W,180.5,841,488,885,546
Pterophyllum_Scalare_YWB,180.6,344,236,400,299
G_Matriarche,180.6,647,135,732,174
Pterophyllum_Scalare_W,180.6,842,489,884,548
Pterophyllum_Scalare_BB,180.6,323,193,397,245
Pterophyllum_Scalare_Y,180.6,961,434,1003,515
Pterophyllum_Scalare_YWB,180.7,349,234,402,299
G_Matriarche,180.7,647,137,730,174
Pterophyllum_Scalare_W,180.7,843,490,884,550
Pterophyllum_Scalare_BB,180.7,329,192,404,243
Pterophyllum_Scalare_Y,180.7,960,435,1001,513
G_Matriarche,180.8,647,138,731,177
Pterophyllum_Scalare_Y,180.8,959,434,1000,512
Pterophyllum_Scalare_BB,180.8,334,191,409,241
Pterophyllum_Scalare_YWB,180.8,350,232,402,299
Pterophyllum_Scalare_W,180.8,843,490,884,551
Pterophyllum_Scalare_B,180.9,794,597,859,685
Pterophyllum_Scalare_Y,180.9,958,435,998,512
G_Matriarche,180.9,643,140,728,178
Pterophyllum_Scalare_W,180.9,844,490,884,552
Pterophyllum_Scalare_YWB,180.9,350,232,403,299
Pterophyllum_Scalare_BB,180.9,339,191,414,240
Pterophyllum_Scalare_B,181.0,795,595,860,683
Pterophyllum_Scalare_BB,181.0,343,190,419,239
Pterophyllum_Scalare_YWB,181.0,358,232,405,299
G_Matriarche,181.0,638,141,728,181
Pterophyllum_Scalare_W,181.0,845,491,884,552
Botia_Striata,181.0,724,597,758,628
Pterophyllum_Scalare_Y,181.0,957,435,997,512
Pterophyllum_Scalare_BB,181.1,353,188,426,238
Pterophyllum_Scalare_W,181.1,846,494,884,553
Pterophyllum_Scalare_YWB,181.1,358,233,407,296
Pterophyllum_Scalare_Y,181.1,956,436,997,512
Pterophyllum_Scalare_B,181.1,796,592,862,682
G_Matriarche,181.1,635,141,728,182
Pterophyllum_Scalare_YWB,181.2,360,233,418,294
Pterophyllum_Scalare_W,181.2,850,496,884,554
G_Matriarche,181.2,633,141,725,185
Corydoras_Panda,181.2,723,605,768,633
Pterophyllum_Scalare_B,181.2,799,590,866,683
G_Matriarche,181.2,590,135,631,172
Pterophyllum_Scalare_BB,181.2,362,187,433,238
Pterophyllum_Scalare_Y,181.2,955,435,994,511
Pterophyllum_Scalare_B,181.3,800,589,867,684
Pterophyllum_Scalare_Y,181.3,359,233,427,293
Pterophyllum_Scalare_W,181.3,851,510,883,555
Pterophyllum_Scalare_BB,181.3,368,186,441,237
Pterophyllum_Scalare_Y,181.3,954,435,992,510
Corydoras_Panda,181.3,723,608,775,635
G_Matriarche,181.3,630,144,723,186
Pterophyllum_Scalare_Y,181.4,361,234,435,292
G_Matriarche,181.4,626,147,720,187
Pterophyllum_Scalare_W,181.4,853,511,883,555
Pterophyllum_Scalare_B,181.4,803,590,868,682
Corydoras_Panda,181.4,725,611,778,637
Pterophyllum_Scalare_Y,181.4,953,435,991,510
Pterophyllum_Scalare_BB,181.4,375,187,448,236
Pterophyllum_Scalare_Y,181.5,366,234,442,285
Pterophyllum_Scalare_Y,181.5,951,435,989,509
Pterophyllum_Scalare_B,181.5,805,590,870,681
Corydoras_Panda,181.5,725,613,782,638
G_Matriarche,181.5,622,148,715,189
Pterophyllum_Scalare_BB,181.5,384,186,457,236
Pterophyllum_Scalare_W,181.5,854,513,882,555
Pterophyllum_Scalare_Y,181.6,369,234,447,288
Botia_Striata,181.6,480,537,537,556
Pterophyllum_Scalare_BB,181.6,392,185,464,236
G_Matriarche,181.6,619,148,714,190
Pterophyllum_Scalare_W,181.6,855,512,883,556
Pterophyllum_Scalare_B,181.6,806,590,871,681
Pterophyllum_Scalare_Y,181.6,950,435,987,508
G_Matriarche,181.7,614,150,709,191
Pterophyllum_Scalare_BB,181.7,398,186,469,237
Pterophyllum_Scalare_W,181.7,858,515,884,555
Pterophyllum_Scalare_B,181.7,438,502,498,562
Pterophyllum_Scalare_B,181.7,809,590,874,682
Pterophyllum_Scalare_Y,181.7,377,234,455,286
Pterophyllum_Scalare_Y,181.7,949,434,985,507
Pterophyllum_Scalare_YWB,181.8,386,235,464,286
Pterophyllum_Scalare_Y,181.8,948,432,984,507
G_Matriarche,181.8,608,149,705,192
Pterophyllum_Scalare_B,181.8,440,502,498,562
Pterophyllum_Scalare_BB,181.8,407,186,475,238
Pterophyllum_Scalare_B,181.9,816,587,876,684
G_Matriarche,181.9,604,149,700,197
Pterophyllum_Scalare_BB,181.9,414,187,480,239
Pterophyllum_Scalare_Y,181.9,946,431,983,508
Pterophyllum_Scalare_Y,181.9,393,235,472,289
Pterophyllum_Scalare_B,181.9,438,502,497,562
Pterophyllum_Scalare_W,181.9,860,515,884,555
Pterophyllum_Scalare_Y,182.0,944,433,982,509
Pterophyllum_Scalare_Y,182.0,409,236,482,291
Pterophyllum_Scalare_BB,182.0,418,187,480,243
G_Matriarche,182.0,598,146,694,200
Pterophyllum_Scalare_B,182.0,817,611,875,686
Pterophyllum_Scalare_B,182.0,440,501,494,561
G_Matriarche,182.1,597,146,687,205
Pterophyllum_Scalare_B,182.1,435,501,494,563
Pterophyllum_Scalare_BB,182.1,425,189,482,242
Pterophyllum_Scalare_Y,182.1,943,434,979,508
Pterophyllum_Scalare_Y,182.1,428,237,493,293
Botia_Striata,182.2,744,603,817,638
Pterophyllum_Scalare_Y,182.2,440,239,504,296
Pterophyllum_Scalare_BB,182.2,432,193,482,244
G_Matriarche,182.2,596,146,680,212
Pterophyllum_Scalare_Y,182.2,942,436,976,508
Pterophyllum_Scalare_Y,182.3,939,438,975,508
G_Matriarche,182.3,595,149,675,220
Pterophyllum_Scalare_Y,182.3,454,240,514,298
Pterophyllum_Scalare_BB,182.3,436,197,481,247
Botia_Almorhae,182.4,398,286,438,369
G_Matriarche,182.4,591,155,669,227
Pterophyllum_Scalare_Y,182.4,938,440,973,508
Pterophyllum_Scalare_Y,182.4,459,239,523,300
Pterophyllum_Scalare_BB,182.4,437,202,481,261
Corydoras_Panda,182.4,776,612,828,637
Pterophyllum_Scalare_Y,182.5,936,441,970,508
Pterophyllum_Scalare_B,182.5,824,605,880,688
Pterophyllum_Scalare_Y,182.5,470,240,529,301
Botia_Almorhae,182.5,397,285,450,364
G_Matriarche,182.5,587,161,670,231
Corydoras_Panda,182.5,776,610,830,638
Pterophyllum_Scalare_BB,182.5,438,203,480,265
Pterophyllum_Scalare_BB,182.6,439,205,480,264
Botia_Almorhae,182.6,381,274,452,354
Pterophyllum_Scalare_Y,182.6,472,241,529,302
Pterophyllum_Scalare_B,182.6,824,602,885,688
Corydoras_Panda,182.6,772,608,838,638
Pterophyllum_Scalare_Y,182.6,934,439,970,508
G_Matriarche,182.6,581,170,668,235
Corydoras_Panda,182.7,783,607,842,637
Pterophyllum_Scalare_BB,182.7,440,206,480,263
Pterophyllum_Scalare_B,182.7,825,603,888,688
Botia_Almorhae,182.7,380,261,459,343
Pterophyllum_Scalare_Y,182.7,933,437,970,507
Pterophyllum_Scalare_Y,182.7,475,241,530,302
G_Matriarche,182.7,575,183,666,241
G_Matriarche,182.8,568,193,658,248
Pterophyllum_Scalare_BB,182.8,441,204,479,264
Botia_Almorhae,182.8,396,254,457,330
Corydoras_Panda,182.8,790,604,845,637
Pterophyllum_Scalare_Y,182.8,932,435,971,506
Pterophyllum_Scalare_B,182.8,826,600,889,688
Pterophyllum_Scalare_YWB,182.8,479,240,533,303
Botia_Almorhae,182.9,395,247,456,322
Pterophyllum_Scalare_YWB,182.9,480,241,538,306
Pterophyllum_Scalare_B,182.9,828,599,889,689
G_Matriarche,182.9,561,201,652,254
Pterophyllum_Scalare_Y,182.9,931,433,971,505
Corydoras_Panda,182.9,798,600,849,635
Pterophyllum_Scalare_BB,182.9,442,206,482,265
Pterophyllum_Scalare_BB,183.0,444,209,498,261
G_Matriarche,183.0,557,207,650,260
Botia_Almorhae,183.0,390,238,455,314
Corydoras_Panda,183.0,807,597,855,631
Pterophyllum_Scalare_Y,183.0,484,246,540,307
Pterophyllum_Scalare_Y,183.0,930,430,969,504
Pterophyllum_Scalare_Y,183.1,929,429,968,504
G_Matriarche,183.1,553,214,647,264
Botia_Almorhae,183.1,400,224,462,292
Pterophyllum_Scalare_Y,183.1,486,249,540,308
Pterophyllum_Scalare_BB,183.1,453,208,512,258
Corydoras_Panda,183.1,823,594,856,632
Pterophyllum_Scalare_Y,183.2,481,250,539,310
Pterophyllum_Scalare_Y,183.2,929,429,966,504
G_Matriarche,183.2,551,219,646,267
Pterophyllum_Scalare_BB,183.2,466,208,523,255
G_Matriarche,183.3,551,224,646,270
Botia_Almorhae,183.3,409,207,501,262
Pterophyllum_Scalare_Y,183.3,929,429,964,504
Botia_Almorhae,183.3,409,207,539,262
Pterophyllum_Scalare_Y,183.3,480,250,538,312
G_Matriarche,183.4,551,229,647,273
Botia_Almorhae,183.4,417,206,508,255
Pterophyllum_Scalare_BB,183.4,496,203,551,251
Pterophyllum_Scalare_Y,183.4,928,428,964,504
Pterophyllum_Scalare_Y,183.4,481,252,541,316
Pterophyllum_Scalare_Y,183.5,483,252,543,318
G_Matriarche,183.5,551,233,646,274
Corydoras_Panda,183.5,841,571,890,604
Pterophyllum_Scalare_BB,183.5,505,203,563,251
Botia_Almorhae,183.5,428,203,524,249
Pterophyllum_Scalare_Y,183.5,927,428,963,503
Pterophyllum_Scalare_Y,183.6,926,431,962,503
Botia_Almorhae,183.6,431,201,528,255
Pterophyllum_Scalare_BB,183.6,524,206,575,250
Corydoras_Panda,183.6,842,569,890,598
Pterophyllum_Scalare_Y,183.6,488,255,547,320
G_Matriarche,183.6,551,236,646,276
G_Matriarche,183.7,551,239,647,277
Botia_Almorhae,183.7,445,202,533,254
Pterophyllum_Scalare_YWB,183.7,485,254,547,321
Pterophyllum_Scalare_Y,183.7,485,254,546,321
Pterophyllum_Scalare_Y,183.7,925,431,960,504
Pterophyllum_Scalare_BB,183.7,535,207,585,248
Botia_Almorhae,183.8,446,202,544,242
Pterophyllum_Scalare_YWB,183.8,486,255,547,323
G_Matriarche,183.8,550,240,647,279
Pterophyllum_Scalare_Y,183.8,923,429,960,504
Corydoras_Albinos,183.8,498,591,541,622
Pterophyllum_Scalare_BB,183.8,544,208,592,248
Pterophyllum_Scalare_BB,183.9,552,211,600,248
Botia_Almorhae,183.9,454,202,557,237
Pterophyllum_Scalare_YWB,183.9,487,257,546,325
Pterophyllum_Scalare_Y,183.9,921,430,960,505
Corydoras_Albinos,183.9,497,588,556,624
G_Matriarche,183.9,550,242,648,279
Pterophyllum_Scalare_BB,184.0,562,213,607,247
Pterophyllum_Scalare_Y,184.0,487,259,545,327
Botia_Almorhae,184.0,464,202,568,236
Pterophyllum_Scalare_YWB,184.0,487,259,545,327
G_Matriarche,184.0,551,243,649,279
Pterophyllum_Scalare_Y,184.0,919,429,959,505
Corydoras_Albinos,184.0,510,584,568,622
G_Matriarche,184.1,552,243,649,279
Pterophyllum_Scalare_Y,184.1,917,428,959,506
Corydoras_Albinos,184.1,517,584,581,623
Pterophyllum_Scalare_Y,184.1,487,260,545,329
Corydoras_Albinos,184.2,521,581,595,626
Pterophyllum_Scalare_Y,184.2,488,262,540,330
G_Matriarche,184.2,552,243,650,279
Pterophyllum_Scalare_Y,184.2,915,429,958,507
G_Matriarche,184.3,553,242,651,279
Pterophyllum_Scalare_Y,184.3,493,264,536,333
Corydoras_Albinos,184.3,542,580,608,628
Pterophyllum_Scalare_Y,184.3,912,428,958,507
G_Matriarche,184.4,554,241,652,279
Pterophyllum_Scalare_Y,184.4,494,265,533,332
Botia_Almorhae,184.4,524,204,612,239
Corydoras_Albinos,184.4,549,575,620,634
Pterophyllum_Scalare_Y,184.4,911,426,959,507
Pterophyllum_Scalare_Y,184.5,496,268,531,333
Corydoras_Albinos,184.5,563,575,632,639
Pterophyllum_Scalare_Y,184.5,909,424,958,507
G_Matriarche,184.5,555,240,653,278
Botia_Almorhae,184.5,527,202,620,240
Pterophyllum_Scalare_Y,184.6,494,268,528,334
G_Matriarche,184.6,556,238,654,277
Corydoras_Albinos,184.6,577,584,644,644
Botia_Almorhae,184.6,537,202,629,241
Pterophyllum_Scalare_Y,184.6,907,424,957,505
G_Matriarche,184.7,556,236,655,276
Corydoras_Albinos,184.7,591,585,656,649
Botia_Almorhae,184.7,545,203,636,241
Pterophyllum_Scalare_Y,184.7,907,424,954,504
G_Matriarche,184.8,559,236,656,277
Corydoras_Albinos,184.8,605,590,668,655
Pterophyllum_Scalare_Y,184.8,906,425,951,503
Corydoras_Albinos,184.9,615,593,678,661
G_Matriarche,184.9,562,235,658,276
Pterophyllum_Scalare_Y,184.9,906,426,946,502
G_Matriarche,185.0,561,231,659,272
Pterophyllum_Scalare_Y,185.0,904,422,941,500
Corydoras_Albinos,185.0,628,601,689,669
Corydoras_Albinos,185.1,642,609,697,673
Corydoras_Albinos,185.1,718,628,766,657
G_Matriarche,185.1,559,231,660,271
Pterophyllum_Scalare_Y,185.1,903,421,937,500
Corydoras_Albinos,185.2,648,613,705,679
Pterophyllum_Scalare_BB,185.2,550,228,592,287
Pterophyllum_Scalare_Y,185.2,901,421,934,497
G_Matriarche,185.2,583,233,662,269
Corydoras_Albinos,185.3,657,619,711,685
G_Matriarche,185.3,584,232,665,269
Pterophyllum_Scalare_BB,185.3,542,227,588,289
Pterophyllum_Scalare_Y,185.3,899,421,931,498
G_Matriarche,185.4,580,231,669,269
Pterophyllum_Scalare_YWB,185.4,488,271,506,333
Pterophyllum_Scalare_BB,185.4,532,227,585,292
Corydoras_Albinos,185.4,671,624,717,690
Pterophyllum_Scalare_Y,185.4,899,420,930,497
Corydoras_Albinos,185.5,717,628,766,658
Corydoras_Panda,185.5,865,516,918,543
Pterophyllum_Scalare_BB,185.5,523,227,579,295
G_Matriarche,185.5,580,230,673,268
Corydoras_Albinos,185.5,680,630,732,706
Pterophyllum_Scalare_Y,185.5,899,420,929,496
Corydoras_Panda,185.6,868,516,923,544
Pterophyllum_Scalare_BB,185.6,516,231,574,298
Pterophyllum_Scalare_Y,185.6,898,423,926,495
G_Matriarche,185.6,583,229,676,267
Corydoras_Albinos,185.6,717,625,765,658
Corydoras_Albinos,185.6,692,639,736,707
Pterophyllum_Scalare_Y,185.7,899,421,926,492
Corydoras_Albinos,185.7,703,643,738,707
Pterophyllum_Scalare_BB,185.7,509,230,569,301
G_Matriarche,185.7,589,227,680,266
Pterophyllum_Scalare_Y,185.8,896,421,924,487
Corydoras_Panda,185.8,866,510,927,544
Pterophyllum_Scalare_BB,185.8,504,233,564,303
G_Matriarche,185.8,592,225,684,265
Pterophyllum_Scalare_Y,185.9,897,418,928,485
Pterophyllum_Scalare_YWB,185.9,476,273,503,332
Pterophyllum_Scalare_BB,185.9,500,234,560,304
G_Matriarche,185.9,597,223,687,264
Corydoras_Panda,185.9,871,509,928,543
G_Matriarche,186.0,599,222,690,263
Pterophyllum_Scalare_Y,186.0,896,418,922,483
Pterophyllum_Scalare_BB,186.0,497,230,555,306
Corydoras_Panda,186.0,873,505,927,544
Pterophyllum_Scalare_BB,186.1,494,230,552,307
Pterophyllum_Scalare_Y,186.1,897,417,922,482
G_Matriarche,186.1,605,220,694,262
Corydoras_Panda,186.1,871,507,926,544
Pterophyllum_Scalare_BB,186.2,492,231,549,310
Pterophyllum_Scalare_YWB,186.2,470,279,501,339
G_Matriarche,186.2,605,219,698,261
Pterophyllum_Scalare_Y,186.2,895,415,923,484
Corydoras_Panda,186.2,873,509,928,543
Pterophyllum_Scalare_BB,186.3,490,232,546,313
Pterophyllum_Scalare_Y,186.3,895,411,924,484
Pterophyllum_Scalare_YWB,186.3,468,280,502,340
Corydoras_Panda,186.3,876,505,927,544
G_Matriarche,186.3,607,217,702,259
Pterophyllum_Scalare_YWB,186.4,467,281,500,341
G_Matriarche,186.4,609,215,705,257
Pterophyllum_Scalare_BB,186.4,487,235,542,315
Corydoras_Panda,186.4,874,507,927,545
Pterophyllum_Scalare_Y,186.4,894,414,923,484
Corydoras_Panda,186.5,875,506,927,546
Pterophyllum_Scalare_Y,186.5,895,417,922,481
Pterophyllum_Scalare_BB,186.5,487,236,539,319
G_Matriarche,186.5,611,212,704,254
Pterophyllum_Scalare_Y,186.6,893,411,921,481
G_Matriarche,186.6,596,209,693,249
Pterophyllum_Scalare_BB,186.6,487,237,537,322
Pterophyllum_Scalare_Y,186.7,895,412,921,479
Corydoras_Panda,186.7,880,503,930,546
Pterophyllum_Scalare_BB,186.7,486,238,533,323
G_Matriarche,186.7,583,210,678,251
G_Matriarche,186.7,647,204,688,292
Corydoras_Panda,186.8,882,506,930,544
Pterophyllum_Scalare_Y,186.8,464,285,500,345
Pterophyllum_Scalare_BB,186.8,485,238,526,297
Pterophyllum_Scalare_Y,186.8,893,409,921,478
G_Matriarche,186.9,567,214,658,255
Pterophyllum_Scalare_BB,186.9,648,201,699,283
Pterophyllum_Scalare_Y,186.9,893,410,919,481
Pterophyllum_Scalare_BB,186.9,483,240,520,297
Pterophyllum_Scalare_Y,186.9,462,288,497,348
Pterophyllum_Scalare_BB,187.0,481,242,514,295
Pterophyllum_Scalare_BB,187.0,652,197,703,274
G_Matriarche,187.0,562,214,652,255
Pterophyllum_Scalare_Y,187.0,460,287,496,349
Pterophyllum_Scalare_Y,187.0,892,412,921,484
Pterophyllum_Scalare_Y,187.1,892,412,919,488
G_Matriarche,187.1,557,212,647,255
Pterophyllum_Scalare_Y,187.1,458,286,496,349
Pterophyllum_Scalare_BB,187.1,481,242,510,297
Pterophyllum_Scalare_BB,187.1,652,204,705,273
Pterophyllum_Scalare_Y,187.2,458,284,495,353
Pterophyllum_Scalare_Y,187.2,890,415,918,483
G_Matriarche,187.2,553,212,644,255
Pterophyllum_Scalare_BB,187.2,657,206,707,275
Pterophyllum_Scalare_BB,187.2,480,244,505,296
Pterophyllum_Scalare_BB,187.3,653,215,733,290
Pterophyllum_Scalare_Y,187.3,458,283,501,355
G_Matriarche,187.3,551,213,645,254
Pterophyllum_Scalare_Y,187.3,890,414,919,486
G_Matriarche,187.4,548,214,641,252
Pterophyllum_Scalare_Y,187.4,892,413,917,487
Botia_Almorhae,187.4,644,226,757,299
Pterophyllum_Scalare_BB,187.5,476,250,500,302
Botia_Almorhae,187.5,633,235,784,303
Pterophyllum_Scalare_Y,187.5,891,411,919,488
G_Matriarche,187.5,544,213,637,252
Corydoras_Albinos,187.5,717,630,768,657
Pterophyllum_Scalare_Y,187.6,890,412,920,485
G_Matriarche,187.6,538,214,629,252
Botia_Almorhae,187.6,657,244,803,309
Botia_Striata,187.6,887,511,940,541
Pterophyllum_Scalare_BB,187.6,475,253,499,305
G_Matriarche,187.7,532,212,628,251
Pterophyllum_Scalare_BB,187.7,473,256,500,308
Botia_Almorhae,187.7,677,247,838,317
Pterophyllum_Scalare_Y,187.7,891,411,918,486
Pterophyllum_Scalare_Y,187.8,891,411,917,485
G_Matriarche,187.8,528,208,626,247
Botia_Almorhae,187.8,708,259,874,320
Pterophyllum_Scalare_YWB,187.8,454,309,503,367
Pterophyllum_Scalare_BB,187.8,471,258,499,312
Corydoras_Albinos,187.8,718,629,765,659
Botia_Striata,187.8,882,509,940,540
Botia_Striata,187.9,882,645,923,673
Pterophyllum_Scalare_BB,187.9,469,260,500,316
Botia_Almorhae,187.9,748,266,902,325
G_Matriarche,187.9,525,204,622,244
Pterophyllum_Scalare_Y,187.9,890,407,918,485
Pterophyllum_Scalare_Y,188.0,890,413,917,483
Botia_Almorhae,188.0,784,276,928,329
G_Matriarche,188.0,523,200,620,241
Botia_Striata,188.0,875,646,923,674
Botia_Striata,188.1,885,506,939,539
G_Matriarche,188.1,519,197,612,237
Botia_Striata,188.1,865,641,921,673
Botia_Almorhae,188.1,827,283,948,329
Pterophyllum_Scalare_Y,188.1,890,414,917,485
Corydoras_Albinos,188.1,715,628,766,663
Pterophyllum_Scalare_BB,188.1,465,267,498,326
Corydoras_Albinos,188.2,717,629,766,659
G_Matriarche,188.2,515,196,605,236
Pterophyllum_Scalare_Y,188.2,889,410,919,484
Botia_Striata,188.2,857,638,920,672
Pterophyllum_Scalare_BB,188.2,461,270,498,331
Pterophyllum_Scalare_Y,188.3,890,413,918,484
Botia_Striata,188.3,850,636,919,671
G_Matriarche,188.3,512,193,603,234
Pterophyllum_Scalare_BB,188.3,456,275,498,336
Corydoras_Panda,188.3,895,495,939,536
Pterophyllum_Scalare_Y,188.4,889,410,916,485
Botia_Striata,188.4,842,634,919,669
Corydoras_Panda,188.4,897,493,937,535
G_Matriarche,188.4,509,190,601,230
Pterophyllum_Scalare_BB,188.4,453,277,497,374
Botia_Striata,188.5,831,632,920,669
G_Matriarche,188.5,511,186,599,227
Botia_Almorhae,188.5,946,285,1023,332
Pterophyllum_Scalare_Y,188.5,888,409,918,484
Pterophyllum_Scalare_BB,188.5,450,280,494,374
Corydoras_Panda,188.5,902,490,938,536
Botia_Almorhae,188.6,972,281,1039,335
Corydoras_Panda,188.6,903,491,938,537
Botia_Striata,188.6,828,632,920,667
Pterophyllum_Scalare_BB,188.6,447,283,494,375
G_Matriarche,188.6,510,184,600,226
Pterophyllum_Scalare_Y,188.6,888,410,916,483
Pterophyllum_Scalare_Y,188.7,888,412,917,483
Botia_Striata,188.7,825,631,916,665
Corydoras_Panda,188.7,903,490,937,537
Pterophyllum_Scalare_BB,188.7,447,285,495,375
G_Matriarche,188.7,510,182,602,226
Corydoras_Albinos,188.7,716,625,764,658
Corydoras_Panda,188.8,902,491,938,536
Pterophyllum_Scalare_Y,188.8,886,405,917,482
Pterophyllum_Scalare_BB,188.8,446,285,493,376
Botia_Striata,188.8,822,630,915,666
Botia_Almorhae,188.8,985,267,1076,336
G_Matriarche,188.8,514,184,600,228
Pterophyllum_Scalare_BB,188.9,445,286,492,378
Corydoras_Panda,188.9,896,490,937,536
Botia_Striata,188.9,817,630,918,665
Pterophyllum_Scalare_Y,188.9,886,407,914,485
Botia_Almorhae,188.9,1007,253,1096,332
G_Matriarche,188.9,526,183,594,229
Botia_Almorhae,189.0,1009,240,1120,326
Pterophyllum_Scalare_BB,189.0,442,286,492,381
G_Matriarche,189.0,528,182,591,230
Botia_Striata,189.0,814,628,909,665
Corydoras_Panda,189.0,897,491,938,536
Pterophyllum_Scalare_BB,189.0,442,286,490,350
Pterophyllum_Scalare_Y,189.0,886,409,915,483
Pterophyllum_Scalare_BB,189.1,441,286,490,339
Corydoras_Panda,189.1,898,490,940,536
Pterophyllum_Scalare_Y,189.1,885,408,913,481
Botia_Striata,189.1,809,627,893,662
Botia_Almorhae,189.1,1031,232,1134,306
Botia_Almorhae,189.2,1051,223,1155,304
Corydoras_Panda,189.2,891,495,940,537
Pterophyllum_Scalare_BB,189.2,441,285,490,340
G_Matriarche,189.2,524,189,587,247
Pterophyllum_Scalare_Y,189.2,884,403,910,477
Botia_Striata,189.2,800,628,895,664
G_Matriarche,189.3,548,191,595,250
Botia_Almorhae,189.3,1067,217,1165,295
Corydoras_Panda,189.3,892,498,942,538
Pterophyllum_Scalare_Y,189.3,882,401,906,476
Botia_Striata,189.3,801,629,882,661
Pterophyllum_Scalare_BB,189.3,438,284,490,342
Corydoras_Panda,189.4,892,499,943,537
Botia_Striata,189.4,800,629,880,662
Botia_Almorhae,189.4,1088,208,1176,294
Pterophyllum_Scalare_BB,189.4,435,285,489,341
G_Matriarche,189.4,554,193,602,253
Pterophyllum_Scalare_Y,189.4,881,396,910,475
Pterophyllum_Scalare_YWB,189.5,432,335,485,391
G_Matriarche,189.5,559,194,607,254
Botia_Almorhae,189.5,1105,209,1177,286
Botia_Striata,189.5,799,629,871,666
Corydoras_Panda,189.5,890,501,946,537
Pterophyllum_Scalare_BB,189.5,435,286,488,340
G_Matriarche,189.5,535,194,607,254
Corydoras_Panda,189.6,890,502,947,536
Corydoras_Albinos,189.6,754,659,828,694
G_Matriarche,189.6,547,198,611,256
Pterophyllum_Scalare_BB,189.6,435,288,487,340
Botia_Almorhae,189.6,1109,211,1183,280
Botia_Striata,189.6,798,631,866,666
Pterophyllum_Scalare_YWB,189.6,432,336,486,392
Pterophyllum_Scalare_Y,189.6,880,398,904,468
Botia_Almorhae,189.7,1111,214,1185,276
Botia_Striata,189.7,793,631,864,667
Corydoras_Panda,189.7,887,500,948,535
Pterophyllum_Scalare_BB,189.7,436,287,487,341
Pterophyllum_Scalare_YWB,189.7,433,336,481,392
Pterophyllum_Scalare_Y,189.7,879,395,903,471
Botia_Almorhae,189.8,1119,218,1182,278
Pterophyllum_Scalare_YWB,189.8,429,335,474,392
G_Matriarche,189.8,563,202,622,257
Pterophyllum_Scalare_BB,189.8,435,288,487,341
Corydoras_Panda,189.8,891,498,949,535
Pterophyllum_Scalare_Y,189.8,877,394,903,471
Botia_Striata,189.8,794,634,867,670
Pterophyllum_Scalare_YWB,189.9,424,333,466,386
Pterophyllum_Scalare_Y,189.9,876,396,904,472
Botia_Striata,189.9,796,633,869,668
G_Matriarche,189.9,566,214,644,264
Corydoras_Panda,189.9,892,498,950,534
Pterophyllum_Scalare_BB,189.9,435,288,486,342
G_Matriarche,190.0,579,215,657,268
Corydoras_Panda,190.0,893,496,951,535
Pterophyllum_Scalare_YWB,190.0,422,331,463,389
Pterophyllum_Scalare_BB,190.0,436,288,486,344
Pterophyllum_Scalare_Y,190.0,874,395,904,472
Botia_Striata,190.0,802,633,866,667
Pterophyllum_Scalare_Y,190.1,872,397,904,470
Corydoras_Panda,190.1,901,495,954,533
G_Matriarche,190.1,590,218,669,273
Pterophyllum_Scalare_BB,190.1,435,288,485,346
Pterophyllum_Scalare_YWB,190.1,412,332,454,393
Pterophyllum_Scalare_BB,190.2,435,288,485,349
Pterophyllum_Scalare_Y,190.2,870,395,902,469
G_Matriarche,190.2,599,219,681,276
Pterophyllum_Scalare_YWB,190.2,404,332,447,398
Corydoras_Panda,190.2,900,492,957,535
G_Matriarche,190.3,614,220,694,277
Pterophyllum_Scalare_BB,190.3,434,288,484,350
Pterophyllum_Scalare_YWB,190.3,397,333,444,400
Corydoras_Panda,190.3,905,493,961,536
Pterophyllum_Scalare_Y,190.3,869,393,903,469
Pterophyllum_Scalare_Y,190.4,868,394,902,470
G_Matriarche,190.4,631,231,707,279
Corydoras_Panda,190.4,907,491,962,536
Pterophyllum_Scalare_YWB,190.4,390,334,438,402
Pterophyllum_Scalare_BB,190.4,434,289,483,351
Pterophyllum_Scalare_YWB,190.5,385,334,433,404
Corydoras_Panda,190.5,909,489,962,534
Botia_Striata,190.5,812,632,868,663
G_Matriarche,190.5,633,229,719,279
Pterophyllum_Scalare_W,190.5,866,528,882,560
Pterophyllum_Scalare_Y,190.5,867,392,902,469
Pterophyllum_Scalare_BB,190.5,435,288,482,351
Botia_Striata,190.6,814,630,873,664
Pterophyllum_Scalare_YWB,190.6,385,338,421,401
Pterophyllum_Scalare_BB,190.6,433,288,481,352
Pterophyllum_Scalare_W,190.6,866,527,882,560
Corydoras_Panda,190.6,911,490,963,534
G_Matriarche,190.6,652,241,722,279
Pterophyllum_Scalare_Y,190.6,865,388,904,469
Botia_Striata,190.7,816,632,879,664
Pterophyllum_Scalare_YWB,190.7,388,335,415,402
Pterophyllum_Scalare_W,190.7,866,527,882,560
Corydoras_Panda,190.7,913,488,964,533
Pterophyllum_Scalare_Y,190.7,864,386,901,465
Pterophyllum_Scalare_BB,190.7,432,289,480,353
G_Matriarche,190.7,669,243,728,282
Botia_Striata,190.8,819,632,887,665
Corydoras_Panda,190.8,917,492,965,532
Pterophyllum_Scalare_YWB,190.8,389,340,412,402
G_Matriarche,190.8,689,244,737,281
Pterophyllum_Scalare_Y,190.8,863,386,901,464
Pterophyllum_Scalare_BB,190.8,430,290,478,353
Pterophyllum_Scalare_BB,190.9,430,290,477,353
Pterophyllum_Scalare_Y,190.9,862,386,899,463
Corydoras_Panda,190.9,912,492,967,534
Pterophyllum_Scalare_YWB,190.9,387,347,412,404
Pterophyllum_Scalare_W,190.9,866,512,883,560
G_Matriarche,190.9,699,242,747,283
Botia_Striata,190.9,824,632,889,664
Pterophyllum_Scalare_Y,191.0,861,384,900,463
G_Matriarche,191.0,696,241,756,278
Pterophyllum_Scalare_YWB,191.0,385,348,411,406
Botia_Striata,191.0,829,634,899,664
Pterophyllum_Scalare_W,191.0,866,512,883,559
Pterophyllum_Scalare_BB,191.0,430,290,475,353
Corydoras_Panda,191.0,910,488,968,533
Pterophyllum_Scalare_YWB,191.1,381,349,408,408
Corydoras_Panda,191.1,918,491,966,530
G_Matriarche,191.1,691,237,765,277
Pterophyllum_Scalare_Y,191.1,860,383,900,464
Pterophyllum_Scalare_BB,191.1,427,291,474,354
Botia_Striata,191.1,829,635,905,664
Pterophyllum_Scalare_W,191.1,866,512,882,559
Pterophyllum_Scalare_W,191.2,866,513,882,559
G_Matriarche,191.2,679,231,752,269
Corydoras_Albinos,191.2,867,654,911,682
Pterophyllum_Scalare_YWB,191.2,376,348,407,410
Pterophyllum_Scalare_Y,191.2,858,384,899,464
Botia_Almorhae,191.2,985,250,1129,312
Pterophyllum_Scalare_BB,191.2,424,291,468,356
Corydoras_Panda,191.2,920,484,966,527
Pterophyllum_Scalare_W,191.3,866,511,882,557
Pterophyllum_Scalare_BB,191.3,427,292,465,355
Corydoras_Albinos,191.3,872,653,914,681
G_Matriarche,191.3,661,222,751,262
Pterophyllum_Scalare_Y,191.3,857,383,899,463
Botia_Almorhae,191.3,955,262,1098,321
Pterophyllum_Scalare_YWB,191.3,371,347,405,411
Pterophyllum_Scalare_YWB,191.4,364,347,404,410
Pterophyllum_Scalare_BB,191.4,432,292,462,356
Pterophyllum_Scalare_W,191.4,865,511,882,557
Corydoras_Albinos,191.4,871,650,920,683
G_Matriarche,191.4,649,213,738,255
Pterophyllum_Scalare_Y,191.4,856,383,899,464
Botia_Almorhae,191.4,933,277,1060,330
Pterophyllum_Scalare_W,191.5,866,510,882,557
Pterophyllum_Scalare_Y,191.5,855,383,897,464
G_Matriarche,191.5,638,206,724,247
Corydoras_Albinos,191.5,868,648,921,683
Pterophyllum_Scalare_BB,191.5,426,294,460,357
Botia_Almorhae,191.5,884,290,1025,344
Pterophyllum_Scalare_YWB,191.5,354,349,403,415
Corydoras_Albinos,191.6,867,642,925,684
Botia_Almorhae,191.6,849,309,985,352
G_Matriarche,191.6,630,200,715,239
Pterophyllum_Scalare_W,191.6,865,511,882,558
Pterophyllum_Scalare_Y,191.6,855,382,897,464
Pterophyllum_Scalare_BB,191.6,421,295,457,358
Pterophyllum_Scalare_YWB,191.6,339,351,403,416
G_Matriarche,191.7,624,195,711,233
Corydoras_Albinos,191.7,867,645,930,685
Pterophyllum_Scalare_YWB,191.7,327,353,400,418
Pterophyllum_Scalare_Y,191.7,854,382,897,464
Pterophyllum_Scalare_BB,191.7,417,296,454,360
Botia_Almorhae,191.7,819,318,949,358
Pterophyllum_Scalare_W,191.7,865,510,881,558
Pterophyllum_Scalare_YWB,191.8,314,353,397,419
Pterophyllum_Scalare_W,191.8,864,510,881,557
Pterophyllum_Scalare_BB,191.8,410,297,450,362
Botia_Almorhae,191.8,791,324,914,362
G_Matriarche,191.8,619,191,708,230
Corydoras_Panda,191.8,921,481,969,528
Pterophyllum_Scalare_Y,191.8,854,381,896,464
Corydoras_Albinos,191.8,874,641,932,686
Pterophyllum_Scalare_BB,191.9,404,297,445,364
Corydoras_Albinos,191.9,882,638,936,686
G_Matriarche,191.9,621,188,701,227
Pterophyllum_Scalare_Y,191.9,853,380,896,464
Pterophyllum_Scalare_YWB,191.9,308,353,391,420
Botia_Almorhae,191.9,769,329,903,368
Corydoras_Panda,191.9,918,491,971,529
Pterophyllum_Scalare_BB,192.0,398,297,443,365
G_Matriarche,192.0,626,185,690,228
Corydoras_Panda,192.0,914,488,972,532
Botia_Almorhae,192.0,757,331,872,370
Corydoras_Albinos,192.0,888,639,943,687
Pterophyllum_Scalare_YWB,192.0,300,353,383,423
Pterophyllum_Scalare_Y,192.0,853,379,896,463
Pterophyllum_Scalare_W,192.0,861,510,881,557
Pterophyllum_Scalare_W,192.1,861,511,881,557
Pterophyllum_Scalare_YWB,192.1,293,352,373,425
G_Matriarche,192.1,627,184,676,224
Corydoras_Panda,192.1,913,491,974,531
Pterophyllum_Scalare_Y,192.1,853,379,895,463
Botia_Almorhae,192.1,750,334,860,372
Pterophyllum_Scalare_BB,192.1,391,297,439,366
Corydoras_Albinos,192.1,894,637,946,686
Botia_Almorhae,192.2,748,338,845,379
Corydoras_Panda,192.2,917,489,975,531
Pterophyllum_Scalare_YWB,192.2,289,352,367,424
Pterophyllum_Scalare_BB,192.2,384,296,434,365
Corydoras_Albinos,192.2,899,637,949,688
Pterophyllum_Scalare_Y,192.2,853,378,896,463
Pterophyllum_Scalare_W,192.2,860,511,881,557
Pterophyllum_Scalare_BB,192.3,377,296,429,366
Pterophyllum_Scalare_Y,192.3,852,378,895,463
Pterophyllum_Scalare_YWB,192.3,286,351,365,422
Botia_Almorhae,192.3,747,341,833,383
Corydoras_Panda,192.3,916,490,977,531
Pterophyllum_Scalare_W,192.3,860,512,881,557
Corydoras_Albinos,192.3,902,631,951,689
Corydoras_Albinos,192.4,906,632,951,689
Pterophyllum_Scalare_Y,192.4,852,378,895,463
Pterophyllum_Scalare_W,192.4,860,513,881,557
Corydoras_Panda,192.4,921,490,978,531
Pterophyllum_Scalare_BB,192.4,370,296,426,367
Botia_Almorhae,192.4,745,345,824,390
Pterophyllum_Scalare_YWB,192.4,284,348,362,420
Pterophyllum_Scalare_Y,192.5,852,378,895,463
Pterophyllum_Scalare_W,192.5,859,513,881,558
Pterophyllum_Scalare_YWB,192.5,279,346,357,414
Pterophyllum_Scalare_BB,192.5,365,295,421,367
Corydoras_Albinos,192.5,907,632,951,688
Corydoras_Panda,192.5,919,490,978,531
Botia_Almorhae,192.5,744,350,812,397
Pterophyllum_Scalare_W,192.6,859,514,881,558
Pterophyllum_Scalare_YWB,192.6,277,346,355,414
Pterophyllum_Scalare_Y,192.6,852,378,893,464
Pterophyllum_Scalare_BB,192.6,358,295,417,368
Corydoras_Panda,192.6,924,491,980,533
Corydoras_Albinos,192.6,910,634,952,688
Botia_Almorhae,192.6,742,354,802,402
Corydoras_Panda,192.7,921,488,980,532
Pterophyllum_Scalare_Y,192.7,852,379,893,464
Pterophyllum_Scalare_YWB,192.7,278,343,353,414
Corydoras_Albinos,192.7,912,637,953,686
Botia_Almorhae,192.7,740,357,795,411
Pterophyllum_Scalare_W,192.7,858,514,881,558
Pterophyllum_Scalare_BB,192.7,349,295,410,369
Pterophyllum_Scalare_Y,192.8,852,379,892,464
Corydoras_Albinos,192.8,915,632,956,690
Corydoras_Panda,192.8,921,491,980,532
Pterophyllum_Scalare_YWB,192.8,279,341,351,411
Pterophyllum_Scalare_W,192.8,857,514,881,558
Pterophyllum_Scalare_BB,192.8,341,296,407,370
Pterophyllum_Scalare_YWB,192.9,280,340,348,411
Pterophyllum_Scalare_W,192.9,857,515,881,558
Pterophyllum_Scalare_Y,192.9,852,380,893,465
Pterophyllum_Scalare_BB,192.9,335,295,403,371
Corydoras_Panda,192.9,921,490,981,531
G_Matriarche,192.9,673,182,739,240
Corydoras_Albinos,192.9,918,629,957,690
Pterophyllum_Scalare_BB,193.0,329,295,398,370
G_Matriarche,193.0,674,191,737,243
Pterophyllum_Scalare_W,193.0,857,514,881,558
Corydoras_Panda,193.0,921,490,981,530
Pterophyllum_Scalare_Y,193.0,851,380,893,465
Pterophyllum_Scalare_YWB,193.0,280,339,345,413
Corydoras_Albinos,193.0,921,628,957,690
Pterophyllum_Scalare_W,193.1,856,514,881,558
Pterophyllum_Scalare_BB,193.1,322,295,394,371
Corydoras_Albinos,193.1,915,630,956,688
G_Matriarche,193.1,672,191,744,245
Pterophyllum_Scalare_YWB,193.1,279,339,342,415
Corydoras_Panda,193.1,924,489,981,531
Pterophyllum_Scalare_Y,193.1,850,382,891,466
Pterophyllum_Scalare_Y,193.2,850,383,891,468
G_Matriarche,193.2,676,193,752,246
Corydoras_Albinos,193.2,921,628,955,689
Pterophyllum_Scalare_W,193.2,856,514,881,558
Corydoras_Panda,193.2,927,491,981,528
Pterophyllum_Scalare_YWB,193.2,278,340,340,417
Pterophyllum_Scalare_BB,193.2,314,295,390,371
Pterophyllum_Scalare_Y,193.3,849,386,888,472
Pterophyllum_Scalare_BB,193.3,305,296,385,370
Pterophyllum_Scalare_YWB,193.3,279,341,339,418
G_Matriarche,193.3,688,194,758,248
Corydoras_Panda,193.3,928,487,982,526
Pterophyllum_Scalare_W,193.3,856,514,881,558
Corydoras_Albinos,193.3,919,627,953,686
Pterophyllum_Scalare_W,193.4,856,513,881,559
Pterophyllum_Scalare_YWB,193.4,281,342,339,422
G_Matriarche,193.4,692,194,761,249
Corydoras_Panda,193.4,933,487,982,525
Pterophyllum_Scalare_Y,193.4,848,387,888,474
Pterophyllum_Scalare_BB,193.4,296,297,377,369
Pterophyllum_Scalare_W,193.5,856,514,882,559
G_Matriarche,193.5,697,195,766,249
Pterophyllum_Scalare_Y,193.5,848,390,888,475
Corydoras_Albinos,193.5,923,625,954,686
Corydoras_Panda,193.5,935,483,983,525
Pterophyllum_Scalare_BB,193.5,289,297,371,371
Pterophyllum_Scalare_W,193.6,856,514,881,559
Corydoras_Albinos,193.6,922,626,956,687
G_Matriarche,193.6,702,196,769,250
Corydoras_Panda,193.6,936,480,982,524
Pterophyllum_Scalare_Y,193.6,847,389,889,476
Pterophyllum_Scalare_BB,193.6,280,297,363,371
Pterophyllum_Scalare_Y,193.7,848,391,891,477
Pterophyllum_Scalare_BB,193.7,270,296,355,374
Corydoras_Panda,193.7,936,482,978,523
Pterophyllum_Scalare_W,193.7,856,514,881,559
Corydoras_Albinos,193.7,922,624,954,689
G_Matriarche,193.7,706,197,774,251
Pterophyllum_Scalare_Y,193.8,847,391,893,478
Corydoras_Panda,193.8,939,483,978,525
G_Matriarche,193.8,711,197,779,250
Pterophyllum_Scalare_W,193.8,856,515,881,559
Pterophyllum_Scalare_BB,193.8,261,296,348,373
Corydoras_Albinos,193.8,921,630,957,690
G_Matriarche,193.9,718,199,783,250
Pterophyllum_Scalare_Y,193.9,847,394,893,478
Pterophyllum_Scalare_W,193.9,856,516,881,559
Pterophyllum_Scalare_BB,193.9,254,294,342,375
G_Matriarche,194.0,724,201,788,250
Pterophyllum_Scalare_Y,194.0,846,395,895,479
Pterophyllum_Scalare_W,194.0,855,515,881,558
Corydoras_Panda,194.0,946,478,975,525
Pterophyllum_Scalare_BB,194.0,246,293,334,377
G_Matriarche,194.1,730,202,793,251
Pterophyllum_Scalare_BB,194.1,238,293,327,377
Pterophyllum_Scalare_Y,194.1,847,395,896,480
Corydoras_Panda,194.1,943,476,975,525
Pterophyllum_Scalare_W,194.1,855,516,881,558
Pterophyllum_Scalare_BB,194.2,232,294,322,378
Corydoras_Albinos,194.2,922,638,951,691
Pterophyllum_Scalare_Y,194.2,847,394,897,481
G_Matriarche,194.2,736,204,797,250
Corydoras_Panda,194.2,943,473,974,525
Corydoras_Albinos,194.3,922,638,951,691
Pterophyllum_Scalare_Y,194.3,847,394,898,480
Pterophyllum_Scalare_BB,194.3,226,295,315,379
G_Matriarche,194.3,742,205,802,249
Corydoras_Albinos,194.4,920,640,954,689
Pterophyllum_Scalare_Y,194.4,847,392,899,481
Pterophyllum_Scalare_BB,194.4,222,296,312,381
G_Matriarche,194.4,748,207,805,249
Pterophyllum_Scalare_Y,194.5,847,392,900,481
Corydoras_Albinos,194.5,919,642,956,688
Pterophyllum_Scalare_BB,194.5,219,296,307,383
G_Matriarche,194.5,754,208,810,249
G_Matriarche,194.6,760,209,815,250
Corydoras_Albinos,194.6,915,640,957,688
Pterophyllum_Scalare_Y,194.6,846,390,900,481
Pterophyllum_Scalare_BB,194.6,216,295,300,384
Corydoras_Albinos,194.7,913,645,958,687
G_Matriarche,194.7,765,210,815,250
Pterophyllum_Scalare_BB,194.7,213,294,296,384
Pterophyllum_Scalare_Y,194.7,846,390,903,481
Pterophyllum_Scalare_YWB,194.7,275,320,326,401
Pterophyllum_Scalare_Y,194.8,939,482,962,531
Pterophyllum_Scalare_BB,194.8,211,293,287,383
Corydoras_Albinos,194.8,907,641,956,687
G_Matriarche,194.8,771,210,820,248
Botia_Almorhae,194.8,697,340,740,391
Pterophyllum_Scalare_YWB,194.8,271,316,330,398
Pterophyllum_Scalare_Y,194.8,845,387,904,481
Botia_Striata,194.9,690,337,742,391
G_Matriarche,194.9,778,210,827,249
Corydoras_Albinos,194.9,906,642,957,687
Pterophyllum_Scalare_Y,194.9,845,386,904,480
G_Matriarche,194.9,143,252,188,298
Pterophyllum_Scalare_YWB,194.9,268,316,328,394
Pterophyllum_Scalare_Y,194.9,935,483,959,529
Pterophyllum_Scalare_BB,194.9,210,292,284,384
Corydoras_Albinos,195.0,906,643,957,686
G_Matriarche,195.0,782,212,830,250
Botia_Striata,195.0,691,336,742,385
Pterophyllum_Scalare_BB,195.0,210,293,272,386
Pterophyllum_Scalare_Y,195.0,845,385,904,479
G_Matriarche,195.1,788,212,837,250
Corydoras_Albinos,195.1,899,637,957,686
G_Matriarche,195.1,161,258,199,304
Pterophyllum_Scalare_YWB,195.1,259,312,316,388
Pterophyllum_Scalare_Y,195.1,846,385,905,477
Pterophyllum_Scalare_BB,195.1,208,294,259,388
Pterophyllum_Scalare_Y,195.2,846,385,905,477
Pterophyllum_Scalare_BB,195.2,206,297,306,389
Pterophyllum_Scalare_BB,195.2,206,296,258,389
G_Matriarche,195.2,793,213,843,251
Corydoras_Albinos,195.2,898,637,958,685
Pterophyllum_Scalare_YWB,195.2,255,307,308,389
Pterophyllum_Scalare_Y,195.3,846,382,907,476
Pterophyllum_Scalare_BB,195.3,203,299,299,390
G_Matriarche,195.3,799,215,852,252
Corydoras_Albinos,195.3,905,641,958,687
G_Matriarche,195.4,806,214,856,253
Pterophyllum_Scalare_BB,195.4,203,298,292,393
Corydoras_Albinos,195.4,905,640,958,686
Pterophyllum_Scalare_Y,195.4,846,384,906,474
G_Matriarche,195.5,810,214,862,254
Pterophyllum_Scalare_Y,195.5,846,381,909,474
Pterophyllum_Scalare_W,195.5,853,516,881,557
Pterophyllum_Scalare_BB,195.5,201,298,289,394
Corydoras_Albinos,195.5,907,643,959,688
Corydoras_Panda,195.6,909,493,970,526
Corydoras_Albinos,195.6,916,645,960,688
Pterophyllum_Scalare_Y,195.6,845,383,910,473
Pterophyllum_Scalare_BB,195.6,197,298,286,396
G_Matriarche,195.6,814,215,866,254
Botia_Almorhae,195.6,597,330,649,372
Pterophyllum_Scalare_Y,195.7,845,380,910,473
Corydoras_Panda,195.7,917,489,975,526
Pterophyllum_Scalare_BB,195.7,193,298,283,396
G_Matriarche,195.7,818,218,871,254
Botia_Almorhae,195.7,586,331,650,381
Corydoras_Albinos,195.7,918,637,959,687
Botia_Almorhae,195.8,576,333,650,385
Corydoras_Panda,195.8,919,488,979,526
Pterophyllum_Scalare_BB,195.8,190,300,277,397
Pterophyllum_Scalare_Y,195.8,844,378,911,473
G_Matriarche,195.8,821,220,874,255
Corydoras_Albinos,195.8,931,648,960,689
G_Matriarche,195.9,825,222,878,256
Botia_Almorhae,195.9,566,332,650,391
Corydoras_Albinos,195.9,931,641,963,690
Corydoras_Panda,195.9,923,489,982,525
Pterophyllum_Scalare_Y,195.9,844,379,911,473
Pterophyllum_Scalare_BB,195.9,187,298,275,397
Botia_Almorhae,196.0,560,338,641,392
Pterophyllum_Scalare_Y,196.0,843,380,912,473
Pterophyllum_Scalare_BB,196.0,185,299,271,398
Corydoras_Albinos,196.0,929,645,964,691
G_Matriarche,196.0,828,222,883,256
Corydoras_Panda,196.0,926,484,984,525
Corydoras_Panda,196.1,930,484,986,525
G_Matriarche,196.1,829,221,886,257
Pterophyllum_Scalare_BB,196.1,182,298,265,398
Corydoras_Albinos,196.1,929,642,967,691
Pterophyllum_Scalare_Y,196.1,843,382,912,473
Pterophyllum_Scalare_W,196.2,849,515,880,556
Pterophyllum_Scalare_BB,196.2,174,302,256,397
G_Matriarche,196.2,828,222,889,257
Corydoras_Albinos,196.2,929,642,967,692
Corydoras_Panda,196.2,933,486,991,525
Pterophyllum_Scalare_YWB,196.2,167,291,254,321
Pterophyllum_Scalare_Y,196.2,843,378,915,473
Pterophyllum_Scalare_BB,196.3,168,303,247,392
Pterophyllum_Scalare_YWB,196.3,162,290,247,321
Corydoras_Albinos,196.3,929,642,968,691
Pterophyllum_Scalare_Y,196.3,845,378,914,471
Corydoras_Panda,196.3,934,487,994,525
G_Matriarche,196.3,827,223,899,258
G_Matriarche,196.4,829,223,901,259
Pterophyllum_Scalare_BB,196.4,164,302,241,388
Pterophyllum_Scalare_YWB,196.4,158,289,241,320
Corydoras_Panda,196.4,939,489,997,525
Corydoras_Albinos,196.4,929,644,965,691
Pterophyllum_Scalare_Y,196.4,846,375,916,470
Pterophyllum_Scalare_YWB,196.5,154,288,239,315
Pterophyllum_Scalare_Y,196.5,846,377,916,468
Pterophyllum_Scalare_BB,196.5,156,288,238,385
G_Matriarche,196.5,830,223,903,259
Corydoras_Panda,196.5,942,487,1002,529
Pterophyllum_Scalare_W,196.5,848,515,880,555
Corydoras_Albinos,196.5,929,643,965,691
Corydoras_Panda,196.6,945,488,1007,530
Corydoras_Albinos,196.6,931,642,965,693
Pterophyllum_Scalare_BB,196.6,152,285,227,380
Pterophyllum_Scalare_Y,196.6,846,373,917,468
G_Matriarche,196.6,833,224,908,260
Pterophyllum_Scalare_W,196.6,846,515,880,555
Corydoras_Albinos,196.7,931,644,964,694
Pterophyllum_Scalare_Y,196.7,845,373,916,466
Pterophyllum_Scalare_W,196.7,846,516,879,554
Corydoras_Panda,196.7,949,487,1010,532
Pterophyllum_Scalare_BB,196.7,147,286,226,376
G_Matriarche,196.7,832,222,905,261
Pterophyllum_Scalare_BB,196.8,142,284,227,371
G_Matriarche,196.8,833,222,909,263
Pterophyllum_Scalare_W,196.8,845,516,879,554
Corydoras_Albinos,196.8,931,643,966,693
Pterophyllum_Scalare_YWB,196.8,143,284,228,371
Pterophyllum_Scalare_Y,196.8,844,367,918,465
Corydoras_Panda,196.8,958,489,1012,531
Corydoras_Panda,196.9,963,494,1015,533
G_Matriarche,196.9,828,226,903,265
Pterophyllum_Scalare_YWB,196.9,138,282,224,369
Pterophyllum_Scalare_W,196.9,845,516,879,554
Corydoras_Albinos,196.9,929,649,969,694
Pterophyllum_Scalare_BB,196.9,137,283,223,369
Pterophyllum_Scalare_Y,196.9,844,367,916,465
Corydoras_Panda,197.0,974,492,1020,538
G_Matriarche,197.0,831,228,906,267
Pterophyllum_Scalare_Y,197.0,845,368,916,464
Corydoras_Albinos,197.0,928,648,973,693
Pterophyllum_Scalare_YWB,197.0,133,280,221,366
Pterophyllum_Scalare_W,197.0,844,516,878,553
Pterophyllum_Scalare_YWB,197.1,128,279,216,362
Corydoras_Panda,197.1,976,494,1025,540
Corydoras_Albinos,197.1,924,651,969,693
Pterophyllum_Scalare_Y,197.1,845,367,914,463
G_Matriarche,197.1,828,231,907,267
Pterophyllum_Scalare_W,197.1,844,516,878,554
Corydoras_Albinos,197.2,923,649,976,693
G_Matriarche,197.2,825,233,909,270
Corydoras_Panda,197.2,980,498,1031,543
Pterophyllum_Scalare_W,197.2,844,516,878,554
Pterophyllum_Scalare_Y,197.2,845,369,914,461
Pterophyllum_Scalare_YWB,197.2,124,277,211,363
Pterophyllum_Scalare_W,197.3,844,516,878,553
Corydoras_Panda,197.3,985,505,1036,543
Corydoras_Albinos,197.3,923,647,975,690
Pterophyllum_Scalare_Y,197.3,845,367,912,460
G_Matriarche,197.3,822,234,908,270
Pterophyllum_Scalare_YWB,197.3,120,277,204,366
Pterophyllum_Scalare_W,197.4,844,517,878,554
Pterophyllum_Scalare_YWB,197.4,117,276,198,368
Corydoras_Albinos,197.4,919,649,972,692
Pterophyllum_Scalare_Y,197.4,846,367,911,458
G_Matriarche,197.4,821,233,905,272
Pterophyllum_Scalare_Y,197.5,846,364,910,455
Pterophyllum_Scalare_W,197.5,844,517,877,553
G_Matriarche,197.5,817,231,905,273
Corydoras_Panda,197.5,998,514,1046,543
Pterophyllum_Scalare_BB,197.5,115,277,189,369
Pterophyllum_Scalare_Y,197.6,846,365,907,455
Corydoras_Albinos,197.6,917,649,972,692
Pterophyllum_Scalare_BB,197.6,111,277,183,368
Pterophyllum_Scalare_W,197.6,843,517,876,552
G_Matriarche,197.6,817,233,904,275
G_Matriarche,197.7,815,234,904,277
Pterophyllum_Scalare_BB,197.7,107,278,177,368
Pterophyllum_Scalare_Y,197.7,846,365,907,455
Pterophyllum_Scalare_W,197.7,843,517,876,552
Corydoras_Albinos,197.8,915,650,972,692
G_Matriarche,197.8,816,235,904,276
Pterophyllum_Scalare_BB,197.8,102,276,172,367
Pterophyllum_Scalare_W,197.8,840,518,876,553
Botia_Striata,197.8,604,454,644,484
Pterophyllum_Scalare_Y,197.8,845,365,905,454
Corydoras_Albinos,197.9,911,647,965,694
Pterophyllum_Scalare_BB,197.9,99,276,170,366
G_Matriarche,197.9,817,237,905,276
Pterophyllum_Scalare_Y,197.9,844,364,902,453
Pterophyllum_Scalare_W,197.9,839,519,874,551
Corydoras_Albinos,198.0,908,651,966,694
G_Matriarche,198.0,816,238,905,277
Pterophyllum_Scalare_Y,198.0,843,363,900,452
Pterophyllum_Scalare_BB,198.0,95,276,168,364
Pterophyllum_Scalare_W,198.0,836,518,874,549
Corydoras_Panda,198.1,1028,507,1062,540
G_Matriarche,198.1,817,238,907,277
Pterophyllum_Scalare_Y,198.1,842,361,902,450
Pterophyllum_Scalare_BB,198.1,101,275,167,364
Corydoras_Albinos,198.1,908,648,960,694
Pterophyllum_Scalare_W,198.1,834,518,874,549
Pterophyllum_Scalare_BB,198.2,112,275,167,364
Pterophyllum_Scalare_Y,198.2,842,360,900,449
Corydoras_Albinos,198.2,904,647,959,702
G_Matriarche,198.2,818,237,908,276
Pterophyllum_Scalare_W,198.2,832,517,872,549
G_Matriarche,198.3,820,235,908,276
Pterophyllum_Scalare_BB,198.3,94,274,167,364
Pterophyllum_Scalare_BB,198.3,116,274,167,363
Pterophyllum_Scalare_W,198.3,831,516,871,549
Pterophyllum_Scalare_Y,198.3,842,358,902,448
Corydoras_Albinos,198.3,903,641,953,703
Pterophyllum_Scalare_Y,198.4,842,357,901,448
Pterophyllum_Scalare_W,198.4,831,515,870,550
Pterophyllum_Scalare_BB,198.4,89,272,167,362
G_Matriarche,198.4,820,238,907,275
Pterophyllum_Scalare_BB,198.4,113,272,166,362
Corydoras_Albinos,198.4,901,641,950,705
Corydoras_Albinos,198.5,902,639,948,701
Pterophyllum_Scalare_W,198.5,830,514,870,550
Pterophyllum_Scalare_BB,198.5,115,271,166,360
Pterophyllum_Scalare_Y,198.5,842,356,902,447
G_Matriarche,198.5,821,237,907,276
Botia_Almorhae,198.5,457,294,497,363
G_Matriarche,198.6,823,236,909,274
Pterophyllum_Scalare_Y,198.6,842,355,902,448
Corydoras_Albinos,198.6,902,636,945,695
Pterophyllum_Scalare_W,198.6,830,513,871,550
Pterophyllum_Scalare_BB,198.6,85,270,167,359
Botia_Almorhae,198.6,449,288,479,360
Pterophyllum_Scalare_BB,198.6,116,270,167,358
Botia_Almorhae,198.7,440,282,471,377
Pterophyllum_Scalare_W,198.7,831,512,871,550
Pterophyllum_Scalare_BB,198.7,119,269,166,356
G_Matriarche,198.7,825,234,907,272
Pterophyllum_Scalare_Y,198.7,841,354,904,448
Corydoras_Albinos,198.7,902,634,944,695
Pterophyllum_Scalare_Y,198.8,840,354,903,447
Pterophyllum_Scalare_YWB,198.8,82,265,126,353
Pterophyllum_Scalare_BB,198.8,121,267,165,354
Pterophyllum_Scalare_W,198.8,831,512,871,551
Botia_Almorhae,198.8,428,282,465,370
G_Matriarche,198.8,827,233,912,272
Corydoras_Albinos,198.8,903,635,943,691
G_Matriarche,198.9,835,233,912,268
Corydoras_Albinos,198.9,904,636,943,689
Pterophyllum_Scalare_BB,198.9,118,266,164,350
Pterophyllum_Scalare_Y,198.9,839,354,902,447
Corydoras_Panda,198.9,1049,496,1083,530
Pterophyllum_Scalare_W,198.9,831,511,870,550
Botia_Almorhae,198.9,425,282,462,372
Pterophyllum_Scalare_BB,199.0,120,266,162,347
Botia_Almorhae,199.0,416,283,457,378
Pterophyllum_Scalare_W,199.0,831,512,868,550
Pterophyllum_Scalare_YWB,199.0,80,260,127,344
Corydoras_Albinos,199.0,903,636,939,691
G_Matriarche,199.0,836,230,915,268
Pterophyllum_Scalare_Y,199.0,840,356,903,447
Pterophyllum_Scalare_W,199.1,831,512,867,550
Pterophyllum_Scalare_YWB,199.1,79,254,137,334
Botia_Almorhae,199.1,410,286,457,378
Corydoras_Panda,199.1,1037,497,1084,528
Corydoras_Albinos,199.1,903,634,938,690
G_Matriarche,199.1,845,230,919,265
Pterophyllum_Scalare_BB,199.1,120,263,159,342
Pterophyllum_Scalare_Y,199.1,841,355,905,447
Botia_Almorhae,199.2,410,285,456,381
Corydoras_Panda,199.2,1030,496,1089,526
G_Matriarche,199.2,857,228,920,264
Corydoras_Albinos,199.2,903,635,938,689
Pterophyllum_Scalare_YWB,199.2,78,249,135,328
Pterophyllum_Scalare_Y,199.2,841,354,905,445
Pterophyllum_Scalare_BB,199.2,120,261,157,337
Pterophyllum_Scalare_W,199.2,832,512,863,548
Pterophyllum_Scalare_W,199.3,832,512,858,545
Pterophyllum_Scalare_YWB,199.3,77,243,137,324
Pterophyllum_Scalare_Y,199.3,845,352,906,443
Corydoras_Albinos,199.3,904,635,937,690
Pterophyllum_Scalare_BB,199.3,120,256,156,332
Botia_Almorhae,199.3,401,287,457,379
Corydoras_Panda,199.3,1027,494,1085,524
Corydoras_Panda,199.4,1020,494,1073,523
Pterophyllum_Scalare_YWB,199.4,76,239,129,311
Corydoras_Albinos,199.4,903,637,937,690
Botia_Almorhae,199.4,400,289,457,377
Pterophyllum_Scalare_W,199.4,832,511,855,544
Pterophyllum_Scalare_BB,199.4,120,253,155,329
Pterophyllum_Scalare_Y,199.4,851,350,906,438
Corydoras_Panda,199.5,1014,491,1075,523
Pterophyllum_Scalare_BB,199.5,122,247,154,327
Pterophyllum_Scalare_W,199.5,833,510,854,543
Pterophyllum_Scalare_YWB,199.5,75,234,129,304
Botia_Almorhae,199.5,400,290,456,379
Pterophyllum_Scalare_Y,199.5,855,345,912,433
Pterophyllum_Scalare_W,199.6,832,510,853,543
Corydoras_Albinos,199.6,717,630,767,657
Botia_Almorhae,199.6,398,291,456,383
Pterophyllum_Scalare_BB,199.6,124,241,153,325
Corydoras_Albinos,199.6,904,636,937,691
Pterophyllum_Scalare_YWB,199.6,74,231,129,301
Corydoras_Panda,199.6,1006,486,1070,518
Pterophyllum_Scalare_Y,199.6,858,342,912,425
G_Matriarche,199.7,849,229,925,262
Pterophyllum_Scalare_Y,199.7,862,330,920,421
Botia_Almorhae,199.7,394,293,456,383
Corydoras_Albinos,199.7,717,630,767,657
Corydoras_Panda,199.7,1000,482,1064,513
Pterophyllum_Scalare_BB,199.7,124,238,153,322
Corydoras_Albinos,199.7,903,631,935,691
Pterophyllum_Scalare_YWB,199.7,74,228,129,297
Pterophyllum_Scalare_Y,199.8,866,330,921,414
Pterophyllum_Scalare_YWB,199.8,74,226,127,294
G_Matriarche,199.8,848,230,920,261
Botia_Almorhae,199.8,408,296,461,382
Corydoras_Panda,199.8,994,479,1060,511
Pterophyllum_Scalare_BB,199.8,127,235,154,318
Corydoras_Albinos,199.8,903,636,939,691
G_Matriarche,199.9,846,228,920,264
Corydoras_Albinos,199.9,717,628,766,657
Pterophyllum_Scalare_BB,199.9,128,232,155,315
Botia_Almorhae,199.9,397,284,462,373
Pterophyllum_Scalare_Y,199.9,869,332,919,409
Corydoras_Panda,199.9,988,476,1050,507
Pterophyllum_Scalare_YWB,199.9,75,223,125,291
Corydoras_Albinos,200.0,902,639,937,693
Corydoras_Panda,200.0,982,475,1044,505
Pterophyllum_Scalare_BB,200.0,129,230,156,314
Pterophyllum_Scalare_Y,200.0,873,327,921,408
Pterophyllum_Scalare_YWB,200.0,74,221,121,288
G_Matriarche,200.0,852,229,923,266
Botia_Almorhae,200.0,410,267,467,351
Pterophyllum_Scalare_YWB,200.1,75,216,116,290
Botia_Almorhae,200.1,411,249,475,337
Corydoras_Panda,200.1,975,472,1039,502
Pterophyllum_Scalare_Y,200.1,875,327,922,408
Pterophyllum_Scalare_BB,200.1,129,226,157,312
Corydoras_Albinos,200.1,717,628,767,658
G_Matriarche,200.1,855,232,927,266
Pterophyllum_Scalare_YWB,200.2,76,214,112,274
Pterophyllum_Scalare_BB,200.2,130,225,159,311
G_Matriarche,200.2,861,234,930,269
Corydoras_Albinos,200.2,902,640,931,694
Pterophyllum_Scalare_Y,200.2,877,322,927,401
Botia_Almorhae,200.2,404,245,477,316
Corydoras_Panda,200.2,966,468,1034,499
Corydoras_Panda,200.3,962,467,1023,498
G_Matriarche,200.3,864,235,932,271
Corydoras_Albinos,200.3,717,629,767,657
Corydoras_Albinos,200.3,901,640,929,695
Pterophyllum_Scalare_Y,200.3,879,320,930,396
Pterophyllum_Scalare_BB,200.3,131,225,162,310
Botia_Almorhae,200.3,399,245,477,311
G_Matriarche,200.4,869,237,937,272
Botia_Almorhae,200.4,399,250,477,316
Corydoras_Albinos,200.4,900,639,928,698
Corydoras_Panda,200.4,954,466,1009,500
Corydoras_Albinos,200.4,717,629,766,658
Pterophyllum_Scalare_Y,200.4,881,317,931,400
Pterophyllum_Scalare_YWB,200.4,75,209,105,275
Pterophyllum_Scalare_BB,200.4,133,226,165,310
Corydoras_Albinos,200.5,717,629,765,658
Corydoras_Panda,200.5,950,465,1003,505
Pterophyllum_Scalare_YWB,200.5,75,205,104,279
G_Matriarche,200.5,872,240,941,273
Botia_Almorhae,200.5,402,254,478,321
Corydoras_Albinos,200.5,897,640,926,699
Pterophyllum_Scalare_BB,200.5,135,227,168,308
Pterophyllum_Scalare_BB,200.6,139,226,171,308
Corydoras_Albinos,200.6,896,643,925,701
G_Matriarche,200.6,876,239,944,276
Corydoras_Albinos,200.6,717,629,766,658
Botia_Almorhae,200.6,401,260,475,330
Pterophyllum_Scalare_YWB,200.6,74,202,105,279
Corydoras_Albinos,200.7,716,629,766,657
Pterophyllum_Scalare_YWB,200.7,75,202,105,281
G_Matriarche,200.7,870,241,937,286
Botia_Almorhae,200.7,399,270,472,336
Pterophyllum_Scalare_BB,200.7,143,226,177,307
Pterophyllum_Scalare_YWB,200.8,77,205,105,286
G_Matriarche,200.8,871,243,939,288
Pterophyllum_Scalare_BB,200.8,146,227,182,307
Botia_Almorhae,200.8,420,267,477,340
Corydoras_Albinos,200.8,716,628,766,657
Corydoras_Albinos,200.8,895,640,926,701
G_Matriarche,200.9,863,251,938,298
Botia_Almorhae,200.9,438,245,505,321
Pterophyllum_Scalare_YWB,200.9,76,208,110,290
Pterophyllum_Scalare_BB,200.9,151,229,192,308
Corydoras_Albinos,200.9,896,642,925,701
Pterophyllum_Scalare_Y,200.9,896,314,944,379
Botia_Almorhae,201.0,450,244,509,315
Corydoras_Albinos,201.0,896,640,927,699
Pterophyllum_Scalare_W,201.0,833,508,856,541
Corydoras_Albinos,201.0,716,629,766,658
Pterophyllum_Scalare_BB,201.0,154,230,197,309
G_Matriarche,201.0,860,254,939,301
Pterophyllum_Scalare_YWB,201.0,78,211,113,292
Botia_Striata,201.1,536,464,569,491
Pterophyllum_Scalare_BB,201.1,158,231,205,309
Pterophyllum_Scalare_YWB,201.1,79,213,116,295
Pterophyllum_Scalare_Y,201.1,899,314,943,383
Corydoras_Albinos,201.1,897,640,926,701
Corydoras_Albinos,201.1,716,628,766,658
G_Matriarche,201.1,859,260,937,303
Pterophyllum_Scalare_W,201.1,832,509,856,541
Botia_Almorhae,201.1,453,245,513,315
G_Matriarche,201.2,860,266,936,304
Pterophyllum_Scalare_BB,201.2,161,232,211,308
Botia_Almorhae,201.2,467,247,513,316
Pterophyllum_Scalare_YWB,201.2,80,213,120,297
Pterophyllum_Scalare_W,201.2,831,509,856,541
Corydoras_Albinos,201.2,896,642,926,699
Corydoras_Albinos,201.2,716,628,766,658
Botia_Almorhae,201.3,467,242,513,315
Pterophyllum_Scalare_BB,201.3,165,232,217,309
Pterophyllum_Scalare_YWB,201.3,82,214,125,299
G_Matriarche,201.3,859,269,932,307
Pterophyllum_Scalare_W,201.3,831,509,857,541
Botia_Striata,201.3,536,464,569,491
Corydoras_Albinos,201.3,896,642,925,700
Corydoras_Panda,201.3,920,484,965,531
Botia_Striata,201.4,536,464,569,491
Pterophyllum_Scalare_W,201.4,831,508,858,542
G_Matriarche,201.4,860,271,931,309
Corydoras_Albinos,201.4,716,628,766,657
Botia_Almorhae,201.4,469,234,510,316
Corydoras_Albinos,201.4,896,642,926,701
Pterophyllum_Scalare_BB,201.4,170,233,224,310
Pterophyllum_Scalare_YWB,201.4,82,217,128,300
Corydoras_Albinos,201.5,896,639,926,701
Pterophyllum_Scalare_BB,201.5,174,233,231,311
Botia_Almorhae,201.5,477,228,507,314
Botia_Striata,201.5,536,464,569,491
Corydoras_Albinos,201.5,717,628,766,657
Pterophyllum_Scalare_YWB,201.5,82,218,132,303
Pterophyllum_Scalare_W,201.5,831,508,858,542
G_Matriarche,201.5,858,275,927,311
Pterophyllum_Scalare_BB,201.6,180,234,238,311
Pterophyllum_Scalare_W,201.6,830,509,858,542
Pterophyllum_Scalare_YWB,201.6,86,221,136,306
Botia_Almorhae,201.6,471,222,507,310
G_Matriarche,201.6,855,276,929,316
Corydoras_Albinos,201.6,897,644,927,700
Pterophyllum_Scalare_Y,201.6,907,316,951,379
Corydoras_Albinos,201.7,895,643,928,698
G_Matriarche,201.7,853,282,927,318
Pterophyllum_Scalare_BB,201.7,184,235,243,312
Pterophyllum_Scalare_YWB,201.7,86,223,141,308
Botia_Striata,201.7,538,464,569,492
Pterophyllum_Scalare_W,201.7,830,509,859,542
Botia_Almorhae,201.7,467,217,512,303
Corydoras_Albinos,201.7,717,629,767,658
Corydoras_Panda,201.7,921,486,961,529
Corydoras_Albinos,201.8,717,627,766,658
Pterophyllum_Scalare_W,201.8,830,509,859,542
G_Matriarche,201.8,851,285,927,319
Corydoras_Albinos,201.8,898,640,928,696
Pterophyllum_Scalare_BB,201.8,190,235,253,312
Botia_Almorhae,201.8,458,212,510,294
Pterophyllum_Scalare_YWB,201.8,89,226,147,311
Pterophyllum_Scalare_YWB,201.9,91,229,152,312
Botia_Almorhae,201.9,456,211,510,295
Pterophyllum_Scalare_BB,201.9,194,237,261,312
Corydoras_Albinos,201.9,717,628,766,658
Corydoras_Albinos,201.9,898,638,928,693
G_Matriarche,201.9,850,287,928,320
Pterophyllum_Scalare_W,201.9,830,508,859,542
Pterophyllum_Scalare_BB,202.0,199,239,267,312
Botia_Almorhae,202.0,452,213,510,299
Corydoras_Albinos,202.0,716,628,766,658
Corydoras_Albinos,202.0,901,636,928,693
G_Matriarche,202.0,849,289,922,320
Pterophyllum_Scalare_W,202.0,830,508,859,542
Pterophyllum_Scalare_YWB,202.0,93,231,156,314
Pterophyllum_Scalare_BB,202.1,203,240,273,315
Pterophyllum_Scalare_YWB,202.1,97,233,160,317
Pterophyllum_Scalare_W,202.1,830,508,859,542
Corydoras_Albinos,202.1,716,628,766,658
Botia_Almorhae,202.1,449,221,509,303
G_Matriarche,202.1,844,288,919,321
Corydoras_Albinos,202.2,902,640,929,692
Corydoras_Albinos,202.2,717,628,767,658
G_Matriarche,202.2,833,290,921,324
Pterophyllum_Scalare_BB,202.2,208,241,278,315
Pterophyllum_Scalare_YWB,202.2,100,233,161,319
Pterophyllum_Scalare_W,202.2,831,507,860,542
Botia_Almorhae,202.2,448,226,513,307
G_Matriarche,202.3,822,291,913,326
Pterophyllum_Scalare_BB,202.3,216,241,286,318
Botia_Almorhae,202.3,454,226,501,318
Pterophyllum_Scalare_W,202.3,831,506,861,542
Pterophyllum_Scalare_YWB,202.3,104,234,164,320
Corydoras_Albinos,202.3,717,628,767,658
Corydoras_Albinos,202.4,717,628,767,658
Pterophyllum_Scalare_BB,202.4,222,242,294,319
G_Matriarche,202.4,815,291,904,328
Corydoras_Albinos,202.4,903,642,932,694
Pterophyllum_Scalare_YWB,202.4,107,235,167,320
Botia_Almorhae,202.4,433,230,482,308
Pterophyllum_Scalare_W,202.4,831,504,861,542
Pterophyllum_Scalare_BB,202.5,224,242,299,319
Pterophyllum_Scalare_YWB,202.5,110,237,171,321
Corydoras_Albinos,202.5,903,644,931,694
Botia_Almorhae,202.5,407,238,466,315
G_Matriarche,202.5,809,290,898,327
Pterophyllum_Scalare_W,202.5,830,505,861,542
Corydoras_Albinos,202.5,717,628,766,658
Corydoras_Albinos,202.6,717,628,767,658
Botia_Almorhae,202.6,402,245,452,329
G_Matriarche,202.6,805,286,894,327
Pterophyllum_Scalare_W,202.6,831,498,861,542
Pterophyllum_Scalare_YWB,202.6,115,238,176,324
Pterophyllum_Scalare_BB,202.6,227,242,304,317
Pterophyllum_Scalare_YWB,202.7,114,240,182,325
Botia_Almorhae,202.7,397,254,446,323
G_Matriarche,202.7,800,279,890,328
Pterophyllum_Scalare_BB,202.7,235,242,310,318
Pterophyllum_Scalare_W,202.7,830,501,861,542
Corydoras_Albinos,202.7,903,643,929,692
Corydoras_Albinos,202.7,717,629,767,658
Corydoras_Panda,202.7,932,472,961,533
Pterophyllum_Scalare_YWB,202.8,116,244,186,328
Pterophyllum_Scalare_W,202.8,830,500,862,542
Pterophyllum_Scalare_BB,202.8,243,242,316,318
Corydoras_Albinos,202.8,901,641,930,693
G_Matriarche,202.8,801,273,884,324
Botia_Almorhae,202.8,383,255,444,325
Pterophyllum_Scalare_Y,202.8,916,325,966,389
G_Matriarche,202.9,799,267,885,319
Pterophyllum_Scalare_Y,202.9,916,323,972,400
Corydoras_Panda,202.9,922,480,963,530
Botia_Almorhae,202.9,386,253,442,323
Pterophyllum_Scalare_BB,202.9,249,243,321,319
Pterophyllum_Scalare_YWB,202.9,120,248,191,332
Corydoras_Albinos,202.9,901,643,929,695
Pterophyllum_Scalare_W,202.9,830,500,863,541
Pterophyllum_Scalare_BB,203.0,253,244,326,319
Pterophyllum_Scalare_YWB,203.0,125,252,197,333
Pterophyllum_Scalare_Y,203.0,915,318,971,387
Pterophyllum_Scalare_W,203.0,830,489,864,542
Botia_Almorhae,203.0,374,253,441,321
Corydoras_Panda,203.0,918,489,966,531
G_Matriarche,203.0,799,262,885,314
Pterophyllum_Scalare_Y,203.1,913,317,973,395
Pterophyllum_Scalare_W,203.1,831,490,865,542
Botia_Almorhae,203.1,385,250,445,324
Corydoras_Albinos,203.1,717,628,766,657
Pterophyllum_Scalare_YWB,203.1,129,255,201,335
Pterophyllum_Scalare_BB,203.1,258,244,329,319
G_Matriarche,203.1,798,258,885,309
Corydoras_Panda,203.1,919,493,966,531
Pterophyllum_Scalare_W,203.2,831,490,865,540
Corydoras_Albinos,203.2,717,628,766,657
Botia_Almorhae,203.2,371,247,443,315
Corydoras_Panda,203.2,914,493,968,532
Pterophyllum_Scalare_Y,203.2,914,323,974,388
Corydoras_Albinos,203.2,901,642,930,694
Pterophyllum_Scalare_YWB,203.2,133,258,203,337
Pterophyllum_Scalare_BB,203.2,262,245,332,320
G_Matriarche,203.2,796,254,886,303
Botia_Almorhae,203.3,372,241,439,314
Pterophyllum_Scalare_YWB,203.3,136,260,206,339
G_Matriarche,203.3,795,250,883,297
Corydoras_Panda,203.3,918,491,968,531
Pterophyllum_Scalare_BB,203.3,264,245,335,319
Corydoras_Albinos,203.3,717,628,766,657
Corydoras_Albinos,203.3,901,642,931,693
Pterophyllum_Scalare_Y,203.3,912,323,975,401
Corydoras_Panda,203.4,914,487,970,529
Pterophyllum_Scalare_B,203.4,929,573,1000,660
Pterophyllum_Scalare_YWB,203.4,141,262,211,341
Botia_Almorhae,203.4,369,238,434,316
Pterophyllum_Scalare_Y,203.4,912,320,975,394
G_Matriarche,203.4,790,245,873,290
Pterophyllum_Scalare_BB,203.4,268,245,339,319
G_Matriarche,203.5,785,240,870,284
Botia_Almorhae,203.5,371,243,425,318
Pterophyllum_Scalare_Y,203.5,910,325,974,393
Pterophyllum_Scalare_YWB,203.5,143,264,217,341
Pterophyllum_Scalare_B,203.5,930,572,1000,659
Pterophyllum_Scalare_BB,203.5,274,246,342,320
Corydoras_Panda,203.5,920,486,973,529
Pterophyllum_Scalare_YWB,203.6,144,267,221,342
Corydoras_Panda,203.6,926,484,976,529
Pterophyllum_Scalare_B,203.6,931,574,1001,659
G_Matriarche,203.6,780,235,864,277
Botia_Almorhae,203.6,376,251,420,323
Pterophyllum_Scalare_BB,203.6,278,247,345,320
Pterophyllum_Scalare_Y,203.6,909,323,976,395
Pterophyllum_Scalare_BB,203.7,284,246,349,320
G_Matriarche,203.7,776,232,861,272
Corydoras_Albinos,203.7,717,629,765,657
Pterophyllum_Scalare_Y,203.7,905,326,972,404
Pterophyllum_Scalare_B,203.7,931,572,1004,659
Pterophyllum_Scalare_YWB,203.7,150,269,225,344
Botia_Almorhae,203.7,369,255,416,319
Corydoras_Panda,203.7,925,486,979,528
Corydoras_Albinos,203.7,903,643,933,691
Ancistrus,203.7,502,523,552,560
Pterophyllum_Scalare_B,203.8,932,570,1006,657
Pterophyllum_Scalare_YWB,203.8,154,271,229,344
G_Matriarche,203.8,773,228,858,268
Pterophyllum_Scalare_BB,203.8,286,245,351,319
Botia_Almorhae,203.8,369,260,412,325
Corydoras_Panda,203.8,931,483,980,530
Ancistrus,203.8,482,522,559,566
Pterophyllum_Scalare_Y,203.8,902,329,967,402
G_Matriarche,203.9,770,225,857,265
Pterophyllum_Scalare_BB,203.9,288,244,353,319
Pterophyllum_Scalare_YWB,203.9,158,273,232,346
Corydoras_Albinos,203.9,903,644,934,692
Corydoras_Panda,203.9,929,484,980,530
Botia_Almorhae,203.9,369,267,410,334
Pterophyllum_Scalare_B,203.9,932,569,1007,658
Ancistrus,203.9,480,530,560,565
Pterophyllum_Scalare_Y,203.9,901,332,964,397
Corydoras_Albinos,204.0,902,645,932,693
Pterophyllum_Scalare_Y,204.0,899,330,961,402
Pterophyllum_Scalare_B,204.0,935,569,1006,657
Corydoras_Panda,204.0,931,482,981,530
Botia_Almorhae,204.0,366,273,406,336
G_Matriarche,204.0,767,222,854,263
Ancistrus,204.0,481,535,566,570
Pterophyllum_Scalare_YWB,204.0,160,275,233,349
Pterophyllum_Scalare_BB,204.0,289,244,355,319
Pterophyllum_Scalare_B,204.1,935,569,1005,658
G_Matriarche,204.1,765,220,853,261
Corydoras_Albinos,204.1,904,643,933,694
Pterophyllum_Scalare_YWB,204.1,163,276,234,353
Corydoras_Panda,204.1,927,489,981,530
Pterophyllum_Scalare_Y,204.1,895,330,960,406
Botia_Almorhae,204.1,362,281,402,339
Pterophyllum_Scalare_BB,204.1,292,243,356,317
Ancistrus,204.1,478,539,567,581
Ancistrus,204.2,478,541,559,591
Pterophyllum_Scalare_B,204.2,935,569,1006,657
Corydoras_Albinos,204.2,902,645,934,695
Corydoras_Panda,204.2,927,489,981,528
G_Matriarche,204.2,763,218,851,259
Pterophyllum_Scalare_YWB,204.2,165,276,235,354
Pterophyllum_Scalare_Y,204.2,893,332,959,410
Botia_Almorhae,204.2,360,288,400,338
Pterophyllum_Scalare_BB,204.2,295,241,358,316
Ancistrus,204.3,476,543,553,598
Pterophyllum_Scalare_YWB,204.3,164,276,236,356
Pterophyllum_Scalare_BB,204.3,295,241,358,313
Pterophyllum_Scalare_Y,204.3,894,335,957,415
Pterophyllum_Scalare_B,204.3,937,570,1005,656
G_Matriarche,204.3,762,216,826,250
Corydoras_Panda,204.3,929,489,979,527
G_Matriarche,204.4,763,213,825,247
Corydoras_Albinos,204.4,903,643,932,693
Pterophyllum_Scalare_B,204.4,939,569,1007,657
Pterophyllum_Scalare_YWB,204.4,163,277,236,358
Ancistrus,204.4,474,544,550,599
Pterophyllum_Scalare_Y,204.4,892,336,957,417
Pterophyllum_Scalare_BB,204.4,295,239,359,312
Pterophyllum_Scalare_YWB,204.5,162,278,236,358
Botia_Almorhae,204.5,339,305,394,364
Ancistrus,204.5,480,550,549,601
Corydoras_Albinos,204.5,903,642,931,692
Pterophyllum_Scalare_Y,204.5,891,337,952,413
Corydoras_Panda,204.5,932,482,977,524
G_Matriarche,204.5,763,211,824,243
Pterophyllum_Scalare_BB,204.5,295,238,358,311
G_Matriarche,204.6,763,208,824,241
Pterophyllum_Scalare_Y,204.6,890,334,954,415
Botia_Almorhae,204.6,334,306,390,380
Corydoras_Panda,204.6,932,482,976,525
Pterophyllum_Scalare_YWB,204.6,164,276,237,359
Pterophyllum_Scalare_BB,204.6,294,237,354,313
Pterophyllum_Scalare_Y,204.7,888,343,952,418
Pterophyllum_Scalare_YWB,204.7,162,277,238,357
Botia_Almorhae,204.7,348,310,382,382
Corydoras_Albinos,204.7,905,642,935,693
Ancistrus,204.7,482,551,538,604
Pterophyllum_Scalare_BB,204.7,298,237,351,316
G_Matriarche,204.7,764,206,823,238
Corydoras_Panda,204.8,937,480,973,527
G_Matriarche,204.8,765,204,823,234
Pterophyllum_Scalare_YWB,204.8,159,278,238,354
Pterophyllum_Scalare_Y,204.8,886,346,947,418
Ancistrus,204.8,477,551,540,606
Pterophyllum_Scalare_BB,204.8,303,240,348,319
Corydoras_Albinos,204.8,902,640,938,693
Pterophyllum_Scalare_B,204.8,947,570,1009,656
Pterophyllum_Scalare_Y,204.9,885,341,950,420
Pterophyllum_Scalare_BB,204.9,307,240,348,321
Pterophyllum_Scalare_YWB,204.9,159,278,238,352
Corydoras_Albinos,204.9,904,642,935,694
Botia_Almorhae,204.9,332,330,369,389
Corydoras_Panda,204.9,936,477,970,528
G_Matriarche,204.9,763,201,825,232
Ancistrus,204.9,475,548,545,603
Pterophyllum_Scalare_B,204.9,949,570,1010,656
G_Matriarche,205.0,756,196,827,229
Pterophyllum_Scalare_YWB,205.0,159,277,236,348
Corydoras_Albinos,205.0,903,642,940,694
Pterophyllum_Scalare_BB,205.0,310,241,349,322
Botia_Almorhae,205.0,327,315,371,391
Pterophyllum_Scalare_Y,205.0,885,343,951,424
Ancistrus,205.0,477,548,548,600
Botia_Almorhae,205.1,332,314,364,392
Ancistrus,205.1,479,547,546,597
Corydoras_Albinos,205.1,903,642,939,694
Pterophyllum_Scalare_Y,205.1,886,344,952,425
Pterophyllum_Scalare_YWB,205.1,159,276,235,347
G_Matriarche,205.1,744,193,830,226
Pterophyllum_Scalare_BB,205.1,306,243,347,322
Ancistrus,205.2,476,545,546,594
Botia_Almorhae,205.2,328,317,364,365
Pterophyllum_Scalare_YWB,205.2,161,273,235,343
Pterophyllum_Scalare_Y,205.2,885,343,946,421
Pterophyllum_Scalare_BB,205.2,303,245,344,322
G_Matriarche,205.2,740,189,820,223
Corydoras_Albinos,205.2,904,644,939,694
G_Matriarche,205.3,733,186,810,219
Pterophyllum_Scalare_Y,205.3,885,344,947,421
Corydoras_Albinos,205.3,905,646,938,697
Pterophyllum_Scalare_BB,205.3,302,249,345,322
Pterophyllum_Scalare_YWB,205.3,163,269,234,340
Botia_Almorhae,205.3,319,312,371,375
Pterophyllum_Scalare_BB,205.4,301,245,344,321
Ancistrus,205.4,478,545,558,594
Pterophyllum_Scalare_Y,205.4,884,350,946,422
Pterophyllum_Scalare_YWB,205.4,164,265,232,338
Corydoras_Albinos,205.4,904,644,937,699
Pterophyllum_Scalare_Y,205.4,936,487,959,531
G_Matriarche,205.4,726,184,795,217
Botia_Almorhae,205.4,314,306,375,369
G_Matriarche,205.5,723,181,791,213
Pterophyllum_Scalare_BB,205.5,302,243,346,323
Pterophyllum_Scalare_YWB,205.5,163,261,230,335
Corydoras_Albinos,205.5,903,646,939,697
Pterophyllum_Scalare_Y,205.5,883,352,947,421
Botia_Almorhae,205.5,332,288,385,363
Ancistrus,205.5,478,546,559,595
Pterophyllum_Scalare_Y,205.6,883,349,946,425
Corydoras_Albinos,205.6,903,643,943,696
Pterophyllum_Scalare_YWB,205.6,163,258,227,333
Ancistrus,205.6,478,544,554,590
G_Matriarche,205.6,717,178,785,208
Pterophyllum_Scalare_BB,205.6,300,242,344,321
Botia_Almorhae,205.6,332,277,393,347
G_Matriarche,205.7,708,177,781,209
Corydoras_Albinos,205.7,906,639,940,696
Botia_Almorhae,205.7,332,265,394,343
Pterophyllum_Scalare_BB,205.7,299,242,341,322
Ancistrus,205.7,479,544,557,591
Pterophyllum_Scalare_Y,205.7,883,352,947,426
Pterophyllum_Scalare_YWB,205.7,163,255,224,330
G_Matriarche,205.8,701,175,782,208
Pterophyllum_Scalare_BB,205.8,298,243,341,321
Pterophyllum_Scalare_YWB,205.8,161,251,220,327
Corydoras_Albinos,205.8,904,644,943,696
Pterophyllum_Scalare_Y,205.8,883,357,947,431
Ancistrus,205.8,480,544,562,591
Ancistrus,205.9,480,544,567,590
G_Matriarche,205.9,697,173,784,204
Corydoras_Albinos,205.9,905,646,940,700
Pterophyllum_Scalare_YWB,205.9,160,248,215,325
Pterophyllum_Scalare_Y,205.9,883,353,948,430
Pterophyllum_Scalare_BB,205.9,296,247,335,322
G_Matriarche,206.0,694,173,781,204
Botia_Almorhae,206.0,361,260,394,312
Pterophyllum_Scalare_YWB,206.0,159,245,212,322
Corydoras_Panda,206.0,913,491,969,524
Corydoras_Albinos,206.0,905,647,946,698
Pterophyllum_Scalare_BB,206.0,292,249,329,321
Ancistrus,206.0,480,544,570,590
Pterophyllum_Scalare_Y,206.0,883,356,945,441
Pterophyllum_Scalare_BB,206.1,285,249,323,318
Pterophyllum_Scalare_Y,206.1,884,362,945,445
Corydoras_Panda,206.1,920,489,971,524
Corydoras_Albinos,206.1,905,645,944,700
G_Matriarche,206.1,690,171,775,204
Ancistrus,206.1,480,544,570,590
Pterophyllum_Scalare_YWB,206.1,158,242,207,317
G_Matriarche,206.2,687,171,775,203
Corydoras_Panda,206.2,923,488,965,520
Botia_Almorhae,206.2,359,264,412,319
Corydoras_Albinos,206.2,902,647,947,704
Pterophyllum_Scalare_Y,206.2,884,363,943,446
Ancistrus,206.2,480,544,571,590
Pterophyllum_Scalare_YWB,206.2,159,239,203,313
Pterophyllum_Scalare_BB,206.2,280,248,320,316
Pterophyllum_Scalare_YWB,206.3,161,238,198,312
Corydoras_Albinos,206.3,902,646,950,704
Pterophyllum_Scalare_Y,206.3,884,363,939,446
Ancistrus,206.3,480,544,568,591
G_Matriarche,206.3,685,168,772,202
Pterophyllum_Scalare_BB,206.3,277,246,319,314
Pterophyllum_Scalare_BB,206.4,275,244,317,312
G_Matriarche,206.4,682,168,768,203
Corydoras_Albinos,206.4,900,649,949,704
Pterophyllum_Scalare_YWB,206.4,157,236,195,308
Ancistrus,206.4,479,545,569,590
Pterophyllum_Scalare_Y,206.4,886,365,944,448
G_Matriarche,206.5,678,170,768,203
Ancistrus,206.5,478,544,568,589
Botia_Almorhae,206.5,374,247,407,315
Corydoras_Albinos,206.5,898,650,948,705
Pterophyllum_Scalare_BB,206.5,272,243,316,310
Pterophyllum_Scalare_Y,206.5,885,372,939,451
Botia_Almorhae,206.6,370,238,417,310
Pterophyllum_Scalare_BB,206.6,273,241,315,307
Pterophyllum_Scalare_Y,206.6,887,375,935,453
Corydoras_Albinos,206.6,897,649,949,705
G_Matriarche,206.6,676,171,764,203
Ancistrus,206.6,478,544,567,591
Corydoras_Albinos,206.7,897,651,947,705
Pterophyllum_Scalare_Y,206.7,885,376,933,456
Botia_Almorhae,206.7,363,235,420,301
Pterophyllum_Scalare_BB,206.7,275,240,319,305
Ancistrus,206.7,478,544,566,590
G_Matriarche,206.7,675,171,760,204
Pterophyllum_Scalare_Y,206.8,888,384,929,457
Corydoras_Albinos,206.8,897,648,950,703
G_Matriarche,206.8,672,171,759,205
Pterophyllum_Scalare_BB,206.8,273,238,321,304
Botia_Almorhae,206.8,351,237,417,297
Ancistrus,206.8,478,544,565,590
Pterophyllum_Scalare_BB,206.9,272,237,323,303
G_Matriarche,206.9,669,172,756,205
Pterophyllum_Scalare_YWB,206.9,155,223,193,288
Ancistrus,206.9,478,544,567,589
Corydoras_Albinos,206.9,895,647,944,704
Pterophyllum_Scalare_Y,206.9,889,389,925,459
G_Matriarche,207.0,665,174,753,206
Pterophyllum_Scalare_Y,207.0,888,388,925,460
Pterophyllum_Scalare_BB,207.0,270,237,324,302
Pterophyllum_Scalare_YWB,207.0,149,221,199,290
Corydoras_Albinos,207.0,898,648,948,704
Botia_Almorhae,207.0,374,245,417,317
Ancistrus,207.0,478,544,568,590
Corydoras_Albinos,207.1,897,646,945,701
Ancistrus,207.1,478,545,569,589
G_Matriarche,207.1,663,173,750,206
Pterophyllum_Scalare_YWB,207.1,144,220,203,291
Pterophyllum_Scalare_Y,207.1,888,393,920,461
Pterophyllum_Scalare_BB,207.1,267,236,325,303
Botia_Almorhae,207.1,370,244,431,305
G_Matriarche,207.2,660,173,748,207
Botia_Almorhae,207.2,349,242,434,292
Ancistrus,207.2,478,544,570,589
Pterophyllum_Scalare_Y,207.2,888,391,922,464
Pterophyllum_Scalare_BB,207.2,264,236,325,303
Pterophyllum_Scalare_YWB,207.2,142,219,204,292
Corydoras_Albinos,207.2,899,644,948,700
G_Matriarche,207.3,656,172,745,208
Botia_Almorhae,207.3,341,239,441,281
Corydoras_Albinos,207.3,898,645,945,700
Pterophyllum_Scalare_Y,207.3,887,396,921,464
Ancistrus,207.3,478,545,570,588
Pterophyllum_Scalare_BB,207.3,263,236,325,303
Pterophyllum_Scalare_YWB,207.3,139,218,205,293
Pterophyllum_Scalare_Y,207.4,886,396,922,463
Pterophyllum_Scalare_BB,207.4,264,235,325,302
Pterophyllum_Scalare_YWB,207.4,137,217,205,292
G_Matriarche,207.4,654,171,741,208
Ancistrus,207.4,478,544,570,588
Corydoras_Albinos,207.4,897,646,946,701
Pterophyllum_Scalare_BB,207.5,262,233,325,301
Ancistrus,207.5,478,544,570,588
G_Matriarche,207.5,651,170,740,209
Pterophyllum_Scalare_Y,207.5,884,393,921,464
Botia_Almorhae,207.5,340,218,390,291
Pterophyllum_Scalare_YWB,207.5,137,215,206,290
G_Matriarche,207.6,649,173,737,209
Botia_Almorhae,207.6,337,214,384,288
Ancistrus,207.6,478,544,570,589
Pterophyllum_Scalare_BB,207.6,258,231,323,299
Corydoras_Albinos,207.6,889,648,949,698
Pterophyllum_Scalare_YWB,207.6,136,214,206,290
Pterophyllum_Scalare_Y,207.6,883,395,922,464
Botia_Almorhae,207.7,335,211,379,272
G_Matriarche,207.7,647,172,734,210
Ancistrus,207.7,478,544,570,588
Pterophyllum_Scalare_BB,207.7,257,229,322,297
Corydoras_Panda,207.7,863,451,911,476
Pterophyllum_Scalare_Y,207.7,882,395,922,463
Pterophyllum_Scalare_YWB,207.7,135,214,206,288
Pterophyllum_Scalare_Y,207.8,880,392,925,464
Ancistrus,207.8,478,544,571,589
Corydoras_Panda,207.8,857,449,905,475
G_Matriarche,207.8,645,171,731,210
Pterophyllum_Scalare_YWB,207.8,135,213,207,288
Pterophyllum_Scalare_BB,207.8,257,226,322,295
Pterophyllum_Scalare_BB,207.9,258,223,323,292
G_Matriarche,207.9,644,173,729,209
Botia_Almorhae,207.9,334,192,383,275
Corydoras_Panda,207.9,851,449,900,475
Pterophyllum_Scalare_YWB,207.9,135,212,207,287
Pterophyllum_Scalare_Y,207.9,880,395,922,465
Ancistrus,207.9,478,544,571,589
Ancistrus,208.0,478,544,572,589
Corydoras_Panda,208.0,850,449,898,475
G_Matriarche,208.0,641,173,726,209
Pterophyllum_Scalare_YWB,208.0,133,211,206,287
Pterophyllum_Scalare_Y,208.0,879,394,925,467
Pterophyllum_Scalare_BB,208.0,256,220,323,290
Ancistrus,208.1,478,544,571,588
Pterophyllum_Scalare_Y,208.1,878,392,925,468
Corydoras_Albinos,208.1,884,651,951,683
Pterophyllum_Scalare_BB,208.1,255,218,322,288
Pterophyllum_Scalare_YWB,208.1,133,211,206,285
G_Matriarche,208.1,637,172,722,210
Corydoras_Albinos,208.2,883,651,951,682
Ancistrus,208.2,478,544,571,588
Pterophyllum_Scalare_Y,208.2,876,388,923,468
Pterophyllum_Scalare_YWB,208.2,132,210,206,286
Botia_Almorhae,208.2,349,191,384,279
G_Matriarche,208.2,635,173,720,209
Pterophyllum_Scalare_BB,208.2,256,216,322,285
Pterophyllum_Scalare_Y,208.3,876,386,918,467
G_Matriarche,208.3,633,174,718,209
Pterophyllum_Scalare_YWB,208.3,133,210,205,285
Pterophyllum_Scalare_BB,208.3,258,214,323,283
Botia_Almorhae,208.3,348,199,386,286
Corydoras_Albinos,208.3,881,650,952,682
Ancistrus,208.3,478,545,571,588
Pterophyllum_Scalare_W,208.4,837,503,863,543
Pterophyllum_Scalare_Y,208.4,876,392,917,468
Corydoras_Albinos,208.4,879,649,949,682
Ancistrus,208.4,478,544,571,588
Pterophyllum_Scalare_BB,208.4,259,212,324,283
G_Matriarche,208.4,631,174,715,211
Pterophyllum_Scalare_YWB,208.4,132,210,204,284
Botia_Almorhae,208.4,346,200,383,292
Pterophyllum_Scalare_YWB,208.5,132,209,203,284
Pterophyllum_Scalare_Y,208.5,875,386,914,469
Ancistrus,208.5,479,545,571,588
Botia_Almorhae,208.5,348,206,384,293
Corydoras_Albinos,208.5,880,648,949,681
Pterophyllum_Scalare_BB,208.5,259,211,325,283
G_Matriarche,208.5,628,175,711,210
Pterophyllum_Scalare_YWB,208.6,133,209,203,284
Pterophyllum_Scalare_BB,208.6,260,210,325,284
Corydoras_Albinos,208.6,880,647,951,680
Botia_Almorhae,208.6,345,205,387,285
Pterophyllum_Scalare_Y,208.6,874,389,914,468
Ancistrus,208.6,478,545,571,589
G_Matriarche,208.6,625,176,707,210
G_Matriarche,208.7,622,176,701,212
Pterophyllum_Scalare_BB,208.7,260,210,325,284
Pterophyllum_Scalare_YWB,208.7,134,208,203,283
Ancistrus,208.7,478,545,571,588
Corydoras_Albinos,208.7,879,647,949,681
Botia_Almorhae,208.7,343,208,376,293
Pterophyllum_Scalare_Y,208.7,873,390,912,467
Pterophyllum_Scalare_Y,208.8,873,384,911,468
Corydoras_Panda,208.8,843,456,877,486
Botia_Almorhae,208.8,339,208,376,285
G_Matriarche,208.8,618,177,699,212
Corydoras_Albinos,208.8,878,646,948,682
Pterophyllum_Scalare_BB,208.8,262,209,326,285
Pterophyllum_Scalare_YWB,208.8,135,208,202,283
Ancistrus,208.8,478,544,571,587
Ancistrus,208.9,478,544,572,588
G_Matriarche,208.9,613,178,694,212
Pterophyllum_Scalare_YWB,208.9,134,205,201,283
Botia_Almorhae,208.9,335,212,371,298
Corydoras_Panda,208.9,841,455,877,491
Pterophyllum_Scalare_BB,208.9,263,210,326,285
Pterophyllum_Scalare_Y,208.9,872,387,909,467
Corydoras_Albinos,208.9,878,648,948,682
Pterophyllum_Scalare_Y,209.0,871,386,910,466
Ancistrus,209.0,478,544,571,588
Corydoras_Albinos,209.0,878,648,947,682
Pterophyllum_Scalare_YWB,209.0,130,204,195,280
Pterophyllum_Scalare_BB,209.0,263,210,326,285
Corydoras_Panda,209.0,844,459,880,498
Botia_Almorhae,209.0,330,209,369,291
G_Matriarche,209.0,609,178,689,214
Corydoras_Albinos,209.1,878,647,946,682
Pterophyllum_Scalare_YWB,209.1,143,204,185,280
Botia_Almorhae,209.1,330,214,364,305
Pterophyllum_Scalare_BB,209.1,262,209,324,286
G_Matriarche,209.1,605,179,687,213
Ancistrus,209.1,478,544,571,588
Corydoras_Panda,209.1,841,467,881,503
Pterophyllum_Scalare_Y,209.1,871,387,906,466
Pterophyllum_Scalare_Y,209.2,870,388,905,465
Corydoras_Albinos,209.2,878,648,946,682
Ancistrus,209.2,478,544,572,589
Corydoras_Albinos,209.2,717,629,767,657
G_Matriarche,209.2,602,180,680,213
Pterophyllum_Scalare_BB,209.2,262,210,324,286
Botia_Almorhae,209.2,326,220,363,312
Pterophyllum_Scalare_YWB,209.2,140,202,190,287
G_Matriarche,209.3,596,179,674,216
Corydoras_Albinos,209.3,878,649,944,682
Pterophyllum_Scalare_Y,209.3,870,385,904,464
Pterophyllum_Scalare_BB,209.3,264,210,323,287
Ancistrus,209.3,479,544,571,588
Pterophyllum_Scalare_YWB,209.3,141,204,194,288
Botia_Almorhae,209.3,321,222,359,303
Corydoras_Albinos,209.4,878,650,944,682
Ancistrus,209.4,478,544,571,588
Pterophyllum_Scalare_Y,209.4,870,388,903,463
Pterophyllum_Scalare_YWB,209.4,142,204,199,289
G_Matriarche,209.4,590,182,664,221
Pterophyllum_Scalare_BB,209.4,263,211,322,286
Botia_Almorhae,209.4,310,226,358,313
Corydoras_Panda,209.4,847,480,885,535
G_Matriarche,209.4,122,87,169,112
G_Matriarche,209.5,584,183,662,227
Corydoras_Albinos,209.5,878,650,946,682
Ancistrus,209.5,478,544,572,589
G_Matriarche,209.5,118,87,168,111
Botia_Almorhae,209.5,315,230,356,305
Pterophyllum_Scalare_YWB,209.5,144,206,203,291
Pterophyllum_Scalare_BB,209.5,265,210,321,289
Pterophyllum_Scalare_Y,209.5,869,387,901,465
Ancistrus,209.6,478,544,572,589
Botia_Almorhae,209.6,315,233,353,312
G_Matriarche,209.6,576,188,651,234
Corydoras_Albinos,209.6,877,650,941,682
G_Matriarche,209.6,116,87,167,111
Pterophyllum_Scalare_YWB,209.6,148,207,206,293
Pterophyllum_Scalare_BB,209.6,268,212,321,287
Pterophyllum_Scalare_W,209.6,830,482,882,539
Pterophyllum_Scalare_Y,209.6,868,385,901,461
Corydoras_Albinos,209.7,878,651,946,682
G_Matriarche,209.7,115,87,164,112
Botia_Almorhae,209.7,315,239,350,307
Ancistrus,209.7,478,544,572,588
Pterophyllum_Scalare_W,209.7,829,480,870,536
Pterophyllum_Scalare_BB,209.7,269,211,321,289
G_Matriarche,209.7,568,191,645,240
Pterophyllum_Scalare_YWB,209.7,150,208,208,295
Pterophyllum_Scalare_Y,209.7,868,380,900,461
Pterophyllum_Scalare_BB,209.8,269,212,319,288
Corydoras_Albinos,209.8,877,650,949,682
G_Matriarche,209.8,562,197,635,246
Pterophyllum_Scalare_Y,209.8,866,380,898,462
Botia_Almorhae,209.8,311,240,348,328
Pterophyllum_Scalare_YWB,209.8,152,208,210,296
Pterophyllum_Scalare_W,209.8,828,480,879,536
Ancistrus,209.8,478,544,570,587
G_Matriarche,209.8,114,87,162,112
G_Matriarche,209.9,556,202,631,251
Pterophyllum_Scalare_BB,209.9,267,211,317,287
G_Matriarche,209.9,111,87,160,112
Corydoras_Albinos,209.9,880,651,947,681
Pterophyllum_Scalare_Y,209.9,866,382,897,462
Pterophyllum_Scalare_YWB,209.9,155,209,211,298
Ancistrus,209.9,478,544,570,587
Pterophyllum_Scalare_W,209.9,827,481,879,536
Botia_Almorhae,209.9,315,245,354,326
Ancistrus,210.0,478,544,570,587
Botia_Almorhae,210.0,313,234,354,314
Pterophyllum_Scalare_Y,210.0,865,381,895,461
Corydoras_Albinos,210.0,882,650,954,680
G_Matriarche,210.0,110,87,160,113
Pterophyllum_Scalare_YWB,210.0,157,208,211,298
Pterophyllum_Scalare_BB,210.0,266,208,315,287
G_Matriarche,210.0,549,208,625,257
Pterophyllum_Scalare_W,210.0,826,479,866,536
Pterophyllum_Scalare_BB,210.1,265,208,311,285
Ancistrus,210.1,478,544,572,588
G_Matriarche,210.1,110,88,156,112
Pterophyllum_Scalare_YWB,210.1,159,208,212,299
G_Matriarche,210.1,546,214,619,262
Pterophyllum_Scalare_Y,210.1,865,384,895,461
Pterophyllum_Scalare_W,210.1,825,480,865,536
Corydoras_Albinos,210.1,882,649,955,680
Ancistrus,210.2,478,544,572,588
Botia_Almorhae,210.2,311,215,342,292
Pterophyllum_Scalare_W,210.2,823,481,865,535
Corydoras_Albinos,210.2,885,648,955,680
G_Matriarche,210.2,540,219,613,268
G_Matriarche,210.2,110,88,157,114
Pterophyllum_Scalare_BB,210.2,261,206,308,281
Pterophyllum_Scalare_Y,210.2,865,383,895,462
Pterophyllum_Scalare_YWB,210.2,161,208,212,298
G_Matriarche,210.3,535,225,609,275
Botia_Almorhae,210.3,311,204,345,300
Ancistrus,210.3,478,544,572,588
Pterophyllum_Scalare_YWB,210.3,163,208,212,297
Pterophyllum_Scalare_W,210.3,821,481,865,535
Pterophyllum_Scalare_BB,210.3,260,203,306,277
Corydoras_Albinos,210.3,887,649,954,680
Pterophyllum_Scalare_Y,210.3,864,385,893,462
Botia_Almorhae,210.4,309,205,348,305
Corydoras_Albinos,210.4,888,648,959,680
Pterophyllum_Scalare_W,210.4,819,481,865,534
G_Matriarche,210.4,530,231,604,280
Pterophyllum_Scalare_YWB,210.4,165,205,212,296
Ancistrus,210.4,478,545,572,587
Pterophyllum_Scalare_BB,210.4,258,203,304,275
Pterophyllum_Scalare_Y,210.4,863,385,892,462
Corydoras_Albinos,210.5,890,650,959,680
Ancistrus,210.5,478,545,571,587
Pterophyllum_Scalare_BB,210.5,255,203,301,272
Pterophyllum_Scalare_W,210.5,818,481,865,535
Pterophyllum_Scalare_YWB,210.5,167,204,212,295
G_Matriarche,210.5,525,238,601,284
Pterophyllum_Scalare_Y,210.5,862,380,891,462
Botia_Almorhae,210.5,309,209,344,308
G_Matriarche,210.6,521,243,597,289
Botia_Almorhae,210.6,304,208,339,298
Corydoras_Albinos,210.6,892,649,960,681
Pterophyllum_Scalare_Y,210.6,861,385,891,462
Pterophyllum_Scalare_YWB,210.6,166,200,210,293
Pterophyllum_Scalare_W,210.6,817,481,865,534
Pterophyllum_Scalare_BB,210.6,253,201,298,271
Ancistrus,210.6,478,545,572,588
Pterophyllum_Scalare_YWB,210.7,167,199,209,290
Pterophyllum_Scalare_Y,210.7,859,383,890,464
Corydoras_Albinos,210.7,893,650,962,681
G_Matriarche,210.7,520,251,592,293
Botia_Almorhae,210.7,302,211,338,308
G_Matriarche,210.7,119,93,144,121
Pterophyllum_Scalare_W,210.7,816,482,864,534
Ancistrus,210.7,478,545,572,588
Pterophyllum_Scalare_BB,210.7,251,199,296,268
Botia_Almorhae,210.8,299,214,335,305
G_Matriarche,210.8,117,91,148,120
Ancistrus,210.8,478,544,572,588
Pterophyllum_Scalare_YWB,210.8,167,198,208,289
Pterophyllum_Scalare_BB,210.8,248,197,295,266
Pterophyllum_Scalare_W,210.8,817,483,865,535
Corydoras_Albinos,210.8,895,650,962,681
G_Matriarche,210.8,515,256,589,299
Pterophyllum_Scalare_Y,210.8,858,383,889,464
Botia_Almorhae,210.9,295,214,335,314
G_Matriarche,210.9,512,262,585,304
Pterophyllum_Scalare_BB,210.9,247,196,293,262
Ancistrus,210.9,478,544,572,588
G_Matriarche,210.9,121,92,154,122
Pterophyllum_Scalare_YWB,210.9,169,198,208,286
Pterophyllum_Scalare_W,210.9,818,483,864,534
Pterophyllum_Scalare_Y,210.9,856,383,888,464
Corydoras_Albinos,210.9,896,649,964,681
Pterophyllum_Scalare_BB,211.0,246,194,291,259
Pterophyllum_Scalare_W,211.0,819,483,864,534
Corydoras_Albinos,211.0,896,650,964,681
Ancistrus,211.0,478,544,572,589
G_Matriarche,211.0,509,267,583,308
G_Matriarche,211.0,122,93,161,123
Botia_Almorhae,211.0,294,220,330,315
Pterophyllum_Scalare_Y,211.0,855,385,886,464
Pterophyllum_Scalare_YWB,211.0,171,198,207,285
Botia_Almorhae,211.1,293,219,331,321
G_Matriarche,211.1,503,272,580,311
Corydoras_Albinos,211.1,897,650,965,682
Pterophyllum_Scalare_W,211.1,818,484,863,534
Ancistrus,211.1,478,544,572,589
Pterophyllum_Scalare_Y,211.1,854,379,886,464
Pterophyllum_Scalare_BB,211.1,245,191,290,257
Botia_Almorhae,211.2,287,214,327,315
Pterophyllum_Scalare_BB,211.2,245,188,288,255
Corydoras_Albinos,211.2,898,649,962,682
Pterophyllum_Scalare_Y,211.2,853,380,886,465
G_Matriarche,211.2,497,279,577,315
Pterophyllum_Scalare_W,211.2,819,484,863,533
Pterophyllum_Scalare_B,211.2,1017,560,1072,648
Ancistrus,211.2,478,544,571,588
Pterophyllum_Scalare_B,211.3,1014,558,1072,645
Pterophyllum_Scalare_W,211.3,820,484,863,533
Corydoras_Albinos,211.3,900,650,964,682
Ancistrus,211.3,478,544,571,588
Pterophyllum_Scalare_Y,211.3,852,380,886,465
Botia_Almorhae,211.3,286,201,317,304
G_Matriarche,211.3,494,284,573,318
Pterophyllum_Scalare_BB,211.3,244,186,288,253
Pterophyllum_Scalare_Y,211.4,852,378,886,465
Botia_Almorhae,211.4,282,196,317,301
Ancistrus,211.4,479,544,571,588
G_Matriarche,211.4,492,290,567,321
Pterophyllum_Scalare_W,211.4,821,484,863,534
Corydoras_Albinos,211.4,904,649,965,681
Pterophyllum_Scalare_BB,211.4,243,184,286,252
Pterophyllum_Scalare_W,211.5,822,484,863,534
Corydoras_Albinos,211.5,904,647,961,682
Pterophyllum_Scalare_Y,211.5,851,380,885,466
Botia_Almorhae,211.5,282,185,307,284
Ancistrus,211.5,478,544,572,588
G_Matriarche,211.5,489,293,564,323
Pterophyllum_Scalare_BB,211.5,242,181,289,248
Corydoras_Albinos,211.6,905,649,962,682
G_Matriarche,211.6,486,297,560,324
Pterophyllum_Scalare_Y,211.6,850,380,885,466
Pterophyllum_Scalare_BB,211.6,244,177,291,245
Pterophyllum_Scalare_W,211.6,823,483,863,536
Botia_Almorhae,211.6,281,176,306,281
Ancistrus,211.6,478,544,572,588
Corydoras_Albinos,211.7,908,649,965,680
Pterophyllum_Scalare_BB,211.7,243,171,298,244
G_Matriarche,211.7,482,299,556,324
Pterophyllum_Scalare_B,211.7,995,560,1062,643
Ancistrus,211.7,478,545,572,588
Pterophyllum_Scalare_W,211.7,825,484,864,536
Pterophyllum_Scalare_Y,211.7,850,380,884,467
Pterophyllum_Scalare_Y,211.8,849,383,884,468
Corydoras_Albinos,211.8,910,647,961,681
Pterophyllum_Scalare_YWB,211.8,170,187,207,260
Pterophyllum_Scalare_W,211.8,829,484,865,536
Pterophyllum_Scalare_B,211.8,990,562,1060,643
Pterophyllum_Scalare_BB,211.8,241,164,304,241
G_Matriarche,211.8,483,299,554,326
Ancistrus,211.8,478,544,572,588
Pterophyllum_Scalare_B,211.9,989,561,1056,641
Pterophyllum_Scalare_W,211.9,830,485,865,538
Pterophyllum_Scalare_Y,211.9,847,381,884,468
Corydoras_Albinos,211.9,913,648,965,680
Ancistrus,211.9,478,544,572,587
Pterophyllum_Scalare_YWB,211.9,170,184,210,254
Pterophyllum_Scalare_BB,211.9,240,163,305,240
Pterophyllum_Scalare_YWB,212.0,168,179,212,255
Pterophyllum_Scalare_B,212.0,989,556,1055,642
Pterophyllum_Scalare_BB,212.0,240,162,298,232
Pterophyllum_Scalare_Y,212.0,846,381,884,468
Corydoras_Albinos,212.0,916,648,965,681
Pterophyllum_Scalare_W,212.0,830,482,864,540
Ancistrus,212.0,478,545,573,588
Pterophyllum_Scalare_YWB,212.1,168,175,212,250
Pterophyllum_Scalare_B,212.1,989,552,1054,641
Corydoras_Albinos,212.1,917,646,958,682
Pterophyllum_Scalare_Y,212.1,845,382,883,469
Pterophyllum_Scalare_W,212.1,832,482,865,541
Ancistrus,212.1,478,545,573,588
Pterophyllum_Scalare_BB,212.1,239,159,297,228
Pterophyllum_Scalare_B,212.2,990,548,1054,639
Pterophyllum_Scalare_BB,212.2,235,157,298,222
Ancistrus,212.2,478,545,572,588
Corydoras_Albinos,212.2,918,648,964,682
Pterophyllum_Scalare_Y,212.2,843,382,882,469
Pterophyllum_Scalare_YWB,212.2,168,174,211,250
Ancistrus,212.3,478,544,574,588
Corydoras_Albinos,212.3,919,646,960,682
Pterophyllum_Scalare_YWB,212.3,167,171,212,246
Pterophyllum_Scalare_BB,212.3,234,153,295,219
Pterophyllum_Scalare_Y,212.3,841,383,882,469
Pterophyllum_Scalare_W,212.3,832,478,865,538
Pterophyllum_Scalare_B,212.3,989,548,1052,639
Pterophyllum_Scalare_YWB,212.4,167,169,212,246
Pterophyllum_Scalare_Y,212.4,840,384,882,470
Pterophyllum_Scalare_BB,212.4,232,150,292,217
Corydoras_Albinos,212.4,916,650,961,680
Pterophyllum_Scalare_B,212.4,989,546,1051,640
Ancistrus,212.4,478,544,573,588
Ancistrus,212.5,478,545,573,588
Pterophyllum_Scalare_Y,212.5,839,383,882,470
Pterophyllum_Scalare_W,212.5,833,477,864,535
Corydoras_Albinos,212.5,916,649,970,679
Pterophyllum_Scalare_B,212.5,988,545,1051,642
Pterophyllum_Scalare_YWB,212.5,166,167,211,244
Pterophyllum_Scalare_BB,212.5,232,148,293,217
Pterophyllum_Scalare_Y,212.6,837,381,882,468
Corydoras_Albinos,212.6,913,648,965,679
Pterophyllum_Scalare_B,212.6,985,547,1049,644
Pterophyllum_Scalare_YWB,212.6,165,166,211,242
Ancistrus,212.6,478,544,573,589
Pterophyllum_Scalare_BB,212.6,232,146,292,216
Pterophyllum_Scalare_YWB,212.7,165,164,209,240
Pterophyllum_Scalare_Y,212.7,836,378,883,467
Ancistrus,212.7,478,545,573,588
Corydoras_Albinos,212.7,913,648,968,678
Pterophyllum_Scalare_B,212.7,983,547,1049,643
Pterophyllum_Scalare_BB,212.7,231,144,294,216
Corydoras_Albinos,212.8,914,648,969,676
Pterophyllum_Scalare_YWB,212.8,162,162,208,241
Pterophyllum_Scalare_BB,212.8,230,142,294,214
Pterophyllum_Scalare_Y,212.8,834,378,883,465
Pterophyllum_Scalare_B,212.8,978,551,1048,644
Ancistrus,212.8,478,544,572,588
Corydoras_Albinos,212.9,911,648,963,677
Ancistrus,212.9,478,544,572,588
Pterophyllum_Scalare_Y,212.9,831,375,885,464
Pterophyllum_Scalare_YWB,212.9,166,164,201,239
Pterophyllum_Scalare_BB,212.9,230,140,294,214
Pterophyllum_Scalare_B,213.0,973,548,1048,636
Corydoras_Albinos,213.0,913,646,966,675
G_Matriarche,213.0,440,257,460,302
Pterophyllum_Scalare_YWB,213.0,162,152,205,236
Pterophyllum_Scalare_Y,213.0,829,373,887,463
Pterophyllum_Scalare_BB,213.0,229,139,293,213
Ancistrus,213.0,478,544,573,588
Corydoras_Albinos,213.1,914,644,962,672
Pterophyllum_Scalare_B,213.1,973,547,1047,634
Pterophyllum_Scalare_BB,213.1,231,137,294,214
Ancistrus,213.1,478,544,573,588
Pterophyllum_Scalare_YWB,213.1,164,150,211,238
Pterophyllum_Scalare_Y,213.1,829,371,886,460
Ancistrus,213.2,478,544,572,588
Corydoras_Albinos,213.2,913,643,965,672
Pterophyllum_Scalare_BB,213.2,232,136,295,215
Pterophyllum_Scalare_YWB,213.2,167,146,217,237
Pterophyllum_Scalare_Y,213.2,829,371,887,459
Pterophyllum_Scalare_B,213.3,968,545,1044,632
Pterophyllum_Scalare_Y,213.3,829,370,888,457
Ancistrus,213.3,479,544,572,588
Pterophyllum_Scalare_YWB,213.3,165,143,220,238
Corydoras_Albinos,213.3,914,641,966,672
Pterophyllum_Scalare_BB,213.3,233,136,296,216
Pterophyllum_Scalare_BB,213.4,233,135,298,217
Pterophyllum_Scalare_Y,213.4,829,369,889,457
Ancistrus,213.4,478,545,573,589
Corydoras_Albinos,213.4,916,640,963,671
Pterophyllum_Scalare_YWB,213.4,167,142,223,236
Pterophyllum_Scalare_Y,213.5,829,371,888,457
Pterophyllum_Scalare_BB,213.5,234,134,299,215
Pterophyllum_Scalare_B,213.5,965,550,1040,631
Corydoras_Albinos,213.5,917,638,965,668
Pterophyllum_Scalare_YWB,213.5,170,144,225,234
Ancistrus,213.5,478,544,572,588
Pterophyllum_Scalare_YWB,213.6,170,144,226,235
G_Matriarche,213.6,412,246,440,286
Pterophyllum_Scalare_Y,213.6,828,370,889,457
Corydoras_Albinos,213.6,921,634,971,670
Pterophyllum_Scalare_BB,213.6,234,134,301,215
Ancistrus,213.6,478,545,572,588
Pterophyllum_Scalare_BB,213.7,234,134,302,216
Pterophyllum_Scalare_B,213.7,963,556,1039,631
Pterophyllum_Scalare_Y,213.7,828,370,889,458
Ancistrus,213.7,478,545,573,588
Pterophyllum_Scalare_YWB,213.7,170,144,228,234
Corydoras_Albinos,213.7,927,634,969,670
Ancistrus,213.8,478,545,571,588
Pterophyllum_Scalare_B,213.8,963,556,1040,630
Corydoras_Albinos,213.8,929,629,967,665
G_Matriarche,213.8,397,238,435,284
Pterophyllum_Scalare_YWB,213.8,174,143,234,233
Pterophyllum_Scalare_Y,213.8,828,369,890,458
Pterophyllum_Scalare_BB,213.8,236,134,301,215
Pterophyllum_Scalare_YWB,213.9,178,146,242,229
Pterophyllum_Scalare_Y,213.9,828,368,890,458
Pterophyllum_Scalare_BB,213.9,242,136,303,216
Ancistrus,213.9,478,544,571,588
Ancistrus,214.0,478,544,572,588
Pterophyllum_Scalare_BB,214.0,248,136,304,215
Pterophyllum_Scalare_B,214.0,964,556,1037,631
Pterophyllum_Scalare_Y,214.0,828,370,889,458
Pterophyllum_Scalare_YWB,214.0,175,148,249,228
Pterophyllum_Scalare_Y,214.1,828,368,891,458
Pterophyllum_Scalare_BB,214.1,251,137,305,214
Ancistrus,214.1,478,545,572,587
Pterophyllum_Scalare_B,214.1,964,557,1035,632
Pterophyllum_Scalare_YWB,214.1,182,150,254,226
Pterophyllum_Scalare_B,214.2,966,557,1037,632
Pterophyllum_Scalare_YWB,214.2,187,148,261,226
Pterophyllum_Scalare_BB,214.2,259,139,308,212
Ancistrus,214.2,478,544,573,589
Pterophyllum_Scalare_Y,214.2,828,368,892,458
Pterophyllum_Scalare_Y,214.3,828,368,891,458
G_Matriarche,214.3,358,225,418,270
Pterophyllum_Scalare_B,214.3,968,557,1036,632
Pterophyllum_Scalare_BB,214.3,262,138,310,209
Pterophyllum_Scalare_YWB,214.3,190,146,265,227
Ancistrus,214.3,478,544,573,589
Pterophyllum_Scalare_BB,214.4,264,138,314,207
G_Matriarche,214.4,350,223,413,268
Pterophyllum_Scalare_YWB,214.4,195,146,268,227
Ancistrus,214.4,478,544,573,588
Pterophyllum_Scalare_Y,214.4,828,367,892,458
Pterophyllum_Scalare_B,214.4,971,557,1039,633
Pterophyllum_Scalare_Y,214.5,828,367,893,457
Pterophyllum_Scalare_BB,214.5,270,138,318,206
Pterophyllum_Scalare_YWB,214.5,197,147,271,227
Ancistrus,214.5,478,545,573,589
G_Matriarche,214.5,340,221,404,261
Corydoras_Albinos,214.5,948,611,977,644
Pterophyllum_Scalare_YWB,214.6,201,148,274,228
Pterophyllum_Scalare_Y,214.6,827,368,891,457
Pterophyllum_Scalare_BB,214.6,273,137,322,206
G_Matriarche,214.6,334,218,403,262
Corydoras_Albinos,214.6,951,610,978,642
Ancistrus,214.6,478,545,573,589
Pterophyllum_Scalare_YWB,214.7,203,147,277,229
Ancistrus,214.7,478,544,573,589
Pterophyllum_Scalare_W,214.7,835,473,862,526
Pterophyllum_Scalare_Y,214.7,827,367,892,457
G_Matriarche,214.7,327,214,401,259
Pterophyllum_Scalare_BB,214.7,276,137,329,205
Pterophyllum_Scalare_W,214.8,832,475,860,531
Pterophyllum_Scalare_Y,214.8,826,366,891,457
Pterophyllum_Scalare_YWB,214.8,205,147,280,229
Pterophyllum_Scalare_BB,214.8,281,135,338,203
Ancistrus,214.8,477,544,571,588
G_Matriarche,214.8,325,212,392,256
Pterophyllum_Scalare_BB,214.9,286,135,346,200
Ancistrus,214.9,478,544,572,588
Pterophyllum_Scalare_YWB,214.9,202,146,280,230
Pterophyllum_Scalare_W,214.9,830,473,859,530
Pterophyllum_Scalare_Y,214.9,826,367,893,456
G_Matriarche,214.9,327,211,388,255
Pterophyllum_Scalare_BB,215.0,291,138,352,199
G_Matriarche,215.0,331,210,382,250
Pterophyllum_Scalare_YWB,215.0,200,146,279,229
Pterophyllum_Scalare_Y,215.0,825,365,893,456
Ancistrus,215.0,478,544,572,589
Pterophyllum_Scalare_W,215.1,828,470,856,530
G_Matriarche,215.1,324,207,376,248
Pterophyllum_Scalare_BB,215.1,297,138,359,201
Pterophyllum_Scalare_Y,215.1,824,365,892,455
Pterophyllum_Scalare_YWB,215.1,198,145,277,229
Ancistrus,215.1,478,544,573,588
Corydoras_Albinos,215.2,967,605,993,641
Pterophyllum_Scalare_YWB,215.2,198,144,275,227
Ancistrus,215.2,478,545,573,588
G_Matriarche,215.2,313,201,371,245
Pterophyllum_Scalare_Y,215.2,823,364,895,454
Pterophyllum_Scalare_BB,215.2,302,138,366,202
Pterophyllum_Scalare_W,215.2,826,472,853,524
Ancistrus,215.3,478,545,573,589
Pterophyllum_Scalare_YWB,215.3,195,143,271,226
Pterophyllum_Scalare_W,215.3,824,471,850,522
G_Matriarche,215.3,306,197,366,243
Pterophyllum_Scalare_Y,215.3,823,364,894,454
Corydoras_Albinos,215.3,969,603,996,642
Pterophyllum_Scalare_BB,215.3,305,139,371,203
Pterophyllum_Scalare_BB,215.4,312,141,379,205
Pterophyllum_Scalare_YWB,215.4,192,143,268,222
G_Matriarche,215.4,298,192,360,240
Pterophyllum_Scalare_W,215.4,823,470,848,523
Corydoras_Albinos,215.4,968,605,1002,642
Pterophyllum_Scalare_Y,215.4,822,363,895,454
Ancistrus,215.4,478,544,574,589
Pterophyllum_Scalare_YWB,215.5,192,143,265,221
Ancistrus,215.5,478,544,573,588
Pterophyllum_Scalare_BB,215.5,320,143,386,208
Pterophyllum_Scalare_Y,215.5,821,363,895,453
Pterophyllum_Scalare_W,215.5,822,469,848,524
G_Matriarche,215.5,292,189,353,237
Pterophyllum_Scalare_W,215.6,821,468,846,522
Pterophyllum_Scalare_BB,215.6,328,145,393,208
Ancistrus,215.6,478,544,573,589
Pterophyllum_Scalare_Y,215.6,820,363,895,453
Pterophyllum_Scalare_YWB,215.6,191,142,266,221
G_Matriarche,215.6,285,187,348,237
Pterophyllum_Scalare_BB,215.7,335,146,400,209
G_Matriarche,215.7,283,187,344,234
Pterophyllum_Scalare_YWB,215.7,188,141,265,220
Pterophyllum_Scalare_Y,215.7,818,364,893,453
Pterophyllum_Scalare_W,215.7,820,467,844,517
Ancistrus,215.7,478,544,574,589
Ancistrus,215.8,478,544,573,589
Pterophyllum_Scalare_Y,215.8,818,365,893,452
Corydoras_Albinos,215.8,954,591,995,618
G_Matriarche,215.8,280,186,338,231
Pterophyllum_Scalare_YWB,215.8,188,140,264,218
Pterophyllum_Scalare_W,215.8,819,467,842,514
Pterophyllum_Scalare_BB,215.8,342,148,406,210
Pterophyllum_Scalare_BB,215.9,346,149,412,212
Corydoras_Albinos,215.9,947,587,993,617
Pterophyllum_Scalare_Y,215.9,815,366,893,446
Ancistrus,215.9,478,545,573,589
Pterophyllum_Scalare_YWB,215.9,193,139,265,215
G_Matriarche,215.9,276,184,328,228
Pterophyllum_Scalare_W,215.9,816,464,841,518
Pterophyllum_Scalare_BB,216.0,350,150,416,215
G_Matriarche,216.0,277,181,327,229
Pterophyllum_Scalare_Y,216.0,812,369,887,445
Ancistrus,216.0,478,544,573,589
Pterophyllum_Scalare_YWB,216.0,194,137,267,213
Pterophyllum_Scalare_W,216.0,815,461,839,517
Corydoras_Albinos,216.0,943,583,1002,616
Ancistrus,216.1,478,544,574,589
G_Matriarche,216.1,278,179,321,227
Pterophyllum_Scalare_W,216.1,814,460,839,516
Corydoras_Albinos,216.1,936,581,993,612
Pterophyllum_Scalare_YWB,216.1,194,135,269,210
Pterophyllum_Scalare_Y,216.1,808,369,884,444
Pterophyllum_Scalare_BB,216.1,353,152,418,215
Pterophyllum_Scalare_W,216.2,814,461,838,515
Ancistrus,216.2,478,545,573,589
Pterophyllum_Scalare_Y,216.2,805,370,880,442
Pterophyllum_Scalare_BB,216.2,356,153,419,217
Pterophyllum_Scalare_YWB,216.2,194,133,270,206
Corydoras_Albinos,216.2,932,580,995,611
G_Matriarche,216.2,277,177,314,223
Pterophyllum_Scalare_Y,216.3,801,371,874,441
G_Matriarche,216.3,277,175,307,219
Ancistrus,216.3,478,544,573,589
Pterophyllum_Scalare_W,216.3,813,460,837,515
Pterophyllum_Scalare_YWB,216.3,203,131,272,206
Corydoras_Albinos,216.3,926,579,986,611
Pterophyllum_Scalare_BB,216.3,356,154,421,218
Pterophyllum_Scalare_Y,216.4,798,371,871,438
Corydoras_Albinos,216.4,921,579,983,613
Pterophyllum_Scalare_YWB,216.4,208,130,274,203
Ancistrus,216.4,478,544,573,589
Pterophyllum_Scalare_BB,216.4,357,155,422,217
Pterophyllum_Scalare_W,216.4,812,459,836,512
Pterophyllum_Scalare_BB,216.5,362,155,424,217
Pterophyllum_Scalare_YWB,216.5,210,127,277,202
Pterophyllum_Scalare_W,216.5,811,458,836,513
Corydoras_Albinos,216.5,918,580,979,615
Pterophyllum_Scalare_Y,216.5,794,373,866,436
Ancistrus,216.5,478,544,572,588
Pterophyllum_Scalare_Y,216.6,790,373,862,434
Pterophyllum_Scalare_BB,216.6,364,156,425,217
Botia_Striata,216.6,488,246,533,312
Pterophyllum_Scalare_W,216.6,811,458,835,511
Pterophyllum_Scalare_YWB,216.6,216,122,279,201
Corydoras_Albinos,216.6,914,581,971,618
Ancistrus,216.6,479,545,573,589
Corydoras_Albinos,216.7,910,584,972,620
Botia_Striata,216.7,483,256,532,331
Pterophyllum_Scalare_BB,216.7,363,155,428,217
Pterophyllum_Scalare_W,216.7,811,459,835,510
Pterophyllum_Scalare_YWB,216.7,212,124,279,201
Pterophyllum_Scalare_Y,216.7,785,371,856,430
Ancistrus,216.7,479,545,572,588
Pterophyllum_Scalare_W,216.8,811,458,834,507
Botia_Striata,216.8,475,273,534,351
Corydoras_Albinos,216.8,907,585,968,621
Pterophyllum_Scalare_YWB,216.8,210,122,280,201
Pterophyllum_Scalare_Y,216.8,782,368,853,425
Pterophyllum_Scalare_BB,216.8,368,155,431,218
Ancistrus,216.8,479,545,573,589
Pterophyllum_Scalare_BB,216.9,371,156,435,219
Pterophyllum_Scalare_YWB,216.9,211,122,281,201
Corydoras_Albinos,216.9,901,586,964,624
Ancistrus,216.9,479,545,573,589
Botia_Almorhae,216.9,472,291,534,357
Pterophyllum_Scalare_W,216.9,811,456,834,507
Pterophyllum_Scalare_Y,216.9,777,364,849,420
Pterophyllum_Scalare_W,217.0,808,453,835,508
Corydoras_Albinos,217.0,899,589,964,626
Ancistrus,217.0,479,545,573,589
Pterophyllum_Scalare_BB,217.0,373,156,439,219
Pterophyllum_Scalare_Y,217.0,774,360,841,415
Botia_Almorhae,217.0,474,311,534,364
Pterophyllum_Scalare_YWB,217.0,215,122,285,202
Pterophyllum_Scalare_Y,217.1,772,357,832,414
Corydoras_Albinos,217.1,895,589,959,629
Pterophyllum_Scalare_YWB,217.1,216,119,287,203
Pterophyllum_Scalare_W,217.1,808,451,837,507
Ancistrus,217.1,479,545,573,588
Pterophyllum_Scalare_BB,217.1,378,157,443,220
Pterophyllum_Scalare_Y,217.2,770,354,829,412
Ancistrus,217.2,479,544,573,589
Pterophyllum_Scalare_YWB,217.2,222,117,291,206
Corydoras_Albinos,217.2,891,594,956,631
Pterophyllum_Scalare_W,217.2,809,449,838,507
Pterophyllum_Scalare_BB,217.2,384,157,449,220
Ancistrus,217.3,478,544,573,589
Pterophyllum_Scalare_Y,217.3,767,350,829,408
Pterophyllum_Scalare_W,217.3,810,449,838,506
Corydoras_Albinos,217.3,888,595,957,633
Pterophyllum_Scalare_BB,217.3,388,158,453,219
Pterophyllum_Scalare_YWB,217.4,230,117,299,184
Ancistrus,217.4,479,544,572,588
Pterophyllum_Scalare_Y,217.4,765,346,828,406
Pterophyllum_Scalare_W,217.4,811,448,837,505
Pterophyllum_Scalare_BB,217.4,397,158,456,219
Corydoras_Albinos,217.4,883,597,949,635
Pterophyllum_Scalare_W,217.5,812,448,835,503
Ancistrus,217.5,479,545,572,588
Pterophyllum_Scalare_YWB,217.5,231,118,302,186
Pterophyllum_Scalare_Y,217.5,764,344,828,403
Corydoras_Albinos,217.5,879,599,946,637
Pterophyllum_Scalare_BB,217.5,402,158,462,218
Corydoras_Albinos,217.6,878,602,947,640
Pterophyllum_Scalare_W,217.6,811,448,837,503
Ancistrus,217.6,478,545,573,589
Pterophyllum_Scalare_Y,217.6,762,342,828,402
Pterophyllum_Scalare_YWB,217.6,229,118,304,191
Pterophyllum_Scalare_BB,217.6,409,158,468,217
Pterophyllum_Scalare_BB,217.7,414,156,474,217
Pterophyllum_Scalare_YWB,217.7,230,119,305,192
Pterophyllum_Scalare_W,217.7,810,448,835,504
Corydoras_Albinos,217.7,876,602,942,641
Ancistrus,217.7,479,544,573,589
Pterophyllum_Scalare_Y,217.7,760,341,827,403
Pterophyllum_Scalare_BB,217.8,420,156,478,216
Corydoras_Albinos,217.8,873,605,938,643
Ancistrus,217.8,478,545,573,588
Pterophyllum_Scalare_YWB,217.8,231,120,306,192
Pterophyllum_Scalare_W,217.8,808,448,833,502
Pterophyllum_Scalare_Y,217.8,759,340,826,404
Pterophyllum_Scalare_W,217.9,807,449,831,502
Pterophyllum_Scalare_Y,217.9,756,338,825,404
Corydoras_Albinos,217.9,872,608,938,645
Ancistrus,217.9,478,544,572,588
Pterophyllum_Scalare_Y,217.9,234,121,306,192
Pterophyllum_Scalare_YWB,217.9,234,121,306,193
Pterophyllum_Scalare_BB,217.9,427,156,481,214
Pterophyllum_Scalare_BB,218.0,430,155,485,214
Ancistrus,218.0,478,544,572,588
Pterophyllum_Scalare_Y,218.0,754,337,823,402
Pterophyllum_Scalare_YWB,218.0,234,120,306,194
Corydoras_Albinos,218.0,869,608,935,646
Pterophyllum_Scalare_W,218.0,805,449,829,503
Pterophyllum_Scalare_Y,218.0,234,120,306,194
Corydoras_Albinos,218.1,868,609,931,647
Pterophyllum_Scalare_W,218.1,802,448,828,504
Pterophyllum_Scalare_Y,218.1,237,120,307,195
Pterophyllum_Scalare_Y,218.1,751,335,822,401
Pterophyllum_Scalare_BB,218.1,432,155,486,214
Pterophyllum_Scalare_YWB,218.1,237,120,307,195
Ancistrus,218.1,478,544,573,588
Ancistrus,218.2,478,544,573,589
Pterophyllum_Scalare_BB,218.2,437,155,489,214
Corydoras_Albinos,218.2,867,612,932,649
Pterophyllum_Scalare_Y,218.2,241,120,308,196
Pterophyllum_Scalare_Y,218.2,748,334,820,399
Pterophyllum_Scalare_W,218.2,801,449,827,505
Corydoras_Albinos,218.3,866,611,930,651
Botia_Almorhae,218.3,268,483,350,511
Pterophyllum_Scalare_W,218.3,801,451,826,506
Pterophyllum_Scalare_YWB,218.3,244,120,310,198
Pterophyllum_Scalare_BB,218.3,440,154,491,212
Ancistrus,218.3,478,545,573,589
Pterophyllum_Scalare_Y,218.3,745,332,818,396
Pterophyllum_Scalare_BB,218.4,444,154,493,210
Pterophyllum_Scalare_W,218.4,798,454,826,509
Pterophyllum_Scalare_YWB,218.4,248,120,312,196
G_Matriarche,218.4,168,199,212,225
Botia_Almorhae,218.4,247,489,345,518
Ancistrus,218.4,478,544,573,589
Corydoras_Albinos,218.4,864,613,928,653
Pterophyllum_Scalare_Y,218.4,740,330,815,394
Pterophyllum_Scalare_Y,218.5,736,329,813,391
Corydoras_Albinos,218.5,865,615,930,655
Pterophyllum_Scalare_W,218.5,796,455,825,509
Botia_Almorhae,218.5,244,491,334,529
G_Matriarche,218.5,161,195,196,228
Ancistrus,218.5,479,544,574,587
Pterophyllum_Scalare_YWB,218.5,249,120,312,197
Pterophyllum_Scalare_BB,218.5,448,153,496,210
Pterophyllum_Scalare_BB,218.6,451,153,499,208
Ancistrus,218.6,479,544,572,586
Pterophyllum_Scalare_Y,218.6,734,327,811,390
Corydoras_Albinos,218.6,865,614,928,656
Pterophyllum_Scalare_YWB,218.6,253,121,312,193
Pterophyllum_Scalare_W,218.6,796,457,825,510
Botia_Almorhae,218.6,239,490,314,530
Pterophyllum_Scalare_BB,218.7,455,153,500,207
Pterophyllum_Scalare_Y,218.7,730,325,809,388
Pterophyllum_Scalare_W,218.7,796,459,825,511
Corydoras_Albinos,218.7,863,615,926,658
Botia_Almorhae,218.7,205,486,284,541
Ancistrus,218.7,479,544,572,586
Pterophyllum_Scalare_Y,218.7,251,121,312,191
Pterophyllum_Scalare_YWB,218.7,251,121,312,191
Pterophyllum_Scalare_W,218.8,795,461,825,511
Pterophyllum_Scalare_Y,218.8,248,121,312,191
Pterophyllum_Scalare_YWB,218.8,248,121,312,191
Ancistrus,218.8,479,545,572,587
Corydoras_Albinos,218.8,863,619,929,660
Pterophyllum_Scalare_BB,218.8,455,153,501,207
Pterophyllum_Scalare_Y,218.8,726,322,806,386
Pterophyllum_Scalare_BB,218.9,459,153,502,207
Corydoras_Albinos,218.9,864,619,928,663
Pterophyllum_Scalare_Y,218.9,725,320,804,385
Pterophyllum_Scalare_W,218.9,795,462,824,511
Pterophyllum_Scalare_YWB,218.9,247,122,309,191
Ancistrus,218.9,479,545,573,586
Botia_Almorhae,218.9,231,487,273,528
Botia_Almorhae,218.9,210,487,273,529
Pterophyllum_Scalare_W,219.0,795,463,824,511
Ancistrus,219.0,479,545,571,586
G_Matriarche,219.0,142,176,190,208
Pterophyllum_Scalare_Y,219.0,245,122,306,190
Pterophyllum_Scalare_BB,219.0,459,153,504,206
Corydoras_Albinos,219.0,864,620,925,665
Pterophyllum_Scalare_Y,219.0,725,319,802,384
Botia_Almorhae,219.0,206,489,277,536
Pterophyllum_Scalare_W,219.1,794,463,822,512
Ancistrus,219.1,479,545,572,587
Pterophyllum_Scalare_YWB,219.1,243,121,305,191
Botia_Almorhae,219.1,247,491,283,529
Pterophyllum_Scalare_BB,219.1,460,152,505,206
G_Matriarche,219.1,153,174,199,209
Pterophyllum_Scalare_Y,219.1,722,319,800,382
Corydoras_Albinos,219.1,864,625,927,666
Pterophyllum_Scalare_W,219.2,791,463,824,513
Pterophyllum_Scalare_Y,219.2,244,121,304,190
Botia_Almorhae,219.2,257,495,289,532
Corydoras_Albinos,219.2,864,627,927,668
Pterophyllum_Scalare_BB,219.2,461,152,505,206
Ancistrus,219.2,479,545,571,588
Pterophyllum_Scalare_Y,219.2,721,318,799,381
Pterophyllum_Scalare_Y,219.3,720,317,798,381
Corydoras_Albinos,219.3,863,628,925,670
Ancistrus,219.3,479,544,571,589
Botia_Almorhae,219.3,263,497,299,543
Pterophyllum_Scalare_BB,219.3,461,152,505,206
Pterophyllum_Scalare_W,219.3,792,464,828,513
Pterophyllum_Scalare_YWB,219.3,237,120,303,191
Pterophyllum_Scalare_BB,219.4,464,152,506,205
Corydoras_Albinos,219.4,863,632,931,672
Botia_Almorhae,219.4,265,499,306,554
Pterophyllum_Scalare_W,219.4,790,463,831,513
Ancistrus,219.4,479,544,571,589
Pterophyllum_Scalare_YWB,219.4,233,120,302,192
Pterophyllum_Scalare_Y,219.4,719,315,797,381
Pterophyllum_Scalare_YWB,219.5,233,120,302,192
Corydoras_Albinos,219.5,864,632,930,673
Pterophyllum_Scalare_W,219.5,790,463,833,512
Corydoras_Panda,219.5,278,506,315,565
Pterophyllum_Scalare_Y,219.5,718,314,796,380
Ancistrus,219.5,479,544,571,589
Pterophyllum_Scalare_BB,219.5,465,152,507,206
Corydoras_Albinos,219.6,865,637,928,673
Pterophyllum_Scalare_YWB,219.6,231,117,303,193
Pterophyllum_Scalare_B,219.6,946,576,1020,661
Corydoras_Panda,219.6,277,520,333,572
Ancistrus,219.6,479,544,571,590
Pterophyllum_Scalare_Y,219.6,716,313,794,379
Pterophyllum_Scalare_W,219.6,791,464,836,511
Pterophyllum_Scalare_BB,219.6,465,151,508,206
Pterophyllum_Scalare_W,219.7,791,465,840,511
Corydoras_Albinos,219.7,866,639,932,674
G_Matriarche,219.7,174,178,227,211
Pterophyllum_Scalare_B,219.7,945,576,1016,661
Ancistrus,219.7,479,544,572,589
Pterophyllum_Scalare_YWB,219.7,235,117,300,193
Pterophyllum_Scalare_BB,219.7,466,151,508,206
Corydoras_Panda,219.7,274,527,347,583
Pterophyllum_Scalare_Y,219.7,715,313,793,378
Pterophyllum_Scalare_BB,219.8,465,152,508,205
Pterophyllum_Scalare_B,219.8,944,581,1013,658
Pterophyllum_Scalare_W,219.8,791,465,841,511
Ancistrus,219.8,479,544,571,589
Pterophyllum_Scalare_Y,219.8,714,311,792,378
Pterophyllum_Scalare_Y,219.8,236,115,301,193
G_Matriarche,219.8,176,176,238,215
Corydoras_Albinos,219.8,866,638,931,677
G_Matriarche,219.9,183,172,251,218
Pterophyllum_Scalare_BB,219.9,464,152,509,207
Pterophyllum_Scalare_Y,219.9,714,310,792,377
Pterophyllum_Scalare_W,219.9,792,464,845,512
Ancistrus,219.9,479,544,572,589
Pterophyllum_Scalare_Y,219.9,235,111,304,192
Botia_Almorhae,219.9,291,543,394,601
Pterophyllum_Scalare_B,219.9,942,579,1012,656
Corydoras_Albinos,219.9,869,640,933,677
Pterophyllum_Scalare_Y,220.0,713,308,791,375
Pterophyllum_Scalare_BB,220.0,463,153,509,207
Corydoras_Albinos,220.0,869,643,936,678
Pterophyllum_Scalare_B,220.0,942,577,1011,654
Pterophyllum_Scalare_Y,220.0,246,110,309,189
Ancistrus,220.0,478,544,572,589
Pterophyllum_Scalare_W,220.0,794,465,847,513
G_Matriarche,220.0,191,172,264,224
Pterophyllum_Scalare_Y,220.1,244,110,312,189
Pterophyllum_Scalare_Y,220.1,712,306,791,375
Corydoras_Albinos,220.1,872,643,933,679
Pterophyllum_Scalare_W,220.1,799,464,852,515
Pterophyllum_Scalare_BB,220.1,461,153,509,208
G_Matriarche,220.1,204,175,273,230
Ancistrus,220.1,479,544,572,589
Pterophyllum_Scalare_B,220.1,941,572,1009,655
Ancistrus,220.2,480,545,572,589
Pterophyllum_Scalare_W,220.2,801,464,855,516
Corydoras_Albinos,220.2,871,647,937,680
Pterophyllum_Scalare_B,220.2,939,569,1009,654
Pterophyllum_Scalare_Y,220.2,245,110,314,190
Pterophyllum_Scalare_BB,220.2,460,154,509,209
G_Matriarche,220.2,225,183,286,238
Pterophyllum_Scalare_Y,220.2,710,305,790,373
Pterophyllum_Scalare_BB,220.3,459,155,509,209
Pterophyllum_Scalare_Y,220.3,708,304,789,373
Ancistrus,220.3,478,545,573,589
Pterophyllum_Scalare_W,220.3,803,464,859,518
Pterophyllum_Scalare_Y,220.3,242,110,316,190
G_Matriarche,220.3,240,192,298,253
Corydoras_Albinos,220.3,874,646,939,681
Pterophyllum_Scalare_B,220.3,937,567,1008,654
Pterophyllum_Scalare_Y,220.4,240,110,318,193
G_Matriarche,220.4,252,200,310,266
Corydoras_Albinos,220.4,874,648,938,682
Ancistrus,220.4,478,544,572,588
Pterophyllum_Scalare_Y,220.4,706,303,787,372
Pterophyllum_Scalare_B,220.4,936,567,1005,654
Pterophyllum_Scalare_BB,220.4,459,155,508,211
Pterophyllum_Scalare_W,220.4,806,465,864,519
Pterophyllum_Scalare_Y,220.5,704,302,785,370
Pterophyllum_Scalare_Y,220.5,240,110,318,195
G_Matriarche,220.5,259,214,322,276
Corydoras_Albinos,220.5,876,649,942,682
Pterophyllum_Scalare_BB,220.5,457,156,508,211
Pterophyllum_Scalare_W,220.5,808,467,868,522
G_Matriarche,220.6,263,220,332,286
Pterophyllum_Scalare_Y,220.6,241,110,319,196
Pterophyllum_Scalare_W,220.6,811,467,871,524
Corydoras_Albinos,220.6,877,647,941,683
Pterophyllum_Scalare_BB,220.6,456,156,508,210
Pterophyllum_Scalare_Y,220.6,702,301,782,368
Ancistrus,220.6,478,543,565,586
Ancistrus,220.7,478,544,568,584
Pterophyllum_Scalare_W,220.7,814,468,875,526
G_Matriarche,220.7,268,229,344,293
Botia_Striata,220.7,545,560,704,616
Pterophyllum_Scalare_BB,220.7,456,155,509,210
Pterophyllum_Scalare_Y,220.7,699,299,779,366
Corydoras_Albinos,220.7,878,648,938,684
Pterophyllum_Scalare_Y,220.7,244,111,321,196
Pterophyllum_Scalare_W,220.8,817,468,876,528
Botia_Almorhae,220.8,581,553,743,622
Corydoras_Albinos,220.8,877,650,942,685
Ancistrus,220.8,479,544,570,588
Pterophyllum_Scalare_BB,220.8,456,155,508,209
Pterophyllum_Scalare_Y,220.8,246,112,323,197
G_Matriarche,220.8,279,241,355,301
Pterophyllum_Scalare_Y,220.8,697,297,776,363
Pterophyllum_Scalare_BB,220.9,455,154,508,209
Pterophyllum_Scalare_Y,220.9,250,112,325,198
Pterophyllum_Scalare_W,220.9,819,467,878,529
G_Matriarche,220.9,292,245,366,306
Ancistrus,220.9,480,544,572,589
Corydoras_Albinos,220.9,878,649,938,687
Botia_Almorhae,220.9,625,549,780,611
Pterophyllum_Scalare_Y,220.9,696,295,775,362
Pterophyllum_Scalare_Y,221.0,696,293,775,360
G_Matriarche,221.0,299,249,377,313
Pterophyllum_Scalare_W,221.0,820,467,880,531
Botia_Almorhae,221.0,654,547,813,608
Ancistrus,221.0,479,544,572,589
Corydoras_Albinos,221.0,877,650,940,687
Pterophyllum_Scalare_BB,221.0,456,153,509,207
Pterophyllum_Scalare_Y,221.0,252,112,327,198
Pterophyllum_Scalare_Y,221.1,696,290,776,359
G_Matriarche,221.1,308,256,387,320
Pterophyllum_Scalare_W,221.1,822,467,882,532
Pterophyllum_Scalare_BB,221.1,456,153,509,206
Botia_Almorhae,221.1,697,545,848,598
Corydoras_Albinos,221.1,878,651,941,688
Pterophyllum_Scalare_Y,221.1,254,113,330,199
Ancistrus,221.1,479,544,572,589
Pterophyllum_Scalare_W,221.2,822,466,882,533
Pterophyllum_Scalare_Y,221.2,696,288,775,358
Pterophyllum_Scalare_BB,221.2,456,153,510,206
Botia_Almorhae,221.2,727,544,868,596
Ancistrus,221.2,479,544,572,589
Pterophyllum_Scalare_Y,221.2,260,116,336,199
G_Matriarche,221.2,318,263,399,325
Pterophyllum_Scalare_Y,221.3,264,118,341,201
G_Matriarche,221.3,325,269,408,329
Pterophyllum_Scalare_Y,221.3,696,286,776,357
Pterophyllum_Scalare_W,221.3,823,467,884,533
Ancistrus,221.3,479,544,571,589
Botia_Almorhae,221.3,750,541,884,589
Pterophyllum_Scalare_BB,221.3,456,152,510,205
Pterophyllum_Scalare_W,221.4,823,467,887,534
Pterophyllum_Scalare_BB,221.4,456,152,511,205
Pterophyllum_Scalare_Y,221.4,696,284,775,355
G_Matriarche,221.4,334,276,419,333
Pterophyllum_Scalare_Y,221.4,266,118,346,201
Ancistrus,221.4,479,544,571,589
Botia_Almorhae,221.4,790,528,896,597
Pterophyllum_Scalare_Y,221.5,696,282,775,354
Pterophyllum_Scalare_Y,221.5,268,119,349,202
Pterophyllum_Scalare_YWB,221.5,269,119,349,202
Botia_Almorhae,221.5,831,515,918,593
Ancistrus,221.5,479,544,572,589
Pterophyllum_Scalare_BB,221.5,457,152,511,204
G_Matriarche,221.5,342,281,428,335
Pterophyllum_Scalare_W,221.5,824,467,888,534
Pterophyllum_Scalare_W,221.6,825,467,889,537
Pterophyllum_Scalare_Y,221.6,696,281,775,353
G_Matriarche,221.6,350,288,437,334
Ancistrus,221.6,479,544,572,589
Pterophyllum_Scalare_BB,221.6,456,152,511,204
Pterophyllum_Scalare_YWB,221.6,273,120,354,205
Pterophyllum_Scalare_BB,221.7,457,152,512,203
G_Matriarche,221.7,357,290,444,334
Pterophyllum_Scalare_Y,221.7,696,279,774,352
Pterophyllum_Scalare_W,221.7,827,466,891,538
Pterophyllum_Scalare_Y,221.7,277,122,357,205
Botia_Almorhae,221.7,885,487,941,563
Ancistrus,221.7,479,544,572,589
Pterophyllum_Scalare_BB,221.8,458,152,512,203
Ancistrus,221.8,479,544,572,589
Pterophyllum_Scalare_Y,221.8,281,123,359,207
Pterophyllum_Scalare_Y,221.8,697,277,774,351
G_Matriarche,221.8,364,292,452,334
Botia_Almorhae,221.8,885,478,955,553
Pterophyllum_Scalare_W,221.8,828,464,892,538
Pterophyllum_Scalare_YWB,221.9,284,124,362,208
Botia_Almorhae,221.9,906,471,962,536
Pterophyllum_Scalare_Y,221.9,283,124,362,207
Ancistrus,221.9,479,544,571,589
Pterophyllum_Scalare_BB,221.9,457,153,512,202
G_Matriarche,221.9,374,296,460,335
Pterophyllum_Scalare_Y,221.9,697,276,774,350
Pterophyllum_Scalare_W,221.9,828,463,892,539
Pterophyllum_Scalare_W,222.0,827,460,891,538
Pterophyllum_Scalare_Y,222.0,698,274,774,349
Botia_Almorhae,222.0,910,468,974,533
Ancistrus,222.0,478,544,572,590
Pterophyllum_Scalare_Y,222.0,285,125,361,207
Pterophyllum_Scalare_BB,222.0,458,154,512,203
G_Matriarche,222.0,385,300,471,335
Ancistrus,222.1,478,544,573,590
Corydoras_Albinos,222.1,878,655,948,689
Pterophyllum_Scalare_BB,222.1,458,154,512,204
Pterophyllum_Scalare_W,222.1,825,459,891,537
Pterophyllum_Scalare_Y,222.1,699,272,774,349
Pterophyllum_Scalare_Y,222.1,286,126,358,209
G_Matriarche,222.1,390,299,480,336
Pterophyllum_Scalare_W,222.2,824,457,890,536
Pterophyllum_Scalare_Y,222.2,701,270,774,349
Pterophyllum_Scalare_BB,222.2,459,155,511,204
Ancistrus,222.2,479,545,573,589
G_Matriarche,222.2,397,297,489,334
Pterophyllum_Scalare_Y,222.2,286,127,358,210
Pterophyllum_Scalare_W,222.3,823,455,888,534
Botia_Almorhae,222.3,930,463,996,510
Pterophyllum_Scalare_Y,222.3,286,127,364,210
Pterophyllum_Scalare_Y,222.3,702,268,775,348
Pterophyllum_Scalare_BB,222.3,459,154,513,203
G_Matriarche,222.3,404,296,497,334
Ancistrus,222.3,478,545,573,589
Botia_Almorhae,222.4,941,465,1001,513
Ancistrus,222.4,479,544,573,589
Pterophyllum_Scalare_BB,222.4,460,154,515,203
Corydoras_Albinos,222.4,880,654,951,688
Pterophyllum_Scalare_Y,222.4,703,267,775,347
Pterophyllum_Scalare_W,222.4,820,454,887,534
G_Matriarche,222.4,415,295,509,333
Pterophyllum_Scalare_Y,222.4,286,129,364,210
Pterophyllum_Scalare_BB,222.5,461,156,519,203
Botia_Almorhae,222.5,948,464,1006,515
Pterophyllum_Scalare_Y,222.5,704,265,774,346
Pterophyllum_Scalare_W,222.5,820,454,886,533
Ancistrus,222.5,478,544,573,589
G_Matriarche,222.5,421,293,513,331
Pterophyllum_Scalare_Y,222.5,286,129,364,211
Pterophyllum_Scalare_Y,222.6,285,129,364,210
G_Matriarche,222.6,428,292,519,329
Pterophyllum_Scalare_Y,222.6,705,264,775,345
Pterophyllum_Scalare_W,222.6,821,454,886,533
Ancistrus,222.6,479,544,573,589
Pterophyllum_Scalare_BB,222.6,466,156,522,203
Botia_Almorhae,222.6,956,467,1015,516
Corydoras_Albinos,222.6,882,655,950,687
Pterophyllum_Scalare_BB,222.7,471,156,522,206
Ancistrus,222.7,479,545,572,589
Pterophyllum_Scalare_W,222.7,821,454,886,533
Pterophyllum_Scalare_Y,222.7,707,262,775,343
Pterophyllum_Scalare_Y,222.7,286,130,364,211
G_Matriarche,222.7,435,289,527,327
Botia_Almorhae,222.7,959,475,1012,517
Pterophyllum_Scalare_YWB,222.8,285,130,364,211
Pterophyllum_Scalare_Y,222.8,285,130,364,212
Ancistrus,222.8,479,545,573,589
Pterophyllum_Scalare_Y,222.8,708,261,777,342
G_Matriarche,222.8,441,287,534,326
Pterophyllum_Scalare_W,222.8,820,453,885,533
Botia_Striata,222.8,948,471,1016,508
Corydoras_Albinos,222.8,885,652,947,688
Pterophyllum_Scalare_BB,222.8,473,155,520,200
Pterophyllum_Scalare_BB,222.9,475,154,523,202
Pterophyllum_Scalare_W,222.9,820,453,885,534
Pterophyllum_Scalare_YWB,222.9,285,130,364,212
G_Matriarche,222.9,447,286,540,324
Pterophyllum_Scalare_Y,222.9,710,259,777,340
Corydoras_Albinos,222.9,886,654,950,687
Ancistrus,222.9,479,545,572,589
Ancistrus,223.0,478,545,572,589
Botia_Almorhae,223.0,919,445,1023,515
Corydoras_Albinos,223.0,887,653,950,686
Pterophyllum_Scalare_Y,223.0,711,258,779,339
G_Matriarche,223.0,453,285,547,323
Pterophyllum_Scalare_W,223.0,820,452,883,534
Pterophyllum_Scalare_BB,223.0,478,154,524,203
Pterophyllum_Scalare_YWB,223.0,283,130,364,213
Botia_Almorhae,223.1,895,428,995,510
Pterophyllum_Scalare_W,223.1,822,453,878,535
Ancistrus,223.1,478,545,572,589
Pterophyllum_Scalare_Y,223.1,713,257,779,338
Pterophyllum_Scalare_BB,223.1,479,154,524,204
G_Matriarche,223.1,459,283,553,321
Pterophyllum_Scalare_YWB,223.1,283,130,364,214
Corydoras_Albinos,223.2,889,654,954,687
G_Matriarche,223.2,465,281,560,319
Pterophyllum_Scalare_BB,223.2,479,154,524,206
Ancistrus,223.2,478,545,571,589
Pterophyllum_Scalare_W,223.2,827,454,877,536
Botia_Striata,223.2,880,413,982,499
Pterophyllum_Scalare_YWB,223.2,285,131,364,214
Pterophyllum_Scalare_Y,223.2,715,257,779,337
Corydoras_Albinos,223.3,889,649,951,689
Botia_Almorhae,223.3,859,394,948,486
Pterophyllum_Scalare_Y,223.3,716,256,780,335
G_Matriarche,223.3,472,281,565,317
Ancistrus,223.3,478,545,571,588
Pterophyllum_Scalare_YWB,223.3,284,130,364,213
Pterophyllum_Scalare_BB,223.3,479,155,523,208
Pterophyllum_Scalare_W,223.3,832,456,876,537
Ancistrus,223.4,478,545,573,589
Pterophyllum_Scalare_YWB,223.4,283,131,364,214
Corydoras_Albinos,223.4,893,650,954,685
Pterophyllum_Scalare_Y,223.4,718,255,780,334
Pterophyllum_Scalare_BB,223.4,483,156,523,207
G_Matriarche,223.4,478,280,570,315
Pterophyllum_Scalare_W,223.4,836,459,877,539
G_Matriarche,223.5,485,278,578,315
Pterophyllum_Scalare_W,223.5,835,461,877,541
Pterophyllum_Scalare_YWB,223.5,283,131,364,214
Pterophyllum_Scalare_Y,223.5,719,254,782,333
Corydoras_Albinos,223.5,894,648,951,689
Ancistrus,223.5,478,544,573,588
Pterophyllum_Scalare_BB,223.5,484,156,522,208
Pterophyllum_Scalare_BB,223.6,484,157,523,210
Ancistrus,223.6,478,544,573,589
Pterophyllum_Scalare_YWB,223.6,283,131,365,213
Pterophyllum_Scalare_W,223.6,833,461,877,542
Pterophyllum_Scalare_Y,223.6,722,253,783,332
Corydoras_Albinos,223.6,892,649,950,690
G_Matriarche,223.6,490,277,583,314
Botia_Almorhae,223.6,813,346,891,426
Ancistrus,223.7,478,544,573,589
G_Matriarche,223.7,497,274,590,313
Pterophyllum_Scalare_Y,223.7,724,252,783,329
Corydoras_Albinos,223.7,892,652,955,691
Pterophyllum_Scalare_BB,223.7,485,158,523,212
Pterophyllum_Scalare_YWB,223.7,283,131,364,213
Pterophyllum_Scalare_W,223.7,832,461,876,543
G_Matriarche,223.8,505,274,597,313
Pterophyllum_Scalare_W,223.8,831,462,875,543
Botia_Almorhae,223.8,791,314,833,381
Ancistrus,223.8,478,545,573,589
Pterophyllum_Scalare_Y,223.8,725,252,783,328
Pterophyllum_Scalare_YWB,223.8,283,131,364,214
Corydoras_Albinos,223.8,886,649,951,694
Pterophyllum_Scalare_BB,223.8,487,159,523,215
Pterophyllum_Scalare_YWB,223.9,282,131,364,214
Ancistrus,223.9,478,544,573,589
Botia_Almorhae,223.9,777,304,836,390
Pterophyllum_Scalare_BB,223.9,488,160,522,215
G_Matriarche,223.9,512,273,604,312
Corydoras_Albinos,223.9,885,652,954,694
Pterophyllum_Scalare_W,223.9,831,464,875,544
Pterophyllum_Scalare_Y,223.9,724,251,778,326
Pterophyllum_Scalare_YWB,224.0,283,132,364,215
Ancistrus,224.0,478,545,573,589
Corydoras_Albinos,224.0,886,651,951,694
Pterophyllum_Scalare_BB,224.0,489,161,521,216
Pterophyllum_Scalare_W,224.0,830,464,875,544
Pterophyllum_Scalare_Y,224.0,723,251,774,324
Botia_Almorhae,224.0,769,298,837,364
G_Matriarche,224.0,529,272,609,309
Botia_Almorhae,224.1,764,294,825,357
G_Matriarche,224.1,535,270,619,308
Corydoras_Albinos,224.1,887,652,951,692
Pterophyllum_Scalare_Y,224.1,723,250,771,322
Pterophyllum_Scalare_W,224.1,830,465,875,545
Pterophyllum_Scalare_YWB,224.1,283,132,364,214
Pterophyllum_Scalare_BB,224.1,486,162,520,220
Ancistrus,224.1,478,545,573,589
Pterophyllum_Scalare_YWB,224.2,283,133,365,215
Pterophyllum_Scalare_BB,224.2,478,161,517,224
G_Matriarche,224.2,540,267,627,306
Pterophyllum_Scalare_Y,224.2,723,248,764,320
Pterophyllum_Scalare_W,224.2,829,463,875,545
Botia_Almorhae,224.2,755,291,809,346
Ancistrus,224.2,478,545,572,589
Pterophyllum_Scalare_BB,224.3,472,162,513,226
Ancistrus,224.3,478,545,572,589
Pterophyllum_Scalare_W,224.3,827,463,874,546
Pterophyllum_Scalare_YWB,224.3,285,134,365,215
G_Matriarche,224.3,549,265,634,304
Botia_Almorhae,224.3,749,288,814,336
Pterophyllum_Scalare_Y,224.3,723,248,761,318
Corydoras_Albinos,224.3,886,652,949,693
Corydoras_Albinos,224.4,887,655,956,693
Pterophyllum_Scalare_BB,224.4,467,163,512,229
Pterophyllum_Scalare_YWB,224.4,285,135,365,214
Pterophyllum_Scalare_Y,224.4,719,246,757,322
Ancistrus,224.4,479,544,572,588
Pterophyllum_Scalare_W,224.4,829,463,873,546
G_Matriarche,224.4,556,262,643,301
Pterophyllum_Scalare_YWB,224.5,286,136,365,214
Pterophyllum_Scalare_BB,224.5,462,166,510,230
G_Matriarche,224.5,566,259,649,300
Pterophyllum_Scalare_Y,224.5,724,245,755,321
Ancistrus,224.5,479,544,572,589
Corydoras_Albinos,224.5,886,653,950,693
Pterophyllum_Scalare_W,224.5,830,464,873,547
Pterophyllum_Scalare_W,224.6,830,464,873,548
Corydoras_Albinos,224.6,886,655,949,693
Ancistrus,224.6,479,545,572,589
G_Matriarche,224.6,574,256,656,297
Pterophyllum_Scalare_BB,224.6,458,167,508,231
Pterophyllum_Scalare_YWB,224.6,286,136,365,215
Pterophyllum_Scalare_Y,224.6,724,243,754,317
Pterophyllum_Scalare_YWB,224.7,286,136,365,215
Pterophyllum_Scalare_W,224.7,829,464,873,548
Pterophyllum_Scalare_BB,224.7,453,167,505,233
Ancistrus,224.7,479,544,571,589
Corydoras_Albinos,224.7,886,658,954,692
G_Matriarche,224.7,583,253,661,296
Pterophyllum_Scalare_Y,224.7,724,240,754,315
Corydoras_Albinos,224.8,885,655,949,693
Ancistrus,224.8,479,545,572,589
G_Matriarche,224.8,591,250,666,294
Pterophyllum_Scalare_BB,224.8,449,168,502,234
Pterophyllum_Scalare_W,224.8,830,463,872,549
Pterophyllum_Scalare_Y,224.8,724,239,752,313
Pterophyllum_Scalare_YWB,224.8,287,136,365,215
Pterophyllum_Scalare_Y,224.9,724,239,754,314
Pterophyllum_Scalare_W,224.9,829,463,873,549
Pterophyllum_Scalare_BB,224.9,445,169,501,236
Pterophyllum_Scalare_YWB,224.9,287,137,365,217
Ancistrus,224.9,479,545,572,589
Corydoras_Albinos,224.9,885,658,953,693
G_Matriarche,224.9,600,248,673,291
Pterophyllum_Scalare_Y,225.0,724,239,756,314
Pterophyllum_Scalare_W,225.0,827,463,875,550
Pterophyllum_Scalare_BB,225.0,440,169,499,236
G_Matriarche,225.0,611,246,674,288
Ancistrus,225.0,478,544,572,589
Pterophyllum_Scalare_YWB,225.0,288,137,366,215
G_Matriarche,225.1,625,243,676,285
Pterophyllum_Scalare_W,225.1,826,463,876,550
Pterophyllum_Scalare_Y,225.1,723,239,759,315
Pterophyllum_Scalare_BB,225.1,436,170,497,236
Pterophyllum_Scalare_YWB,225.1,288,138,365,213
Corydoras_Albinos,225.1,884,654,948,693
Ancistrus,225.1,479,544,572,589
Corydoras_Albinos,225.2,887,654,954,691
Ancistrus,225.2,479,544,572,589
Pterophyllum_Scalare_YWB,225.2,288,138,365,214
Pterophyllum_Scalare_Y,225.2,723,239,763,316
Pterophyllum_Scalare_W,225.2,824,462,877,549
G_Matriarche,225.2,639,238,682,283
Pterophyllum_Scalare_BB,225.2,431,172,496,235
Pterophyllum_Scalare_YWB,225.3,288,138,365,215
Pterophyllum_Scalare_BB,225.3,426,172,493,235
Ancistrus,225.3,478,544,572,589
Corydoras_Albinos,225.3,887,654,954,692
G_Matriarche,225.3,652,235,687,279
Pterophyllum_Scalare_Y,225.3,723,240,767,318
Pterophyllum_Scalare_W,225.3,821,462,877,549
Pterophyllum_Scalare_Y,225.4,723,243,772,319
Corydoras_Albinos,225.4,887,653,951,690
G_Matriarche,225.4,664,232,692,274
Pterophyllum_Scalare_YWB,225.4,289,138,365,215
Ancistrus,225.4,478,545,572,589
Pterophyllum_Scalare_W,225.4,820,460,877,548
Pterophyllum_Scalare_BB,225.4,422,172,490,231
G_Matriarche,225.5,671,229,697,272
Pterophyllum_Scalare_Y,225.5,724,244,776,322
Pterophyllum_Scalare_YWB,225.5,290,138,365,214
Pterophyllum_Scalare_BB,225.5,418,172,487,231
Pterophyllum_Scalare_W,225.5,818,459,877,548
Botia_Almorhae,225.5,568,300,655,340
Ancistrus,225.5,479,545,573,589
Corydoras_Albinos,225.5,887,656,958,691
Pterophyllum_Scalare_W,225.6,816,458,879,547
Pterophyllum_Scalare_YWB,225.6,290,138,365,214
Pterophyllum_Scalare_BB,225.6,415,172,486,234
Corydoras_Albinos,225.6,886,654,955,692
G_Matriarche,225.6,676,226,703,270
Ancistrus,225.6,478,544,572,589
Pterophyllum_Scalare_Y,225.6,726,245,784,323
Pterophyllum_Scalare_Y,225.7,730,249,792,324
Pterophyllum_Scalare_W,225.7,820,454,885,545
Pterophyllum_Scalare_BB,225.7,409,171,483,243
Ancistrus,225.7,478,544,572,589
Corydoras_Albinos,225.7,886,655,955,692
Pterophyllum_Scalare_YWB,225.7,289,137,365,214
Corydoras_Albinos,225.8,887,657,959,692
Pterophyllum_Scalare_Y,225.8,734,250,799,324
Pterophyllum_Scalare_BB,225.8,407,171,479,238
Pterophyllum_Scalare_YWB,225.8,289,137,365,213
Pterophyllum_Scalare_W,225.8,819,451,891,539
Ancistrus,225.8,478,544,572,590
G_Matriarche,225.9,693,214,731,264
Ancistrus,225.9,478,544,573,590
Pterophyllum_Scalare_YWB,225.9,289,136,365,214
Corydoras_Albinos,225.9,888,654,956,691
Pterophyllum_Scalare_BB,225.9,405,172,477,233
Pterophyllum_Scalare_Y,225.9,743,252,803,326
Pterophyllum_Scalare_W,225.9,823,449,900,529
Pterophyllum_Scalare_YWB,226.0,289,135,365,214
Ancistrus,226.0,479,545,572,590
G_Matriarche,226.0,696,210,736,260
Corydoras_Albinos,226.0,886,656,957,692
Botia_Almorhae,226.0,519,293,567,356
Pterophyllum_Scalare_BB,226.0,402,171,475,233
Pterophyllum_Scalare_W,226.0,837,445,913,510
Pterophyllum_Scalare_Y,226.0,752,254,807,330
G_Matriarche,226.1,697,204,744,254
Ancistrus,226.1,479,545,572,589
Pterophyllum_Scalare_BB,226.1,399,171,473,235
Pterophyllum_Scalare_YWB,226.1,289,135,365,214
Pterophyllum_Scalare_Y,226.1,760,255,810,330
Botia_Almorhae,226.1,513,286,550,354
Corydoras_Albinos,226.1,886,657,958,692
G_Matriarche,226.2,707,202,751,248
Pterophyllum_Scalare_W,226.2,862,409,937,480
Ancistrus,226.2,479,545,572,589
Botia_Almorhae,226.2,505,283,546,360
Pterophyllum_Scalare_YWB,226.2,289,135,365,213
Pterophyllum_Scalare_Y,226.2,766,256,813,329
Pterophyllum_Scalare_B,226.2,843,455,900,519
Pterophyllum_Scalare_BB,226.2,398,170,471,234
Corydoras_Albinos,226.2,885,654,956,693
Pterophyllum_Scalare_Y,226.3,769,255,816,329
Botia_Almorhae,226.3,497,278,549,359
Ancistrus,226.3,479,545,572,589
Pterophyllum_Scalare_W,226.3,875,397,949,464
Pterophyllum_Scalare_YWB,226.3,290,134,365,213
Pterophyllum_Scalare_B,226.3,832,442,904,523
Corydoras_Albinos,226.3,885,655,957,693
Pterophyllum_Scalare_BB,226.3,396,170,471,233
Pterophyllum_Scalare_W,226.4,882,385,955,446
Pterophyllum_Scalare_BB,226.4,395,169,469,233
Botia_Almorhae,226.4,492,275,549,352
G_Matriarche,226.4,670,151,749,210
Pterophyllum_Scalare_YWB,226.4,293,134,365,213
Pterophyllum_Scalare_B,226.4,825,439,904,526
Pterophyllum_Scalare_Y,226.4,774,254,818,329
Ancistrus,226.4,479,545,572,589
Pterophyllum_Scalare_BB,226.5,394,168,468,232
Pterophyllum_Scalare_B,226.5,820,437,898,526
Corydoras_Albinos,226.5,884,654,955,694
Pterophyllum_Scalare_YWB,226.5,297,135,365,212
Pterophyllum_Scalare_W,226.5,887,375,964,439
Botia_Almorhae,226.5,488,276,543,358
G_Matriarche,226.5,650,140,738,185
Ancistrus,226.5,479,545,572,589
Pterophyllum_Scalare_Y,226.5,777,254,821,330
Ancistrus,226.6,479,544,571,589
Pterophyllum_Scalare_YWB,226.6,300,135,365,212
Pterophyllum_Scalare_B,226.6,815,436,896,525
G_Matriarche,226.6,635,131,725,174
Botia_Almorhae,226.6,486,275,542,351
Pterophyllum_Scalare_W,226.6,892,366,969,432
Pterophyllum_Scalare_BB,226.6,393,168,468,232
Pterophyllum_Scalare_Y,226.6,779,255,823,330
Pterophyllum_Scalare_B,226.7,813,435,893,524
Ancistrus,226.7,479,544,572,589
Botia_Almorhae,226.7,485,276,541,355
G_Matriarche,226.7,621,125,713,165
Pterophyllum_Scalare_YWB,226.7,302,135,365,211
Pterophyllum_Scalare_W,226.7,893,358,975,421
Pterophyllum_Scalare_BB,226.7,393,167,467,230
Pterophyllum_Scalare_Y,226.7,783,257,825,329
G_Matriarche,226.8,611,120,703,157
Pterophyllum_Scalare_BB,226.8,392,167,466,230
Botia_Almorhae,226.8,484,276,535,351
Pterophyllum_Scalare_YWB,226.8,304,134,365,211
Ancistrus,226.8,479,545,573,589
Pterophyllum_Scalare_W,226.8,902,352,979,414
Pterophyllum_Scalare_B,226.8,811,435,888,523
Corydoras_Albinos,226.8,887,654,952,690
Pterophyllum_Scalare_Y,226.8,787,258,826,331
G_Matriarche,226.9,604,118,694,152
Pterophyllum_Scalare_Y,226.9,790,261,828,333
Botia_Almorhae,226.9,483,268,518,353
Pterophyllum_Scalare_W,226.9,905,344,982,408
Pterophyllum_Scalare_YWB,226.9,305,134,364,211
Pterophyllum_Scalare_B,226.9,811,435,887,524
Corydoras_Albinos,226.9,888,655,956,689
Ancistrus,226.9,479,545,573,589
Pterophyllum_Scalare_BB,226.9,392,166,466,229
Pterophyllum_Scalare_BB,227.0,392,165,467,229
Pterophyllum_Scalare_W,227.0,908,338,985,405
Ancistrus,227.0,479,545,573,589
Botia_Almorhae,227.0,478,262,515,351
G_Matriarche,227.0,595,117,686,150
Pterophyllum_Scalare_YWB,227.0,305,133,364,212
Pterophyllum_Scalare_Y,227.0,794,263,832,336
Pterophyllum_Scalare_B,227.0,809,434,885,525
Pterophyllum_Scalare_BB,227.1,391,165,467,229
Pterophyllum_Scalare_B,227.1,807,434,883,526
Corydoras_Albinos,227.1,888,655,952,687
Pterophyllum_Scalare_Y,227.1,797,266,835,337
Botia_Almorhae,227.1,476,260,506,349
Pterophyllum_Scalare_W,227.1,912,333,989,399
G_Matriarche,227.1,589,117,677,150
Pterophyllum_Scalare_YWB,227.1,305,133,363,210
Ancistrus,227.1,479,545,572,589
Ancistrus,227.2,479,545,573,589
Pterophyllum_Scalare_YWB,227.2,305,133,363,210
Pterophyllum_Scalare_BB,227.2,390,165,466,229
Pterophyllum_Scalare_B,227.2,806,434,880,526
Pterophyllum_Scalare_W,227.2,915,327,993,394
Pterophyllum_Scalare_Y,227.2,798,268,837,340
G_Matriarche,227.2,583,116,669,150
Corydoras_Albinos,227.2,887,655,954,688
Botia_Almorhae,227.2,475,259,506,350
Pterophyllum_Scalare_Y,227.3,800,270,838,341
Botia_Almorhae,227.3,474,258,502,352
G_Matriarche,227.3,575,116,662,151
Pterophyllum_Scalare_BB,227.3,389,164,463,228
Pterophyllum_Scalare_W,227.3,926,319,1002,391
Corydoras_Albinos,227.3,717,628,765,658
Pterophyllum_Scalare_B,227.3,805,435,879,518
Corydoras_Albinos,227.3,886,654,946,691
Pterophyllum_Scalare_YWB,227.3,305,133,363,210
Ancistrus,227.3,478,545,573,589
Pterophyllum_Scalare_YWB,227.4,306,133,363,209
Pterophyllum_Scalare_B,227.4,803,434,877,517
Corydoras_Albinos,227.4,888,655,954,689
Pterophyllum_Scalare_BB,227.4,388,163,463,227
Pterophyllum_Scalare_Y,227.4,803,272,839,342
Pterophyllum_Scalare_W,227.4,932,315,1010,387
Corydoras_Albinos,227.4,717,627,764,658
Botia_Almorhae,227.4,473,258,503,354
G_Matriarche,227.4,568,117,659,155
Ancistrus,227.4,479,545,573,589
Pterophyllum_Scalare_Y,227.5,806,275,842,345
Pterophyllum_Scalare_YWB,227.5,305,134,362,209
Ancistrus,227.5,478,546,573,588
Pterophyllum_Scalare_BB,227.5,387,162,463,226
Pterophyllum_Scalare_B,227.5,803,434,874,519
Pterophyllum_Scalare_W,227.5,937,312,1017,383
Botia_Almorhae,227.5,474,256,504,346
G_Matriarche,227.5,563,119,652,158
Corydoras_Albinos,227.5,716,627,764,658
Corydoras_Albinos,227.6,716,627,764,658
Pterophyllum_Scalare_Y,227.6,808,276,844,348
Pterophyllum_Scalare_YWB,227.6,306,134,362,209
Ancistrus,227.6,478,545,573,588
G_Matriarche,227.6,549,124,630,157
Pterophyllum_Scalare_BB,227.6,386,162,459,224
Pterophyllum_Scalare_B,227.6,803,438,871,529
Botia_Almorhae,227.6,475,256,502,311
Pterophyllum_Scalare_W,227.6,943,308,1028,380
Corydoras_Albinos,227.6,887,654,946,691
Corydoras_Albinos,227.7,716,627,765,658
Pterophyllum_Scalare_B,227.7,806,440,867,533
Pterophyllum_Scalare_BB,227.7,386,160,457,224
Pterophyllum_Scalare_W,227.7,948,305,1034,376
G_Matriarche,227.7,534,124,621,162
Pterophyllum_Scalare_Y,227.7,810,277,845,350
Corydoras_Albinos,227.7,887,655,954,692
Pterophyllum_Scalare_YWB,227.7,307,135,361,209
Ancistrus,227.7,478,546,573,589
Pterophyllum_Scalare_B,227.8,808,442,859,532
Pterophyllum_Scalare_W,227.8,955,302,1041,373
Corydoras_Albinos,227.8,885,654,952,694
Ancistrus,227.8,478,545,573,588
Pterophyllum_Scalare_BB,227.8,386,159,458,225
Pterophyllum_Scalare_Y,227.8,812,278,845,351
G_Matriarche,227.8,519,125,604,168
Botia_Almorhae,227.8,475,253,503,340
Corydoras_Albinos,227.8,716,627,765,658
Pterophyllum_Scalare_YWB,227.8,306,137,362,208
Pterophyllum_Scalare_BB,227.9,386,159,455,223
Pterophyllum_Scalare_W,227.9,963,299,1049,371
G_Matriarche,227.9,506,127,591,176
Pterophyllum_Scalare_Y,227.9,814,279,846,352
Pterophyllum_Scalare_B,227.9,808,446,857,530
Ancistrus,227.9,478,545,573,588
Corydoras_Albinos,227.9,886,655,949,694
Pterophyllum_Scalare_YWB,227.9,308,138,362,207
Botia_Almorhae,227.9,478,252,502,309
Corydoras_Albinos,228.0,887,657,955,693
Pterophyllum_Scalare_YWB,228.0,308,138,361,209
Pterophyllum_Scalare_W,228.0,969,296,1057,370
Ancistrus,228.0,478,544,572,588
Pterophyllum_Scalare_Y,228.0,815,282,849,355
G_Matriarche,228.0,495,130,585,183
Pterophyllum_Scalare_B,228.0,808,449,854,532
Pterophyllum_Scalare_BB,228.0,386,158,454,222
Corydoras_Albinos,228.1,888,657,954,693
G_Matriarche,228.1,488,136,577,187
Pterophyllum_Scalare_YWB,228.1,307,139,361,207
Pterophyllum_Scalare_W,228.1,979,294,1064,368
Pterophyllum_Scalare_Y,228.1,815,285,851,355
Botia_Almorhae,228.1,475,251,502,335
Pterophyllum_Scalare_B,228.1,810,448,848,530
Ancistrus,228.1,478,544,573,588
Pterophyllum_Scalare_BB,228.1,384,157,451,222
Corydoras_Albinos,228.2,887,655,956,693
Pterophyllum_Scalare_B,228.2,811,452,846,528
Botia_Almorhae,228.2,473,252,500,312
Pterophyllum_Scalare_BB,228.2,382,156,449,218
Ancistrus,228.2,478,545,573,588
Pterophyllum_Scalare_YWB,228.2,308,140,361,207
G_Matriarche,228.2,479,141,572,194
Pterophyllum_Scalare_W,228.2,984,291,1068,366
Pterophyllum_Scalare_Y,228.2,815,286,853,357
Pterophyllum_Scalare_BB,228.3,381,154,446,216
Botia_Almorhae,228.3,469,253,502,357
Pterophyllum_Scalare_W,228.3,991,290,1075,363
Pterophyllum_Scalare_Y,228.3,817,287,854,359
G_Matriarche,228.3,471,148,568,197
Ancistrus,228.3,478,545,573,588
Pterophyllum_Scalare_YWB,228.3,307,140,361,206
Corydoras_Albinos,228.3,886,653,953,694
Pterophyllum_Scalare_B,228.3,812,458,837,525
Corydoras_Albinos,228.4,886,653,950,694
Ancistrus,228.4,478,545,573,588
Pterophyllum_Scalare_Y,228.4,818,289,855,360
Pterophyllum_Scalare_B,228.4,811,460,839,527
Pterophyllum_Scalare_BB,228.4,381,155,447,216
Pterophyllum_Scalare_W,228.4,997,287,1081,361
Pterophyllum_Scalare_YWB,228.4,307,140,360,206
Botia_Almorhae,228.4,469,253,495,342
G_Matriarche,228.4,465,154,561,200
G_Matriarche,228.5,468,159,557,204
Pterophyllum_Scalare_BB,228.5,382,155,445,216
Ancistrus,228.5,478,545,572,588
Corydoras_Albinos,228.5,886,655,956,694
Pterophyllum_Scalare_B,228.5,809,471,844,535
Pterophyllum_Scalare_Y,228.5,819,294,856,361
Pterophyllum_Scalare_W,228.5,1002,284,1086,358
Pterophyllum_Scalare_YWB,228.5,307,140,360,208
Pterophyllum_Scalare_BB,228.6,382,155,443,216
Pterophyllum_Scalare_YWB,228.6,305,139,359,208
Pterophyllum_Scalare_Y,228.6,820,301,857,363
Ancistrus,228.6,477,544,573,588
Botia_Almorhae,228.6,464,257,490,345
Pterophyllum_Scalare_B,228.6,808,464,849,543
Corydoras_Albinos,228.6,886,654,949,694
Pterophyllum_Scalare_W,228.6,1010,283,1092,355
G_Matriarche,228.6,465,164,552,208
G_Matriarche,228.7,465,169,548,212
Ancistrus,228.7,478,545,573,588
Pterophyllum_Scalare_YWB,228.7,304,138,359,208
Pterophyllum_Scalare_BB,228.7,383,155,441,216
Pterophyllum_Scalare_B,228.7,808,464,852,546
Pterophyllum_Scalare_W,228.7,1014,281,1097,352
Pterophyllum_Scalare_Y,228.7,820,304,859,364
Botia_Almorhae,228.7,459,256,485,346
Corydoras_Albinos,228.7,886,657,954,694
Pterophyllum_Scalare_Y,228.8,821,305,860,366
Ancistrus,228.8,478,545,572,588
Pterophyllum_Scalare_B,228.8,808,467,856,547
Corydoras_Albinos,228.8,885,655,953,694
G_Matriarche,228.8,459,174,544,217
Pterophyllum_Scalare_BB,228.8,383,154,444,214
Pterophyllum_Scalare_W,228.8,1020,277,1103,349
Botia_Almorhae,228.8,456,259,482,347
Pterophyllum_Scalare_YWB,228.8,303,137,357,208
Pterophyllum_Scalare_Y,228.9,822,305,861,368
Botia_Almorhae,228.9,446,262,482,344
Pterophyllum_Scalare_BB,228.9,383,153,450,213
Ancistrus,228.9,478,545,573,588
G_Matriarche,228.9,479,178,535,218
Corydoras_Albinos,228.9,886,655,949,694
Pterophyllum_Scalare_W,228.9,1028,274,1110,346
Pterophyllum_Scalare_YWB,228.9,300,136,355,206
Pterophyllum_Scalare_B,228.9,810,467,860,549
Pterophyllum_Scalare_B,229.0,812,471,863,551
Pterophyllum_Scalare_YWB,229.0,297,136,353,206
Pterophyllum_Scalare_W,229.0,1035,271,1115,342
Corydoras_Albinos,229.0,885,656,954,695
Ancistrus,229.0,478,545,573,588
Pterophyllum_Scalare_Y,229.0,824,305,862,369
Pterophyllum_Scalare_BB,229.0,382,152,452,213
Pterophyllum_Scalare_BB,229.0,460,171,521,237
Pterophyllum_Scalare_W,229.1,1042,268,1120,337
Pterophyllum_Scalare_Y,229.1,824,305,864,370
Pterophyllum_Scalare_B,229.1,813,468,866,553
Pterophyllum_Scalare_YWB,229.1,293,135,351,205
Botia_Almorhae,229.1,443,262,471,351
Corydoras_Albinos,229.1,885,652,948,695
Pterophyllum_Scalare_BB,229.1,382,152,452,213
Pterophyllum_Scalare_BB,229.1,463,183,514,248
Ancistrus,229.1,478,545,573,588
Ancistrus,229.2,479,545,574,589
Pterophyllum_Scalare_Y,229.2,826,297,864,372
Botia_Almorhae,229.2,434,260,468,347
Pterophyllum_Scalare_YWB,229.2,291,135,349,207
Pterophyllum_Scalare_B,229.2,815,464,870,554
Pterophyllum_Scalare_W,229.2,1049,263,1125,332
Pterophyllum_Scalare_BB,229.2,382,151,451,213
Pterophyllum_Scalare_Y,229.3,828,293,865,373
Pterophyllum_Scalare_BB,229.3,382,150,452,212
Pterophyllum_Scalare_YWB,229.3,288,133,346,206
Pterophyllum_Scalare_B,229.3,820,467,875,558
Ancistrus,229.3,479,545,573,589
Botia_Almorhae,229.3,430,262,464,340
Pterophyllum_Scalare_W,229.3,1055,258,1129,329
G_Matriarche,229.3,468,195,535,266
Pterophyllum_Scalare_W,229.4,1062,253,1134,323
Pterophyllum_Scalare_BB,229.4,382,149,451,212
Pterophyllum_Scalare_YWB,229.4,286,132,344,207
Ancistrus,229.4,478,545,573,589
Botia_Almorhae,229.4,424,262,463,349
Pterophyllum_Scalare_B,229.4,826,466,880,562
G_Matriarche,229.4,479,203,546,273
Pterophyllum_Scalare_Y,229.4,831,291,866,374
Botia_Almorhae,229.5,424,264,460,351
G_Matriarche,229.5,487,216,555,278
Pterophyllum_Scalare_YWB,229.5,283,131,341,206
Pterophyllum_Scalare_W,229.5,1068,247,1139,318
Pterophyllum_Scalare_BB,229.5,382,148,450,213
Pterophyllum_Scalare_Y,229.5,833,291,867,374
Pterophyllum_Scalare_B,229.5,829,467,886,564
Ancistrus,229.5,478,545,573,589
Pterophyllum_Scalare_B,229.6,834,471,891,566
Ancistrus,229.6,479,544,573,589
Pterophyllum_Scalare_Y,229.6,836,292,868,373
Pterophyllum_Scalare_YWB,229.6,281,131,341,206
G_Matriarche,229.6,496,221,565,283
Pterophyllum_Scalare_BB,229.6,381,147,450,211
Pterophyllum_Scalare_W,229.6,1075,243,1143,312
Botia_Almorhae,229.6,420,266,455,350
Pterophyllum_Scalare_W,229.7,1081,239,1147,308
Pterophyllum_Scalare_BB,229.7,380,145,451,209
G_Matriarche,229.7,506,226,574,289
Pterophyllum_Scalare_YWB,229.7,278,130,334,207
Ancistrus,229.7,479,544,573,589
Pterophyllum_Scalare_Y,229.7,839,293,869,372
Botia_Almorhae,229.7,419,270,451,350
Pterophyllum_Scalare_B,229.7,837,482,895,572
Botia_Almorhae,229.8,417,270,449,354
Pterophyllum_Scalare_W,229.8,1087,235,1151,303
Pterophyllum_Scalare_BB,229.8,379,143,450,208
G_Matriarche,229.8,515,229,582,296
Pterophyllum_Scalare_B,229.8,842,490,900,573
Ancistrus,229.8,479,544,572,589
Pterophyllum_Scalare_YWB,229.8,275,129,330,206
Pterophyllum_Scalare_Y,229.8,841,293,870,372
Pterophyllum_Scalare_YWB,229.9,273,130,326,207
Pterophyllum_Scalare_Y,229.9,842,293,871,373
Pterophyllum_Scalare_BB,229.9,377,142,449,208
Corydoras_Albinos,229.9,880,652,942,698
Botia_Almorhae,229.9,412,271,445,359
Ancistrus,229.9,478,544,572,588
G_Matriarche,229.9,528,229,590,302
Pterophyllum_Scalare_B,229.9,844,485,902,576
Pterophyllum_Scalare_W,229.9,1091,231,1154,299
Ancistrus,230.0,479,544,572,588
Pterophyllum_Scalare_Y,230.0,844,293,872,373
Pterophyllum_Scalare_W,230.0,1095,226,1157,295
Pterophyllum_Scalare_YWB,230.0,270,129,321,208
Pterophyllum_Scalare_B,230.0,848,485,905,578
Pterophyllum_Scalare_BB,230.0,376,141,448,207
Botia_Almorhae,230.1,399,273,444,355
Pterophyllum_Scalare_BB,230.1,375,140,447,207
Pterophyllum_Scalare_W,230.1,1100,222,1159,291
Pterophyllum_Scalare_B,230.1,852,488,907,580
Pterophyllum_Scalare_YWB,230.1,265,128,318,209
Pterophyllum_Scalare_Y,230.1,846,294,874,373
Ancistrus,230.1,479,544,572,589
Pterophyllum_Scalare_W,230.2,1104,217,1162,287
Pterophyllum_Scalare_B,230.2,855,491,912,585
Pterophyllum_Scalare_W,230.2,902,569,930,605
Ancistrus,230.2,478,544,572,589
Pterophyllum_Scalare_Y,230.2,848,295,875,371
Pterophyllum_Scalare_BB,230.2,375,139,444,206
G_Matriarche,230.2,573,238,613,317
Pterophyllum_Scalare_YWB,230.2,263,127,314,208
Pterophyllum_Scalare_Y,230.3,849,295,875,370
Pterophyllum_Scalare_BB,230.3,374,139,438,204
Pterophyllum_Scalare_B,230.3,864,501,917,590
Pterophyllum_Scalare_YWB,230.3,262,127,309,209
Ancistrus,230.3,478,544,572,589
Pterophyllum_Scalare_W,230.3,1107,213,1164,283
Ancistrus,230.4,478,545,572,588
Pterophyllum_Scalare_YWB,230.4,260,126,305,211
G_Matriarche,230.4,592,245,622,323
Pterophyllum_Scalare_W,230.4,1110,208,1166,279
Pterophyllum_Scalare_B,230.4,864,507,926,599
Pterophyllum_Scalare_Y,230.4,850,297,876,370
Pterophyllum_Scalare_BB,230.4,375,138,436,202
Pterophyllum_Scalare_Y,230.5,851,297,879,371
Pterophyllum_Scalare_W,230.5,1113,204,1168,277
Pterophyllum_Scalare_BB,230.5,375,137,433,202
Botia_Almorhae,230.5,395,257,470,320
Pterophyllum_Scalare_YWB,230.5,257,125,302,213
Ancistrus,230.5,479,544,572,589
Pterophyllum_Scalare_B,230.5,868,507,929,603
G_Matriarche,230.5,597,249,625,324
Pterophyllum_Scalare_Y,230.6,852,297,877,368
G_Matriarche,230.6,603,253,634,326
Ancistrus,230.6,479,545,572,589
Pterophyllum_Scalare_YWB,230.6,255,125,299,213
Pterophyllum_Scalare_B,230.6,871,512,933,609
Pterophyllum_Scalare_BB,230.6,375,137,430,201
Pterophyllum_Scalare_W,230.6,1115,200,1169,273
Botia_Almorhae,230.6,399,257,468,324
Pterophyllum_Scalare_BB,230.7,373,136,426,199
Botia_Almorhae,230.7,397,256,466,325
Pterophyllum_Scalare_W,230.7,1116,197,1170,270
Ancistrus,230.7,479,545,572,588
Pterophyllum_Scalare_YWB,230.7,255,124,296,213
Pterophyllum_Scalare_Y,230.7,853,296,877,369
Botia_Almorhae,230.7,839,517,880,555
Pterophyllum_Scalare_B,230.7,874,517,948,612
Botia_Almorhae,230.8,403,252,462,330
Pterophyllum_Scalare_Y,230.8,854,297,879,367
Ancistrus,230.8,479,545,572,589
Pterophyllum_Scalare_YWB,230.8,254,123,293,213
Pterophyllum_Scalare_B,230.8,873,518,952,614
Pterophyllum_Scalare_W,230.8,1117,195,1171,268
Botia_Almorhae,230.8,846,518,883,558
Pterophyllum_Scalare_BB,230.8,613,255,645,328
Pterophyllum_Scalare_BB,230.8,372,136,419,198
Pterophyllum_Scalare_B,230.9,877,521,957,612
Pterophyllum_Scalare_BB,230.9,370,138,418,197
Botia_Almorhae,230.9,399,252,461,329
Pterophyllum_Scalare_BB,230.9,617,261,652,328
Ancistrus,230.9,479,545,572,588
Pterophyllum_Scalare_Y,230.9,855,298,881,369
Pterophyllum_Scalare_YWB,230.9,252,122,289,214
Pterophyllum_Scalare_W,230.9,1118,192,1172,264
Pterophyllum_Scalare_W,231.0,1119,188,1174,260
Ancistrus,231.0,479,544,572,588
Pterophyllum_Scalare_B,231.0,887,529,962,615
Pterophyllum_Scalare_BB,231.0,622,261,656,326
Pterophyllum_Scalare_YWB,231.0,249,122,286,212
Botia_Almorhae,231.0,398,253,458,329
Pterophyllum_Scalare_Y,231.0,855,301,880,368
Pterophyllum_Scalare_Y,231.1,856,300,882,370
Pterophyllum_Scalare_W,231.1,1120,185,1175,257
Botia_Almorhae,231.1,392,251,459,331
Ancistrus,231.1,479,545,572,588
G_Matriarche,231.1,627,263,661,326
Pterophyllum_Scalare_YWB,231.1,249,122,282,212
G_Matriarche,231.2,632,264,668,326
Pterophyllum_Scalare_YWB,231.2,246,123,279,210
Botia_Almorhae,231.2,389,256,455,331
Ancistrus,231.2,479,545,572,588
Pterophyllum_Scalare_Y,231.2,857,300,885,369
Pterophyllum_Scalare_W,231.2,1120,183,1175,254
G_Matriarche,231.3,639,265,673,325
Ancistrus,231.3,479,545,573,588
Pterophyllum_Scalare_W,231.3,1120,181,1176,251
Pterophyllum_Scalare_Y,231.3,858,301,885,372
Botia_Almorhae,231.3,403,256,464,330
Pterophyllum_Scalare_YWB,231.3,243,124,275,210
Pterophyllum_Scalare_B,231.3,907,535,991,615
Ancistrus,231.4,479,545,573,589
Pterophyllum_Scalare_W,231.4,1121,179,1176,250
Botia_Almorhae,231.4,395,253,481,315
Pterophyllum_Scalare_BB,231.4,363,129,409,187
Pterophyllum_Scalare_YWB,231.4,240,124,272,211
G_Matriarche,231.4,645,266,679,326
Pterophyllum_Scalare_Y,231.4,859,300,884,368
Botia_Almorhae,231.5,412,247,511,311
G_Matriarche,231.5,652,266,686,325
Ancistrus,231.5,479,545,572,589
Pterophyllum_Scalare_W,231.5,1121,177,1176,247
Pterophyllum_Scalare_Y,231.5,859,302,885,369
Pterophyllum_Scalare_BB,231.5,361,129,410,186
Pterophyllum_Scalare_YWB,231.5,237,125,268,211
Pterophyllum_Scalare_BB,231.6,359,129,412,187
Ancistrus,231.6,478,544,573,589
Pterophyllum_Scalare_Y,231.6,860,301,886,370
Pterophyllum_Scalare_YWB,231.6,234,129,263,212
Pterophyllum_Scalare_W,231.6,1120,175,1175,244
Pterophyllum_Scalare_B,231.6,929,533,1000,616
Botia_Almorhae,231.6,421,246,522,320
Pterophyllum_Scalare_W,231.7,1119,172,1177,243
Ancistrus,231.7,478,544,572,588
Pterophyllum_Scalare_YWB,231.7,231,140,260,213
Pterophyllum_Scalare_Y,231.7,861,300,886,369
Botia_Almorhae,231.7,440,247,515,323
Pterophyllum_Scalare_BB,231.7,357,128,413,187
Pterophyllum_Scalare_B,231.7,933,528,1002,610
G_Matriarche,231.8,670,268,703,333
Pterophyllum_Scalare_BB,231.8,354,127,415,188
Ancistrus,231.8,478,545,572,588
Pterophyllum_Scalare_B,231.8,936,523,1005,618
Pterophyllum_Scalare_YWB,231.8,229,141,259,215
Botia_Almorhae,231.8,451,240,516,321
Pterophyllum_Scalare_W,231.8,1119,171,1176,241
Pterophyllum_Scalare_Y,231.8,862,302,889,371
Pterophyllum_Scalare_B,231.9,938,522,1008,620
Pterophyllum_Scalare_W,231.9,1118,170,1176,239
G_Matriarche,231.9,675,269,704,338
Botia_Almorhae,231.9,451,235,520,317
Pterophyllum_Scalare_BB,231.9,351,127,416,189
Pterophyllum_Scalare_Y,231.9,861,303,889,371
Pterophyllum_Scalare_YWB,231.9,227,140,257,216
Ancistrus,231.9,478,544,573,589
Pterophyllum_Scalare_YWB,232.0,225,137,258,216
Pterophyllum_Scalare_Y,232.0,863,303,888,372
Pterophyllum_Scalare_BB,232.0,351,128,418,189
Pterophyllum_Scalare_B,232.0,939,522,1013,611
G_Matriarche,232.0,679,268,706,340
Ancistrus,232.0,478,544,573,589
Pterophyllum_Scalare_W,232.0,1117,169,1175,238
Botia_Almorhae,232.1,461,229,523,304
Pterophyllum_Scalare_W,232.1,1117,167,1175,236
Pterophyllum_Scalare_BB,232.1,351,128,420,190
Pterophyllum_Scalare_B,232.1,945,524,1015,602
Pterophyllum_Scalare_Y,232.1,863,302,888,372
Pterophyllum_Scalare_YWB,232.1,222,130,259,217
Ancistrus,232.1,478,545,572,589
Botia_Almorhae,232.2,458,227,519,296
Corydoras_Albinos,232.2,882,652,939,680
Pterophyllum_Scalare_Y,232.2,864,302,889,367
Ancistrus,232.2,479,545,572,589
Pterophyllum_Scalare_YWB,232.2,220,130,259,219
Pterophyllum_Scalare_W,232.2,1116,165,1175,235
Pterophyllum_Scalare_BB,232.2,352,129,422,191
Pterophyllum_Scalare_W,232.3,1117,165,1175,233
Botia_Almorhae,232.3,451,222,515,293
Pterophyllum_Scalare_YWB,232.3,217,129,258,221
Ancistrus,232.3,479,545,572,588
Corydoras_Albinos,232.3,884,650,937,678
Pterophyllum_Scalare_Y,232.3,865,301,890,365
Pterophyllum_Scalare_BB,232.3,356,130,424,192
Pterophyllum_Scalare_YWB,232.4,214,135,258,225
Ancistrus,232.4,479,545,573,588
Pterophyllum_Scalare_Y,232.4,866,301,890,366
Botia_Almorhae,232.4,460,215,512,290
Pterophyllum_Scalare_W,232.4,1117,163,1176,231
Corydoras_Albinos,232.4,884,647,935,678
Pterophyllum_Scalare_BB,232.4,358,131,427,192
Pterophyllum_Scalare_BB,232.5,361,131,429,192
Corydoras_Albinos,232.5,885,644,937,678
Pterophyllum_Scalare_YWB,232.5,210,137,256,228
Botia_Almorhae,232.5,456,216,515,288
Pterophyllum_Scalare_Y,232.5,867,301,890,369
Pterophyllum_Scalare_W,232.5,1117,161,1176,229
Ancistrus,232.5,478,545,573,588
Pterophyllum_Scalare_Y,232.6,866,300,893,365
Pterophyllum_Scalare_W,232.6,1118,158,1176,226
Pterophyllum_Scalare_BB,232.6,366,131,433,192
Pterophyllum_Scalare_YWB,232.6,209,140,255,229
Ancistrus,232.6,478,545,573,589
Botia_Almorhae,232.6,463,214,522,272
Corydoras_Albinos,232.6,887,641,935,679
Corydoras_Albinos,232.7,887,640,933,679
Pterophyllum_Scalare_W,232.7,1118,156,1176,223
Pterophyllum_Scalare_BB,232.7,369,132,435,192
Pterophyllum_Scalare_YWB,232.7,206,142,256,231
Pterophyllum_Scalare_Y,232.7,868,300,893,366
Ancistrus,232.7,478,545,573,588
Pterophyllum_Scalare_YWB,232.8,204,144,256,234
Pterophyllum_Scalare_BB,232.8,371,132,438,193
Ancistrus,232.8,478,545,574,589
Pterophyllum_Scalare_W,232.8,1118,153,1176,221
Corydoras_Albinos,232.8,886,637,937,680
G_Matriarche,232.8,706,308,745,381
Corydoras_Albinos,232.9,886,638,936,680
Pterophyllum_Scalare_BB,232.9,374,133,439,194
Pterophyllum_Scalare_YWB,232.9,202,145,255,236
Pterophyllum_Scalare_W,232.9,1116,151,1175,219
Ancistrus,232.9,478,545,574,589
Pterophyllum_Scalare_YWB,233.0,199,147,256,240
Pterophyllum_Scalare_BB,233.0,374,133,439,194
Corydoras_Albinos,233.0,467,213,520,281
Pterophyllum_Scalare_W,233.0,1117,148,1176,217
Corydoras_Albinos,233.0,886,637,938,680
Ancistrus,233.0,478,545,574,589
Botia_Almorhae,233.1,448,213,516,283
Corydoras_Albinos,233.1,885,639,936,680
Ancistrus,233.1,478,545,574,589
Pterophyllum_Scalare_BB,233.1,374,134,439,194
Pterophyllum_Scalare_YWB,233.1,198,152,255,243
Pterophyllum_Scalare_W,233.1,1117,146,1176,215
Pterophyllum_Scalare_B,233.1,997,547,1047,624
Pterophyllum_Scalare_Y,233.1,870,294,895,353
Pterophyllum_Scalare_YWB,233.2,197,155,255,246
Pterophyllum_Scalare_W,233.2,1118,145,1172,213
Corydoras_Albinos,233.2,885,632,935,680
Pterophyllum_Scalare_BB,233.2,373,134,438,196
Pterophyllum_Scalare_B,233.2,997,545,1048,626
Botia_Almorhae,233.2,443,218,514,281
Ancistrus,233.2,478,545,574,589
Pterophyllum_Scalare_Y,233.2,870,293,894,359
Pterophyllum_Scalare_YWB,233.3,196,157,255,248
Pterophyllum_Scalare_BB,233.3,373,134,437,196
Pterophyllum_Scalare_B,233.3,997,540,1050,628
Ancistrus,233.3,478,545,574,589
Corydoras_Albinos,233.3,884,629,930,680
Pterophyllum_Scalare_W,233.3,1117,142,1172,212
Pterophyllum_Scalare_BB,233.4,373,135,436,197
Corydoras_Albinos,233.4,882,626,925,681
Pterophyllum_Scalare_YWB,233.4,195,160,255,251
Pterophyllum_Scalare_B,233.4,997,534,1050,628
Ancistrus,233.4,478,545,574,589
Pterophyllum_Scalare_W,233.4,1117,141,1173,212
Pterophyllum_Scalare_YWB,233.5,194,160,256,255
Ancistrus,233.5,479,545,574,588
Corydoras_Albinos,233.5,883,624,923,680
Pterophyllum_Scalare_W,233.5,1114,141,1169,211
Pterophyllum_Scalare_BB,233.5,372,135,436,198
Pterophyllum_Scalare_B,233.5,998,533,1050,628
Pterophyllum_Scalare_Y,233.5,871,285,894,351
Pterophyllum_Scalare_YWB,233.6,192,164,255,257
Ancistrus,233.6,479,545,574,589
Pterophyllum_Scalare_W,233.6,1113,139,1170,210
Pterophyllum_Scalare_B,233.6,997,534,1051,628
G_Matriarche,233.6,732,345,766,421
Pterophyllum_Scalare_BB,233.6,373,135,435,199
Corydoras_Albinos,233.6,884,623,921,680
G_Matriarche,233.7,733,349,771,429
Pterophyllum_Scalare_B,233.7,997,535,1052,628
Pterophyllum_Scalare_BB,233.7,374,135,435,198
Pterophyllum_Scalare_YWB,233.7,192,164,254,258
Pterophyllum_Scalare_W,233.7,1111,139,1167,210
Corydoras_Albinos,233.7,884,623,920,679
Ancistrus,233.7,478,545,574,589
Pterophyllum_Scalare_YWB,233.8,193,165,254,258
Ancistrus,233.8,478,545,574,589
Pterophyllum_Scalare_W,233.8,1110,139,1166,209
Pterophyllum_Scalare_BB,233.8,374,136,434,198
Corydoras_Albinos,233.8,885,621,923,679
Pterophyllum_Scalare_B,233.8,997,532,1052,629
Pterophyllum_Scalare_W,233.9,1107,137,1166,210
Pterophyllum_Scalare_B,233.9,995,541,1053,628
Ancistrus,233.9,478,545,574,589
Corydoras_Albinos,233.9,886,623,926,680
Pterophyllum_Scalare_YWB,233.9,193,167,255,260
Pterophyllum_Scalare_BB,233.9,374,135,434,198
Corydoras_Albinos,234.0,887,622,927,680
Pterophyllum_Scalare_B,234.0,991,536,1051,633
Ancistrus,234.0,479,546,572,589
G_Matriarche,234.0,743,362,780,433
Pterophyllum_Scalare_YWB,234.0,192,169,255,262
Pterophyllum_Scalare_W,234.0,1106,137,1163,211
Pterophyllum_Scalare_BB,234.0,374,136,435,197
G_Matriarche,234.1,746,365,785,433
Pterophyllum_Scalare_BB,234.1,375,136,435,197
Pterophyllum_Scalare_YWB,234.1,191,171,254,263
Pterophyllum_Scalare_B,234.1,990,539,1050,635
Botia_Almorhae,234.1,550,205,594,264
Ancistrus,234.1,479,545,572,589
Corydoras_Albinos,234.1,887,625,928,680
Pterophyllum_Scalare_W,234.1,1106,138,1162,211
Ancistrus,234.2,479,545,573,589
Pterophyllum_Scalare_BB,234.2,376,136,435,197
Pterophyllum_Scalare_YWB,234.2,190,171,254,262
Pterophyllum_Scalare_W,234.2,1102,136,1161,211
Corydoras_Albinos,234.2,887,626,929,680
Pterophyllum_Scalare_B,234.2,982,544,1046,633
G_Matriarche,234.2,747,367,792,436
Pterophyllum_Scalare_B,234.3,974,551,1040,634
Corydoras_Albinos,234.3,888,630,931,680
Pterophyllum_Scalare_BB,234.3,376,136,436,198
Pterophyllum_Scalare_W,234.3,1102,137,1160,212
Pterophyllum_Scalare_YWB,234.3,190,172,253,262
Ancistrus,234.3,478,545,573,589
G_Matriarche,234.3,751,369,793,439
Pterophyllum_Scalare_YWB,234.4,190,173,253,262
Pterophyllum_Scalare_B,234.4,970,553,1039,633
Corydoras_Albinos,234.4,888,631,934,681
Pterophyllum_Scalare_W,234.4,1101,136,1160,211
Ancistrus,234.4,478,544,573,589
Pterophyllum_Scalare_BB,234.4,376,136,435,195
G_Matriarche,234.4,756,374,794,438
Pterophyllum_Scalare_W,234.5,1098,136,1158,212
Pterophyllum_Scalare_BB,234.5,376,136,436,196
Pterophyllum_Scalare_B,234.5,965,555,1036,635
Ancistrus,234.5,478,545,573,589
G_Matriarche,234.5,759,375,799,438
Corydoras_Albinos,234.5,888,632,932,682
Pterophyllum_Scalare_YWB,234.5,190,174,253,264
Pterophyllum_Scalare_B,234.6,962,556,1030,635
Pterophyllum_Scalare_BB,234.6,377,136,439,197
Pterophyllum_Scalare_W,234.6,1097,136,1157,212
Ancistrus,234.6,479,545,573,588
G_Matriarche,234.6,763,377,801,450
Corydoras_Albinos,234.6,888,630,934,681
Pterophyllum_Scalare_YWB,234.6,191,175,253,263
Ancistrus,234.7,478,545,573,588
G_Matriarche,234.7,766,380,804,448
Pterophyllum_Scalare_B,234.7,960,555,1028,635
Corydoras_Albinos,234.7,888,633,934,682
Pterophyllum_Scalare_YWB,234.7,190,175,253,263
Pterophyllum_Scalare_BB,234.7,377,137,442,201
Pterophyllum_Scalare_W,234.7,1096,137,1156,212
Pterophyllum_Scalare_YWB,234.8,191,177,253,264
Corydoras_Albinos,234.8,889,634,934,681
Pterophyllum_Scalare_B,234.8,959,556,1028,635
Ancistrus,234.8,478,545,573,589
Pterophyllum_Scalare_BB,234.8,381,138,443,208
Pterophyllum_Scalare_W,234.8,1095,138,1156,213
G_Matriarche,234.8,769,382,810,448
Ancistrus,234.9,478,545,572,588
G_Matriarche,234.9,772,383,813,449
Pterophyllum_Scalare_BB,234.9,384,139,441,207
Pterophyllum_Scalare_B,234.9,958,556,1024,637
Pterophyllum_Scalare_W,234.9,1093,137,1155,214
Pterophyllum_Scalare_YWB,234.9,191,177,255,264
Corydoras_Albinos,234.9,889,636,937,681
Pterophyllum_Scalare_B,235.0,956,554,1024,641
Pterophyllum_Scalare_W,235.0,1092,137,1156,214
Pterophyllum_Scalare_BB,235.0,386,141,442,209
G_Matriarche,235.0,776,385,813,449
Pterophyllum_Scalare_YWB,235.0,191,176,255,266
Ancistrus,235.0,479,545,572,588
Corydoras_Albinos,235.0,889,637,937,682
G_Matriarche,235.1,780,388,817,451
Pterophyllum_Scalare_B,235.1,954,555,1022,640
Corydoras_Albinos,235.1,888,637,938,682
Ancistrus,235.1,478,545,572,588
Pterophyllum_Scalare_BB,235.1,386,142,441,209
Pterophyllum_Scalare_YWB,235.1,191,177,254,266
Pterophyllum_Scalare_W,235.1,1092,137,1154,213
G_Matriarche,235.2,785,391,819,451
Pterophyllum_Scalare_YWB,235.2,191,177,255,267
Pterophyllum_Scalare_B,235.2,954,549,1022,640
Ancistrus,235.2,478,545,572,588
Pterophyllum_Scalare_W,235.2,1089,137,1152,212
Corydoras_Albinos,235.2,889,636,940,682
Pterophyllum_Scalare_BB,235.2,388,144,443,211
Pterophyllum_Scalare_YWB,235.3,190,178,255,268
G_Matriarche,235.3,789,394,821,452
Pterophyllum_Scalare_W,235.3,1087,135,1152,212
Pterophyllum_Scalare_B,235.3,954,550,1023,642
Pterophyllum_Scalare_BB,235.3,388,145,444,211
Ancistrus,235.3,478,545,572,589
Corydoras_Albinos,235.3,889,640,941,681
Pterophyllum_Scalare_Y,235.4,873,250,900,306
Corydoras_Albinos,235.4,888,646,945,681
Ancistrus,235.4,478,545,573,589
Pterophyllum_Scalare_B,235.4,954,553,1022,643
G_Matriarche,235.4,793,394,823,452
Pterophyllum_Scalare_BB,235.4,387,146,445,212
Pterophyllum_Scalare_W,235.4,1087,135,1151,211
Pterophyllum_Scalare_YWB,235.4,190,179,254,269
Ancistrus,235.5,478,545,573,589
Pterophyllum_Scalare_B,235.5,953,556,1021,643
G_Matriarche,235.5,796,396,826,453
Pterophyllum_Scalare_YWB,235.5,190,179,254,268
Pterophyllum_Scalare_W,235.5,1084,134,1151,212
Corydoras_Albinos,235.5,888,644,948,681
Pterophyllum_Scalare_BB,235.5,387,148,445,210
Pterophyllum_Scalare_B,235.6,953,556,1021,643
Pterophyllum_Scalare_W,235.6,1083,132,1149,212
Pterophyllum_Scalare_BB,235.6,388,148,446,209
Ancistrus,235.6,479,544,572,588
G_Matriarche,235.6,799,397,828,454
Pterophyllum_Scalare_YWB,235.6,189,180,254,268
Corydoras_Albinos,235.6,887,648,948,681
Corydoras_Albinos,235.7,887,649,950,681
Ancistrus,235.7,478,544,573,588
Pterophyllum_Scalare_W,235.7,1083,133,1148,210
Pterophyllum_Scalare_BB,235.7,388,148,446,211
G_Matriarche,235.7,803,400,832,454
Pterophyllum_Scalare_YWB,235.7,189,180,254,268
Pterophyllum_Scalare_B,235.7,953,556,1021,643
Pterophyllum_Scalare_Y,235.8,874,241,904,300
Pterophyllum_Scalare_W,235.8,1083,134,1146,210
Pterophyllum_Scalare_B,235.8,953,557,1021,643
Corydoras_Albinos,235.8,887,648,953,680
Ancistrus,235.8,480,545,572,589
Pterophyllum_Scalare_YWB,235.8,188,182,253,269
Pterophyllum_Scalare_BB,235.8,388,147,446,210
G_Matriarche,235.8,808,402,836,455
Pterophyllum_Scalare_BB,235.9,389,148,446,210
Pterophyllum_Scalare_W,235.9,1080,133,1147,209
Pterophyllum_Scalare_YWB,235.9,187,180,253,269
Ancistrus,235.9,480,545,572,588
Corydoras_Albinos,235.9,887,648,953,680
G_Matriarche,235.9,812,404,840,456
Pterophyllum_Scalare_B,235.9,953,558,1021,643
Pterophyllum_Scalare_W,236.0,1080,132,1145,208
Pterophyllum_Scalare_YWB,236.0,187,179,254,269
Ancistrus,236.0,481,546,572,588
Corydoras_Albinos,236.0,886,649,957,679
Pterophyllum_Scalare_BB,236.0,389,147,447,212
Pterophyllum_Scalare_BB,236.0,614,341,656,374
G_Matriarche,236.0,815,405,842,457
Pterophyllum_Scalare_B,236.0,954,556,1023,641
Pterophyllum_Scalare_W,236.1,1078,133,1144,207
Pterophyllum_Scalare_BB,236.1,391,148,450,213
Pterophyllum_Scalare_YWB,236.1,187,180,253,268
Ancistrus,236.1,481,547,572,588
Corydoras_Albinos,236.1,888,648,952,678
G_Matriarche,236.1,818,406,846,458
Pterophyllum_Scalare_W,236.2,1077,133,1144,206
Ancistrus,236.2,480,543,571,588
G_Matriarche,236.2,823,407,848,459
Corydoras_Albinos,236.2,888,646,953,676
Pterophyllum_Scalare_BB,236.2,389,149,451,214
Pterophyllum_Scalare_YWB,236.2,186,181,253,270
Corydoras_Albinos,236.3,889,646,954,675
Pterophyllum_Scalare_BB,236.3,390,150,453,216
Ancistrus,236.3,478,545,572,588
Pterophyllum_Scalare_YWB,236.3,186,182,253,270
Pterophyllum_Scalare_W,236.3,1077,133,1143,206
Pterophyllum_Scalare_W,236.4,1076,132,1142,205
G_Matriarche,236.4,832,409,859,462
Pterophyllum_Scalare_YWB,236.4,185,183,252,270
Ancistrus,236.4,479,545,572,588
Pterophyllum_Scalare_BB,236.4,392,151,455,219
Corydoras_Albinos,236.4,893,645,951,674
Pterophyllum_Scalare_W,236.5,1074,131,1143,204
Ancistrus,236.5,477,545,573,589
Pterophyllum_Scalare_BB,236.5,392,152,457,220
Pterophyllum_Scalare_YWB,236.5,185,183,252,269
Corydoras_Albinos,236.5,894,644,949,673
Pterophyllum_Scalare_YWB,236.6,184,184,252,270
Pterophyllum_Scalare_BB,236.6,392,153,459,223
Ancistrus,236.6,477,546,572,588
Pterophyllum_Scalare_W,236.6,1076,130,1141,203
G_Matriarche,236.6,837,415,870,466
Corydoras_Albinos,236.6,895,644,949,673
Pterophyllum_Scalare_BB,236.7,391,154,459,225
Pterophyllum_Scalare_W,236.7,1075,129,1142,202
Ancistrus,236.7,478,545,572,589
Corydoras_Albinos,236.7,896,645,949,673
Pterophyllum_Scalare_YWB,236.7,183,183,252,270
G_Matriarche,236.7,837,418,871,466
Ancistrus,236.8,478,545,572,589
G_Matriarche,236.8,727,367,761,410
G_Matriarche,236.8,840,421,877,469
Pterophyllum_Scalare_YWB,236.8,181,184,251,270
Pterophyllum_Scalare_W,236.8,1073,126,1138,201
Corydoras_Albinos,236.8,898,644,949,672
Pterophyllum_Scalare_BB,236.8,391,158,459,229
Corydoras_Albinos,236.9,900,643,944,673
G_Matriarche,236.9,843,423,880,471
Pterophyllum_Scalare_Y,236.9,876,234,901,292
Ancistrus,236.9,478,546,573,589
G_Matriarche,236.9,735,371,767,412
Pterophyllum_Scalare_YWB,236.9,180,184,251,270
Pterophyllum_Scalare_BB,236.9,392,160,459,230
Pterophyllum_Scalare_W,236.9,1071,125,1138,201
Pterophyllum_Scalare_W,237.0,1069,125,1135,201
Pterophyllum_Scalare_Y,237.0,875,231,900,293
Ancistrus,237.0,477,546,572,588
G_Matriarche,237.0,744,378,774,412
Corydoras_Albinos,237.0,896,645,943,672
Pterophyllum_Scalare_BB,237.0,392,162,460,230
G_Matriarche,237.0,845,424,883,472
Pterophyllum_Scalare_YWB,237.0,178,185,250,271
Corydoras_Albinos,237.1,895,643,946,671
Pterophyllum_Scalare_YWB,237.1,177,185,250,271
G_Matriarche,237.1,846,426,888,475
Pterophyllum_Scalare_Y,237.1,874,230,899,291
Ancistrus,237.1,477,546,573,589
Pterophyllum_Scalare_BB,237.1,394,164,461,231
Pterophyllum_Scalare_W,237.1,1067,125,1132,200
Pterophyllum_Scalare_YWB,237.2,176,185,251,272
G_Matriarche,237.2,847,428,893,478
Corydoras_Albinos,237.2,893,642,940,671
Pterophyllum_Scalare_Y,237.2,876,232,898,290
Pterophyllum_Scalare_BB,237.2,396,166,461,232
Pterophyllum_Scalare_W,237.2,1064,124,1131,199
Ancistrus,237.2,477,546,572,589
Pterophyllum_Scalare_W,237.3,1064,123,1130,198
Corydoras_Albinos,237.3,890,642,938,670
Ancistrus,237.3,477,546,573,589
Pterophyllum_Scalare_YWB,237.3,175,185,251,272
Pterophyllum_Scalare_W,237.3,902,570,930,603
G_Matriarche,237.3,849,430,897,480
Pterophyllum_Scalare_BB,237.3,397,168,461,232
Pterophyllum_Scalare_BB,237.4,400,169,461,233
G_Matriarche,237.4,849,430,900,482
Pterophyllum_Scalare_YWB,237.4,173,186,250,273
Pterophyllum_Scalare_W,237.4,1061,124,1129,199
Ancistrus,237.4,477,546,573,589
Pterophyllum_Scalare_Y,237.4,874,228,898,288
Corydoras_Albinos,237.4,891,641,941,671
G_Matriarche,237.5,797,408,830,443
Corydoras_Albinos,237.5,890,641,938,671
Ancistrus,237.5,477,546,572,589
Pterophyllum_Scalare_W,237.5,1061,124,1127,198
Pterophyllum_Scalare_BB,237.5,402,169,462,233
G_Matriarche,237.5,851,432,906,484
Pterophyllum_Scalare_YWB,237.5,172,186,250,273
Pterophyllum_Scalare_YWB,237.6,171,186,250,273
G_Matriarche,237.6,808,416,842,452
Pterophyllum_Scalare_Y,237.6,874,232,898,288
Pterophyllum_Scalare_BB,237.6,403,170,462,234
Pterophyllum_Scalare_W,237.6,1059,124,1127,197
Ancistrus,237.6,478,546,573,588
G_Matriarche,237.6,854,439,911,488
Corydoras_Albinos,237.6,890,641,939,669
G_Matriarche,237.7,815,420,848,459
Pterophyllum_Scalare_Y,237.7,874,230,901,290
Corydoras_Albinos,237.7,892,640,944,670
Pterophyllum_Scalare_BB,237.7,405,168,461,235
G_Matriarche,237.7,857,442,914,492
Pterophyllum_Scalare_W,237.7,1057,124,1125,197
Ancistrus,237.7,479,546,573,589
Pterophyllum_Scalare_YWB,237.7,170,186,249,274
G_Matriarche,237.8,861,447,914,495
Pterophyllum_Scalare_W,237.8,1055,125,1124,197
Pterophyllum_Scalare_BB,237.8,405,166,461,236
Pterophyllum_Scalare_YWB,237.8,168,186,249,274
Botia_Almorhae,237.8,478,240,506,321
Pterophyllum_Scalare_Y,237.8,870,231,900,286
Corydoras_Albinos,237.8,892,641,939,669
Ancistrus,237.8,479,546,573,588
G_Matriarche,237.8,819,423,857,467
Corydoras_Albinos,237.9,894,640,943,669
G_Matriarche,237.9,870,451,912,496
G_Matriarche,237.9,826,432,861,473
Pterophyllum_Scalare_BB,237.9,405,166,460,236
Botia_Almorhae,237.9,477,239,504,328
Pterophyllum_Scalare_W,237.9,1052,124,1123,198
Ancistrus,237.9,479,546,574,589
Pterophyllum_Scalare_YWB,237.9,167,185,248,274
G_Matriarche,238.0,880,448,914,503
Corydoras_Albinos,238.0,896,638,946,670
Pterophyllum_Scalare_Y,238.0,873,227,898,286
Pterophyllum_Scalare_W,238.0,1053,124,1120,198
Pterophyllum_Scalare_BB,238.0,406,165,459,238
Pterophyllum_Scalare_YWB,238.0,166,186,247,274
Botia_Almorhae,238.0,473,239,501,324
Ancistrus,238.0,480,546,573,588
G_Matriarche,238.0,835,440,866,478
Pterophyllum_Scalare_YWB,238.1,164,185,246,275
Pterophyllum_Scalare_Y,238.1,872,229,896,286
Corydoras_Albinos,238.1,896,638,938,667
Botia_Almorhae,238.1,474,237,504,321
G_Matriarche,238.1,882,454,915,508
Ancistrus,238.1,479,545,573,589
G_Matriarche,238.1,837,444,868,484
Pterophyllum_Scalare_BB,238.1,407,165,458,238
Pterophyllum_Scalare_W,238.1,1049,123,1119,196
G_Matriarche,238.2,839,450,870,487
Ancistrus,238.2,480,545,573,588
Pterophyllum_Scalare_W,238.2,1049,124,1118,196
Corydoras_Albinos,238.2,897,636,945,668
Pterophyllum_Scalare_BB,238.2,407,167,457,239
G_Matriarche,238.2,881,462,917,514
Pterophyllum_Scalare_YWB,238.2,163,185,246,276
Ancistrus,238.3,480,545,573,589
Pterophyllum_Scalare_W,238.3,1049,123,1116,195
Botia_Almorhae,238.3,470,231,504,316
Pterophyllum_Scalare_YWB,238.3,162,185,245,275
Corydoras_Albinos,238.3,900,633,937,666
Pterophyllum_Scalare_BB,238.3,408,170,456,239
G_Matriarche,238.3,881,459,922,516
Pterophyllum_Scalare_Y,238.3,873,223,897,282
Botia_Almorhae,238.4,467,230,505,313
Ancistrus,238.4,480,545,573,589
Corydoras_Albinos,238.4,901,632,938,663
Pterophyllum_Scalare_YWB,238.4,161,186,244,276
Pterophyllum_Scalare_BB,238.4,408,169,455,239
G_Matriarche,238.4,881,463,925,520
Pterophyllum_Scalare_W,238.4,1045,122,1115,195
Ancistrus,238.5,480,545,572,589
Pterophyllum_Scalare_YWB,238.5,160,187,242,276
Pterophyllum_Scalare_W,238.5,1045,122,1114,195
Pterophyllum_Scalare_BB,238.5,408,169,453,239
G_Matriarche,238.5,881,472,925,524
Botia_Almorhae,238.5,471,230,506,314
Corydoras_Albinos,238.5,717,630,768,657
Corydoras_Albinos,238.5,902,631,941,664
Pterophyllum_Scalare_Y,238.5,873,219,896,279
Corydoras_Albinos,238.6,903,631,942,661
Pterophyllum_Scalare_BB,238.6,408,169,453,239
Botia_Almorhae,238.6,464,228,505,312
Pterophyllum_Scalare_YWB,238.6,159,187,242,277
Pterophyllum_Scalare_W,238.6,1044,121,1112,195
Ancistrus,238.6,479,545,572,589
G_Matriarche,238.6,881,474,930,526
Pterophyllum_Scalare_W,238.7,1044,122,1111,195
Pterophyllum_Scalare_BB,238.7,410,173,451,239
Corydoras_Albinos,238.7,903,630,947,661
G_Matriarche,238.7,883,478,931,530
Pterophyllum_Scalare_YWB,238.7,158,187,241,276
Ancistrus,238.7,479,545,572,589
Ancistrus,238.8,479,544,573,589
Pterophyllum_Scalare_W,238.8,1043,122,1110,195
Corydoras_Albinos,238.8,905,629,944,657
G_Matriarche,238.8,885,483,933,534
Pterophyllum_Scalare_YWB,238.8,157,189,239,275
Pterophyllum_Scalare_Y,238.8,873,222,898,278
G_Matriarche,238.9,885,486,936,535
Pterophyllum_Scalare_W,238.9,1039,123,1109,195
Pterophyllum_Scalare_Y,238.9,874,220,898,281
Corydoras_Albinos,238.9,906,629,952,656
Ancistrus,238.9,479,545,573,588
Pterophyllum_Scalare_YWB,238.9,157,189,238,275
Pterophyllum_Scalare_YWB,239.0,156,189,237,275
Ancistrus,239.0,479,544,573,589
Corydoras_Albinos,239.0,905,627,950,656
Pterophyllum_Scalare_W,239.0,1038,125,1108,195
G_Matriarche,239.0,885,490,934,540
G_Matriarche,239.1,879,495,937,543
Pterophyllum_Scalare_W,239.1,1035,123,1107,195
Ancistrus,239.1,478,545,573,589
Pterophyllum_Scalare_BB,239.1,414,174,446,240
Pterophyllum_Scalare_YWB,239.1,157,191,237,278
Corydoras_Albinos,239.1,903,626,956,655
Pterophyllum_Scalare_BB,239.2,414,176,447,240
Corydoras_Albinos,239.2,903,625,961,656
Pterophyllum_Scalare_W,239.2,1034,125,1107,195
Pterophyllum_Scalare_YWB,239.2,158,193,238,283
Ancistrus,239.2,479,544,572,589
G_Matriarche,239.2,874,504,935,548
Ancistrus,239.3,478,545,572,589
G_Matriarche,239.3,870,509,944,552
Pterophyllum_Scalare_YWB,239.3,160,195,238,287
Pterophyllum_Scalare_W,239.3,1033,123,1105,195
Pterophyllum_Scalare_BB,239.3,413,176,447,241
Corydoras_Albinos,239.3,899,626,956,654
Ancistrus,239.4,478,545,572,589
G_Matriarche,239.4,870,514,943,555
Corydoras_Albinos,239.4,899,625,962,655
Pterophyllum_Scalare_YWB,239.4,160,203,237,293
Pterophyllum_Scalare_BB,239.4,410,176,447,239
Pterophyllum_Scalare_W,239.4,1029,121,1104,195
Pterophyllum_Scalare_BB,239.5,408,176,447,240
Pterophyllum_Scalare_W,239.5,1027,124,1103,195
Ancistrus,239.5,479,545,572,589
G_Matriarche,239.5,868,518,944,558
Pterophyllum_Scalare_YWB,239.5,160,205,237,297
Pterophyllum_Scalare_B,239.5,975,560,1049,641
Corydoras_Albinos,239.5,897,624,961,654
Pterophyllum_Scalare_YWB,239.6,159,208,238,301
Pterophyllum_Scalare_BB,239.6,407,173,448,240
Ancistrus,239.6,478,544,573,589
G_Matriarche,239.6,868,522,948,557
Pterophyllum_Scalare_W,239.6,1026,125,1099,196
Corydoras_Albinos,239.6,895,623,959,653
Pterophyllum_Scalare_B,239.6,975,562,1046,640
Pterophyllum_Scalare_BB,239.7,404,176,448,240
Pterophyllum_Scalare_W,239.7,1021,125,1096,198
Pterophyllum_Scalare_B,239.7,975,560,1049,641
Corydoras_Albinos,239.7,894,623,955,653
G_Matriarche,239.7,870,520,940,559
Ancistrus,239.7,478,544,572,588
Pterophyllum_Scalare_YWB,239.7,159,209,238,303
Pterophyllum_Scalare_B,239.8,975,561,1044,642
Pterophyllum_Scalare_YWB,239.8,159,211,237,306
Corydoras_Albinos,239.8,891,624,952,654
Pterophyllum_Scalare_BB,239.8,403,174,450,241
Ancistrus,239.8,478,545,572,589
G_Matriarche,239.8,855,506,934,563
Pterophyllum_Scalare_W,239.8,1017,124,1092,197
Pterophyllum_Scalare_Y,239.8,873,223,905,281
Pterophyllum_Scalare_B,239.9,975,561,1049,642
Pterophyllum_Scalare_YWB,239.9,158,213,237,309
Pterophyllum_Scalare_BB,239.9,402,174,451,241
Corydoras_Albinos,239.9,890,625,954,655
Ancistrus,239.9,478,545,573,589
G_Matriarche,239.9,868,493,926,557
Pterophyllum_Scalare_W,239.9,1012,123,1088,196
Pterophyllum_Scalare_Y,240.0,1013,122,1085,195
Pterophyllum_Scalare_BB,240.0,399,174,448,241
Pterophyllum_Scalare_YWB,240.0,158,216,237,310
Corydoras_Albinos,240.0,887,625,953,656
Botia_Almorhae,240.0,474,208,505,293
Ancistrus,240.0,478,545,573,589
G_Matriarche,240.0,861,479,914,551
Pterophyllum_Scalare_YWB,240.1,158,217,236,312
Ancistrus,240.1,478,545,573,589
Pterophyllum_Scalare_Y,240.1,874,223,909,283
Botia_Almorhae,240.1,467,212,503,290
G_Matriarche,240.1,858,468,915,539
Pterophyllum_Scalare_BB,240.1,397,173,448,239
Corydoras_Albinos,240.1,885,626,947,656
Pterophyllum_Scalare_Y,240.2,874,224,911,280
G_Matriarche,240.2,849,456,911,527
Pterophyllum_Scalare_YWB,240.2,158,218,236,313
Pterophyllum_Scalare_BB,240.2,396,174,448,239
Botia_Almorhae,240.2,455,215,504,286
Ancistrus,240.2,478,545,573,589
Corydoras_Albinos,240.2,884,626,945,657
Pterophyllum_Scalare_B,240.2,974,560,1038,646
Pterophyllum_Scalare_BB,240.3,396,173,448,240
Pterophyllum_Scalare_YWB,240.3,158,218,237,314
G_Matriarche,240.3,843,444,915,506
Corydoras_Albinos,240.3,876,625,935,655
Botia_Almorhae,240.3,453,215,503,287
Ancistrus,240.3,478,545,573,589
Pterophyllum_Scalare_Y,240.3,874,223,912,288
Pterophyllum_Scalare_Y,240.3,1008,121,1077,196
G_Matriarche,240.4,837,434,908,494
Botia_Almorhae,240.4,450,214,503,284
Pterophyllum_Scalare_BB,240.4,394,173,448,241
Pterophyllum_Scalare_Y,240.4,1006,118,1075,196
Ancistrus,240.4,479,545,572,589
Pterophyllum_Scalare_Y,240.4,873,223,914,282
Pterophyllum_Scalare_B,240.4,971,558,1027,656
Pterophyllum_Scalare_YWB,240.4,157,219,236,314
Corydoras_Albinos,240.4,870,624,941,656
Pterophyllum_Scalare_YWB,240.5,157,220,235,315
Pterophyllum_Scalare_Y,240.5,1005,117,1074,196
Pterophyllum_Scalare_BB,240.5,393,173,448,241
Corydoras_Albinos,240.5,865,624,935,655
Botia_Almorhae,240.5,451,212,502,288
G_Matriarche,240.5,830,425,904,480
Pterophyllum_Scalare_Y,240.5,875,223,914,281
Ancistrus,240.5,478,545,572,589
Pterophyllum_Scalare_B,240.5,970,557,1025,645
Botia_Almorhae,240.6,450,210,502,289
Pterophyllum_Scalare_Y,240.6,874,223,915,280
Ancistrus,240.6,478,545,572,589
G_Matriarche,240.6,829,419,896,462
Pterophyllum_Scalare_B,240.6,968,557,1022,646
Corydoras_Albinos,240.6,858,624,927,655
Pterophyllum_Scalare_YWB,240.6,156,219,235,316
Pterophyllum_Scalare_BB,240.6,393,174,448,242
G_Matriarche,240.6,830,454,861,485
Pterophyllum_Scalare_W,240.7,1004,121,1076,197
G_Matriarche,240.7,827,411,873,442
Pterophyllum_Scalare_BB,240.7,391,174,447,242
Pterophyllum_Scalare_BB,240.7,208,39,256,135
Ancistrus,240.7,478,545,572,589
Pterophyllum_Scalare_YWB,240.7,156,220,234,317
Pterophyllum_Scalare_B,240.7,968,557,1019,644
Pterophyllum_Scalare_Y,240.7,878,224,916,278
Botia_Almorhae,240.7,448,209,501,288
Corydoras_Albinos,240.7,855,623,923,654
Ancistrus,240.8,478,545,572,589
Pterophyllum_Scalare_B,240.8,970,558,1019,647
G_Matriarche,240.8,824,404,882,444
Pterophyllum_Scalare_YWB,240.8,156,220,234,317
Pterophyllum_Scalare_BB,240.8,389,173,447,242
Botia_Almorhae,240.8,449,207,500,289
Corydoras_Albinos,240.8,855,621,919,655
Botia_Almorhae,240.9,452,208,499,293
Ancistrus,240.9,478,545,572,588
Pterophyllum_Scalare_Y,240.9,876,222,921,283
Corydoras_Albinos,240.9,851,623,912,655
G_Matriarche,240.9,812,391,862,426
Pterophyllum_Scalare_BB,240.9,387,173,447,243
Pterophyllum_Scalare_YWB,240.9,155,221,232,318
Botia_Almorhae,241.0,451,207,498,290
Pterophyllum_Scalare_YWB,241.0,154,221,233,318
Pterophyllum_Scalare_BB,241.0,387,173,447,245
Corydoras_Albinos,241.0,848,624,913,656
Pterophyllum_Scalare_Y,241.0,877,221,922,284
G_Matriarche,241.0,796,375,849,414
Ancistrus,241.0,478,545,573,589
G_Matriarche,241.1,782,361,836,401
Pterophyllum_Scalare_BB,241.1,387,172,448,245
Botia_Almorhae,241.1,450,208,497,289
Corydoras_Albinos,241.1,847,625,914,658
Pterophyllum_Scalare_Y,241.1,877,219,926,281
Ancistrus,241.1,478,544,573,589
Pterophyllum_Scalare_YWB,241.1,154,222,233,319
Pterophyllum_Scalare_BB,241.2,387,171,449,247
Botia_Almorhae,241.2,444,209,497,284
Ancistrus,241.2,479,545,573,589
Pterophyllum_Scalare_YWB,241.2,152,223,231,319
G_Matriarche,241.2,766,346,829,389
Corydoras_Albinos,241.2,844,624,910,660
Botia_Almorhae,241.3,443,210,497,284
Pterophyllum_Scalare_BB,241.3,387,173,448,250
Pterophyllum_Scalare_YWB,241.3,148,224,228,318
G_Matriarche,241.3,752,334,812,377
Ancistrus,241.3,479,545,573,589
Corydoras_Albinos,241.3,843,625,909,662
Pterophyllum_Scalare_Y,241.3,882,221,928,283
Pterophyllum_Scalare_BB,241.4,386,175,448,251
G_Matriarche,241.4,741,325,799,363
Pterophyllum_Scalare_YWB,241.4,145,225,226,320
Botia_Almorhae,241.4,440,211,497,279
Corydoras_Albinos,241.4,842,627,912,664
Pterophyllum_Scalare_Y,241.4,881,221,932,281
Pterophyllum_Scalare_W,241.4,1006,133,1074,203
Ancistrus,241.4,479,544,573,589
Pterophyllum_Scalare_YWB,241.5,142,227,225,322
G_Matriarche,241.5,730,315,789,352
Botia_Almorhae,241.5,438,215,496,278
Ancistrus,241.5,478,544,573,589
Corydoras_Albinos,241.5,841,624,906,664
Pterophyllum_Scalare_BB,241.5,386,175,448,252
Pterophyllum_Scalare_Y,241.5,887,222,933,284
Pterophyllum_Scalare_BB,241.6,385,176,446,252
Pterophyllum_Scalare_W,241.6,1006,139,1073,205
G_Matriarche,241.6,721,306,786,344
Pterophyllum_Scalare_Y,241.6,893,222,936,278
Corydoras_Albinos,241.6,840,628,907,666
Botia_Almorhae,241.6,432,216,496,277
Ancistrus,241.6,478,544,573,589
Pterophyllum_Scalare_YWB,241.6,140,228,223,323
Pterophyllum_Scalare_W,241.7,1005,136,1074,205
Corydoras_Albinos,241.7,838,628,901,669
Ancistrus,241.7,478,544,573,589
Pterophyllum_Scalare_YWB,241.7,138,228,221,323
G_Matriarche,241.7,715,298,789,340
Pterophyllum_Scalare_Y,241.7,892,221,936,274
Botia_Almorhae,241.7,429,219,494,276
Pterophyllum_Scalare_BB,241.7,385,177,445,254
Botia_Almorhae,241.8,427,219,496,275
Ancistrus,241.8,478,544,573,589
G_Matriarche,241.8,702,285,775,331
Pterophyllum_Scalare_BB,241.8,384,179,445,255
Pterophyllum_Scalare_W,241.8,1006,133,1073,206
Pterophyllum_Scalare_YWB,241.8,136,228,220,324
Corydoras_Albinos,241.8,837,630,899,670
Corydoras_Albinos,241.9,835,630,896,673
G_Matriarche,241.9,691,274,765,324
Pterophyllum_Scalare_YWB,241.9,135,228,217,323
Ancistrus,241.9,478,545,572,589
Pterophyllum_Scalare_W,241.9,1008,132,1074,206
Botia_Almorhae,241.9,425,219,498,273
Pterophyllum_Scalare_BB,241.9,385,181,443,256
Botia_Almorhae,242.0,426,220,498,272
Corydoras_Albinos,242.0,836,630,891,677
Ancistrus,242.0,478,545,573,589
Pterophyllum_Scalare_BB,242.0,383,183,441,258
Pterophyllum_Scalare_W,242.0,1006,132,1074,207
G_Matriarche,242.0,681,263,761,318
Pterophyllum_Scalare_YWB,242.0,133,228,215,324
Pterophyllum_Scalare_YWB,242.1,132,229,214,324
Ancistrus,242.1,478,545,572,589
G_Matriarche,242.1,674,254,755,310
Pterophyllum_Scalare_BB,242.1,382,185,440,259
Corydoras_Albinos,242.1,827,636,891,684
Pterophyllum_Scalare_YWB,242.2,130,229,213,324
Ancistrus,242.2,478,545,572,588
Pterophyllum_Scalare_BB,242.2,381,187,439,259
Pterophyllum_Scalare_W,242.2,1002,131,1075,209
G_Matriarche,242.2,668,245,749,300
Corydoras_Albinos,242.2,824,638,888,686
Corydoras_Albinos,242.3,823,640,885,689
Pterophyllum_Scalare_W,242.3,1000,132,1074,210
Ancistrus,242.3,478,545,573,589
Pterophyllum_Scalare_YWB,242.3,128,229,212,325
G_Matriarche,242.3,663,238,747,291
Pterophyllum_Scalare_BB,242.3,381,187,439,260
Ancistrus,242.4,478,545,573,589
G_Matriarche,242.4,660,231,746,280
Pterophyllum_Scalare_BB,242.4,380,189,435,261
Corydoras_Albinos,242.4,821,644,886,694
Pterophyllum_Scalare_YWB,242.4,127,231,209,326
G_Matriarche,242.5,658,226,742,273
Pterophyllum_Scalare_BB,242.5,380,190,435,261
Ancistrus,242.5,478,545,573,589
Corydoras_Albinos,242.5,821,643,880,694
Pterophyllum_Scalare_YWB,242.5,126,231,208,328
Corydoras_Albinos,242.6,824,642,881,693
G_Matriarche,242.6,655,221,743,265
Ancistrus,242.6,478,545,573,589
Pterophyllum_Scalare_BB,242.6,379,190,433,260
Botia_Almorhae,242.6,461,229,503,310
Pterophyllum_Scalare_YWB,242.6,125,232,207,328
G_Matriarche,242.7,654,217,742,259
Pterophyllum_Scalare_Y,242.7,999,139,1074,216
Corydoras_Albinos,242.7,822,642,880,694
Pterophyllum_Scalare_YWB,242.7,125,232,206,327
Botia_Almorhae,242.7,466,226,503,309
Ancistrus,242.7,478,545,573,589
Pterophyllum_Scalare_BB,242.7,378,190,431,260
Pterophyllum_Scalare_YWB,242.8,123,233,205,328
Pterophyllum_Scalare_BB,242.8,377,191,429,261
Ancistrus,242.8,479,546,573,589
Pterophyllum_Scalare_W,242.8,1002,139,1076,218
Botia_Almorhae,242.8,461,227,501,311
G_Matriarche,242.8,652,214,737,253
Ancistrus,242.9,478,545,574,589
Pterophyllum_Scalare_YWB,242.9,122,234,204,328
Pterophyllum_Scalare_BB,242.9,377,192,428,263
Botia_Almorhae,242.9,469,228,500,314
G_Matriarche,242.9,653,211,730,246
Pterophyllum_Scalare_W,242.9,1001,140,1078,220
Pterophyllum_Scalare_YWB,243.0,121,234,202,328
Pterophyllum_Scalare_B,243.0,998,561,1065,632
G_Matriarche,243.0,653,208,716,240
Pterophyllum_Scalare_W,243.0,1003,143,1080,222
Pterophyllum_Scalare_BB,243.0,376,194,425,263
Ancistrus,243.0,478,545,574,589
Ancistrus,243.1,479,546,574,589
G_Matriarche,243.1,653,205,716,235
Pterophyllum_Scalare_B,243.1,998,558,1068,631
Pterophyllum_Scalare_YWB,243.1,120,234,201,327
Pterophyllum_Scalare_BB,243.1,374,194,424,265
Pterophyllum_Scalare_W,243.1,1003,144,1082,223
Pterophyllum_Scalare_W,243.2,1005,144,1084,223
Ancistrus,243.2,479,545,573,589
Pterophyllum_Scalare_B,243.2,998,553,1070,629
Botia_Almorhae,243.2,461,235,491,323
Pterophyllum_Scalare_YWB,243.2,120,235,200,328
G_Matriarche,243.2,654,203,715,233
Pterophyllum_Scalare_BB,243.2,373,195,423,267
Pterophyllum_Scalare_BB,243.3,372,197,420,267
Pterophyllum_Scalare_W,243.3,1007,145,1085,224
Pterophyllum_Scalare_B,243.3,1001,548,1071,628
Ancistrus,243.3,478,544,573,589
Botia_Almorhae,243.3,457,236,490,323
G_Matriarche,243.3,656,200,719,231
Pterophyllum_Scalare_YWB,243.3,119,235,199,328
Pterophyllum_Scalare_YWB,243.4,118,237,198,329
Pterophyllum_Scalare_B,243.4,1004,544,1071,626
Pterophyllum_Scalare_W,243.4,1008,145,1088,225
G_Matriarche,243.4,657,197,733,228
Ancistrus,243.4,478,544,573,589
Pterophyllum_Scalare_BB,243.4,370,197,417,268
Botia_Almorhae,243.4,456,241,489,322
Ancistrus,243.5,478,544,573,589
G_Matriarche,243.5,819,426,868,450
Pterophyllum_Scalare_B,243.5,1005,541,1071,624
Pterophyllum_Scalare_BB,243.5,368,198,416,267
Pterophyllum_Scalare_YWB,243.5,117,237,196,327
Pterophyllum_Scalare_W,243.5,1011,145,1092,226
G_Matriarche,243.5,659,195,734,225
Pterophyllum_Scalare_B,243.6,1005,540,1070,625
Botia_Almorhae,243.6,449,235,488,316
G_Matriarche,243.6,662,193,736,223
Pterophyllum_Scalare_YWB,243.6,116,238,195,327
Ancistrus,243.6,479,544,573,589
Pterophyllum_Scalare_W,243.6,1014,145,1096,225
Pterophyllum_Scalare_BB,243.6,368,199,412,265
Pterophyllum_Scalare_B,243.7,1004,539,1070,623
Ancistrus,243.7,478,545,573,589
G_Matriarche,243.7,652,188,735,221
Botia_Almorhae,243.7,456,235,486,324
Pterophyllum_Scalare_BB,243.7,368,198,409,263
Pterophyllum_Scalare_YWB,243.7,114,238,194,327
Pterophyllum_Scalare_W,243.7,1020,145,1100,226
Pterophyllum_Scalare_B,243.8,1009,539,1070,620
G_Matriarche,243.8,642,187,732,219
Pterophyllum_Scalare_W,243.8,1022,144,1103,226
Pterophyllum_Scalare_YWB,243.8,113,239,192,328
Pterophyllum_Scalare_BB,243.8,367,198,408,263
Ancistrus,243.8,479,545,573,589
Ancistrus,243.9,479,545,573,589
Pterophyllum_Scalare_B,243.9,1010,536,1070,620
Botia_Almorhae,243.9,444,244,485,330
Pterophyllum_Scalare_W,243.9,1024,144,1105,227
Pterophyllum_Scalare_YWB,243.9,112,239,190,327
G_Matriarche,243.9,633,184,716,216
Pterophyllum_Scalare_BB,243.9,366,198,408,264
Pterophyllum_Scalare_YWB,244.0,110,240,189,329
Pterophyllum_Scalare_BB,244.0,365,198,407,263
Pterophyllum_Scalare_W,244.0,1028,144,1106,226
G_Matriarche,244.0,626,181,710,216
Ancistrus,244.0,479,545,573,589
Pterophyllum_Scalare_B,244.0,1012,534,1069,618
Botia_Almorhae,244.0,445,253,484,335
G_Matriarche,244.1,620,180,705,215
Botia_Almorhae,244.1,447,253,482,336
Pterophyllum_Scalare_W,244.1,1031,145,1109,226
Pterophyllum_Scalare_B,244.1,1019,534,1069,617
Pterophyllum_Scalare_BB,244.1,364,199,406,264
Pterophyllum_Scalare_YWB,244.1,108,242,186,331
Ancistrus,244.1,478,545,573,589
Pterophyllum_Scalare_W,244.2,1033,146,1110,226
Ancistrus,244.2,479,544,572,589
G_Matriarche,244.2,834,415,874,438
G_Matriarche,244.2,615,177,698,215
Pterophyllum_Scalare_B,244.2,1014,535,1067,614
Pterophyllum_Scalare_YWB,244.2,106,243,183,333
Pterophyllum_Scalare_BB,244.2,365,201,404,266
Botia_Almorhae,244.2,435,253,479,335
Ancistrus,244.3,478,545,572,589
Pterophyllum_Scalare_BB,244.3,366,204,400,270
Pterophyllum_Scalare_W,244.3,1035,146,1111,226
Pterophyllum_Scalare_YWB,244.3,103,245,181,335
Pterophyllum_Scalare_B,244.3,1016,528,1062,612
G_Matriarche,244.3,609,174,693,212
Pterophyllum_Scalare_B,244.4,1024,523,1061,610
Ancistrus,244.4,478,545,572,589
Botia_Almorhae,244.4,439,252,477,336
Pterophyllum_Scalare_W,244.4,1037,147,1112,227
G_Matriarche,244.4,606,173,688,211
Pterophyllum_Scalare_YWB,244.4,101,245,178,336
Pterophyllum_Scalare_BB,244.4,363,204,401,271
Botia_Almorhae,244.5,437,252,476,337
Pterophyllum_Scalare_YWB,244.5,99,247,175,339
Pterophyllum_Scalare_W,244.5,1038,147,1114,226
G_Matriarche,244.5,604,172,685,211
Pterophyllum_Scalare_BB,244.5,362,207,400,273
Ancistrus,244.5,478,545,572,589
G_Matriarche,244.6,600,171,676,211
Pterophyllum_Scalare_W,244.6,1038,148,1114,227
Botia_Almorhae,244.6,438,252,473,342
Ancistrus,244.6,478,545,572,589
Pterophyllum_Scalare_YWB,244.6,97,248,172,341
Pterophyllum_Scalare_BB,244.6,361,207,399,274
Ancistrus,244.7,478,545,572,588
Pterophyllum_Scalare_W,244.7,1040,149,1116,227
Botia_Almorhae,244.7,433,253,471,340
G_Matriarche,244.7,594,169,670,207
Pterophyllum_Scalare_BB,244.7,362,211,396,276
Corydoras_Albinos,244.7,803,648,868,678
Pterophyllum_Scalare_YWB,244.7,95,249,169,342
Pterophyllum_Scalare_YWB,244.8,94,251,166,344
G_Matriarche,244.8,589,168,669,207
Pterophyllum_Scalare_BB,244.8,362,210,397,278
Corydoras_Albinos,244.8,804,646,867,676
Botia_Almorhae,244.8,436,255,467,345
Pterophyllum_Scalare_W,244.8,1043,150,1118,227
Ancistrus,244.8,479,545,571,588
Pterophyllum_Scalare_YWB,244.9,91,253,162,345
Pterophyllum_Scalare_BB,244.9,362,212,395,280
Corydoras_Albinos,244.9,804,645,871,674
G_Matriarche,244.9,587,166,662,206
Botia_Almorhae,244.9,430,257,465,347
Ancistrus,244.9,479,544,572,589
Pterophyllum_Scalare_W,244.9,1045,150,1120,228
G_Matriarche,245.0,585,165,657,204
Pterophyllum_Scalare_YWB,245.0,87,254,157,344
Ancistrus,245.0,479,544,572,589
Botia_Almorhae,245.0,427,260,465,347
Pterophyllum_Scalare_W,245.0,1046,151,1120,228
Pterophyllum_Scalare_BB,245.0,360,213,394,281
Corydoras_Albinos,245.1,798,641,873,673
Ancistrus,245.1,478,544,572,587
Pterophyllum_Scalare_BB,245.1,359,214,393,281
Pterophyllum_Scalare_B,245.1,1031,553,1063,618
G_Matriarche,245.1,584,165,655,203
Pterophyllum_Scalare_W,245.1,1047,150,1121,230
Pterophyllum_Scalare_YWB,245.1,84,254,152,345
Botia_Almorhae,245.1,419,260,464,346
Corydoras_Albinos,245.2,796,640,872,674
Botia_Almorhae,245.2,417,259,461,346
G_Matriarche,245.2,584,163,652,204
Pterophyllum_Scalare_B,245.2,1027,554,1064,621
Ancistrus,245.2,479,544,573,584
Pterophyllum_Scalare_YWB,245.2,83,255,149,344
Pterophyllum_Scalare_BB,245.2,357,214,391,283
Pterophyllum_Scalare_W,245.2,1050,149,1122,231
G_Matriarche,245.3,578,161,646,203
Pterophyllum_Scalare_BB,245.3,357,215,390,284
Pterophyllum_Scalare_YWB,245.3,80,255,145,345
Pterophyllum_Scalare_W,245.3,1051,149,1123,232
Pterophyllum_Scalare_B,245.3,1024,555,1063,621
Ancistrus,245.3,485,538,569,580
Botia_Almorhae,245.3,416,264,459,348
G_Matriarche,245.4,569,159,645,195
Pterophyllum_Scalare_B,245.4,1020,555,1066,624
Pterophyllum_Scalare_W,245.4,1052,148,1124,233
Botia_Almorhae,245.4,415,263,457,346
Pterophyllum_Scalare_BB,245.4,356,215,388,285
Pterophyllum_Scalare_YWB,245.4,78,256,142,347
Corydoras_Albinos,245.4,785,641,863,674
Corydoras_Albinos,245.5,717,629,766,658
G_Matriarche,245.5,561,156,650,193
Pterophyllum_Scalare_BB,245.5,356,215,388,286
Botia_Almorhae,245.5,415,263,456,345
Pterophyllum_Scalare_W,245.5,1052,148,1124,234
Pterophyllum_Scalare_YWB,245.5,76,257,139,347
Pterophyllum_Scalare_W,245.6,1053,147,1124,236
G_Matriarche,245.6,556,154,643,185
Pterophyllum_Scalare_YWB,245.6,511,519,547,579
Corydoras_Albinos,245.6,717,628,766,658
Pterophyllum_Scalare_YWB,245.6,75,257,136,349
Pterophyllum_Scalare_BB,245.6,355,217,386,287
Pterophyllum_Scalare_B,245.6,1011,544,1064,628
Pterophyllum_Scalare_W,245.7,1053,146,1125,238
Pterophyllum_Scalare_YWB,245.7,73,259,133,350
Pterophyllum_Scalare_BB,245.7,354,216,385,288
G_Matriarche,245.7,550,152,639,184
Pterophyllum_Scalare_B,245.7,1005,543,1063,631
Corydoras_Albinos,245.7,717,629,768,658
Corydoras_Albinos,245.8,717,629,768,658
Pterophyllum_Scalare_YWB,245.8,73,260,131,354
Pterophyllum_Scalare_B,245.8,1001,544,1059,631
G_Matriarche,245.8,547,147,633,182
Pterophyllum_Scalare_BB,245.8,352,217,384,289
Pterophyllum_Scalare_W,245.8,1055,148,1127,240
Botia_Almorhae,245.9,399,266,452,345
Pterophyllum_Scalare_BB,245.9,352,217,384,290
Pterophyllum_Scalare_YWB,245.9,72,261,130,355
Pterophyllum_Scalare_B,245.9,995,548,1055,633
G_Matriarche,245.9,534,145,615,178
Corydoras_Albinos,245.9,717,628,767,658
Pterophyllum_Scalare_W,245.9,1054,148,1128,241
Pterophyllum_Scalare_YWB,246.0,72,261,127,355
Pterophyllum_Scalare_BB,246.0,350,215,384,291
Pterophyllum_Scalare_W,246.0,1053,148,1128,243
Pterophyllum_Scalare_B,246.0,992,551,1053,634
Botia_Almorhae,246.0,397,268,451,349
G_Matriarche,246.0,522,142,603,175
Pterophyllum_Scalare_YWB,246.1,72,261,126,356
Pterophyllum_Scalare_W,246.1,1055,148,1129,244
Pterophyllum_Scalare_BB,246.1,347,217,384,293
Botia_Almorhae,246.1,391,270,451,349
Pterophyllum_Scalare_B,246.1,989,547,1051,635
G_Matriarche,246.1,508,140,592,174
Pterophyllum_Scalare_BB,246.2,346,219,383,294
Botia_Almorhae,246.2,396,270,448,353
G_Matriarche,246.2,497,137,581,171
Pterophyllum_Scalare_B,246.2,986,547,1051,637
Pterophyllum_Scalare_YWB,246.2,72,263,124,356
Pterophyllum_Scalare_W,246.2,1055,149,1130,246
Pterophyllum_Scalare_W,246.3,1054,151,1130,249
Botia_Almorhae,246.3,387,273,448,347
G_Matriarche,246.3,485,137,573,169
Pterophyllum_Scalare_BB,246.3,345,222,382,294
Pterophyllum_Scalare_YWB,246.3,72,264,123,358
Pterophyllum_Scalare_B,246.4,981,560,1043,643
G_Matriarche,246.4,472,136,555,172
Pterophyllum_Scalare_W,246.4,1056,153,1130,251
Pterophyllum_Scalare_YWB,246.4,73,263,123,356
Pterophyllum_Scalare_BB,246.4,344,222,380,294
Botia_Almorhae,246.4,380,272,446,350
G_Matriarche,246.5,450,139,539,170
Pterophyllum_Scalare_YWB,246.5,73,264,121,357
Pterophyllum_Scalare_BB,246.5,344,223,379,294
Botia_Almorhae,246.5,382,275,447,353
Pterophyllum_Scalare_W,246.5,1055,156,1129,254
G_Matriarche,246.6,430,139,519,175
Pterophyllum_Scalare_YWB,246.6,73,264,121,357
Pterophyllum_Scalare_B,246.6,977,559,1041,646
Botia_Almorhae,246.6,374,276,444,355
Pterophyllum_Scalare_W,246.6,1054,160,1128,256
Pterophyllum_Scalare_BB,246.6,343,223,379,296
Pterophyllum_Scalare_W,246.7,1054,163,1129,261
Pterophyllum_Scalare_BB,246.7,342,224,378,297
Pterophyllum_Scalare_B,246.7,977,558,1040,649
G_Matriarche,246.7,920,426,964,447
G_Matriarche,246.7,413,136,505,177
Pterophyllum_Scalare_YWB,246.7,73,263,122,356
Botia_Almorhae,246.7,388,276,440,359
Pterophyllum_Scalare_W,246.8,1057,165,1130,264
Pterophyllum_Scalare_YWB,246.8,73,262,120,355
Botia_Almorhae,246.8,377,281,440,362
Pterophyllum_Scalare_BB,246.8,341,227,377,301
Pterophyllum_Scalare_B,246.8,978,558,1035,646
G_Matriarche,246.8,920,424,959,445
G_Matriarche,246.8,400,134,491,177
Pterophyllum_Scalare_W,246.9,1059,168,1131,266
G_Matriarche,246.9,388,133,478,175
Pterophyllum_Scalare_YWB,246.9,73,262,120,356
Botia_Almorhae,246.9,376,283,438,362
G_Matriarche,246.9,912,419,954,441
Pterophyllum_Scalare_BB,246.9,340,227,376,303
Botia_Almorhae,247.0,387,285,436,366
G_Matriarche,247.0,379,130,467,173
Pterophyllum_Scalare_YWB,247.0,73,262,120,356
Pterophyllum_Scalare_W,247.0,1061,171,1133,267
Pterophyllum_Scalare_BB,247.0,340,228,375,305
G_Matriarche,247.1,372,128,456,171
Pterophyllum_Scalare_YWB,247.1,73,262,118,355
Botia_Almorhae,247.1,385,287,436,367
Pterophyllum_Scalare_W,247.1,1064,173,1135,270
Pterophyllum_Scalare_BB,247.1,339,233,374,306
Pterophyllum_Scalare_BB,247.2,339,229,375,307
Pterophyllum_Scalare_YWB,247.2,73,262,118,356
G_Matriarche,247.2,365,124,448,170
Botia_Almorhae,247.2,385,290,437,368
Pterophyllum_Scalare_W,247.2,1067,175,1137,272
Pterophyllum_Scalare_B,247.3,966,562,1023,652
Pterophyllum_Scalare_W,247.3,1069,178,1140,274
Botia_Almorhae,247.3,380,298,438,367
Pterophyllum_Scalare_YWB,247.3,73,263,119,356
Pterophyllum_Scalare_BB,247.3,338,230,375,308
G_Matriarche,247.3,361,121,440,168
Pterophyllum_Scalare_YWB,247.4,73,262,117,356
G_Matriarche,247.4,357,116,434,165
Pterophyllum_Scalare_W,247.4,1072,181,1142,276
Pterophyllum_Scalare_B,247.4,964,563,1023,654
Pterophyllum_Scalare_BB,247.4,338,232,374,309
Pterophyllum_Scalare_Y,247.4,951,250,987,322
Botia_Almorhae,247.4,367,290,444,361
Pterophyllum_Scalare_Y,247.5,949,251,985,322
Pterophyllum_Scalare_W,247.5,1075,184,1145,279
Pterophyllum_Scalare_BB,247.5,338,233,374,311
Pterophyllum_Scalare_YWB,247.5,73,262,116,356
G_Matriarche,247.5,352,110,431,163
G_Matriarche,247.6,346,111,430,161
Pterophyllum_Scalare_B,247.6,962,564,1023,656
Pterophyllum_Scalare_W,247.6,1080,187,1147,281
Pterophyllum_Scalare_BB,247.6,338,235,374,312
Pterophyllum_Scalare_YWB,247.6,73,263,116,356
Pterophyllum_Scalare_Y,247.6,946,257,986,325
Pterophyllum_Scalare_YWB,247.7,73,263,117,356
Pterophyllum_Scalare_B,247.7,962,564,1023,656
G_Matriarche,247.7,342,110,425,158
Pterophyllum_Scalare_Y,247.7,944,257,985,327
Pterophyllum_Scalare_W,247.7,1081,191,1149,283
Pterophyllum_Scalare_BB,247.7,339,235,374,312
Botia_Almorhae,247.7,412,278,473,351
Pterophyllum_Scalare_YWB,247.8,73,263,116,355
Pterophyllum_Scalare_BB,247.8,339,236,375,314
Pterophyllum_Scalare_W,247.8,1084,193,1151,285
G_Matriarche,247.8,338,108,422,156
Botia_Almorhae,247.8,428,275,475,355
Pterophyllum_Scalare_Y,247.8,942,256,985,329
Pterophyllum_Scalare_YWB,247.9,72,263,117,354
Pterophyllum_Scalare_Y,247.9,939,262,984,328
Pterophyllum_Scalare_BB,247.9,338,237,375,316
G_Matriarche,247.9,336,107,419,154
Pterophyllum_Scalare_W,247.9,1087,197,1153,286
Botia_Almorhae,247.9,436,277,475,362
Pterophyllum_Scalare_BB,248.0,337,238,375,316
G_Matriarche,248.0,333,106,415,154
Pterophyllum_Scalare_W,248.0,1090,200,1155,287
Pterophyllum_Scalare_YWB,248.0,72,264,119,355
Pterophyllum_Scalare_Y,248.0,938,266,981,330
Pterophyllum_Scalare_YWB,248.1,72,265,119,354
Pterophyllum_Scalare_Y,248.1,936,267,979,331
Pterophyllum_Scalare_BB,248.1,337,239,375,317
G_Matriarche,248.1,330,106,415,152
Pterophyllum_Scalare_W,248.1,1093,201,1157,289
Pterophyllum_Scalare_Y,248.2,933,267,977,336
Pterophyllum_Scalare_BB,248.2,336,240,375,318
Pterophyllum_Scalare_B,248.2,962,563,1030,655
Pterophyllum_Scalare_W,248.2,1096,204,1159,291
G_Matriarche,248.2,326,106,419,150
Botia_Almorhae,248.2,444,283,473,373
Pterophyllum_Scalare_YWB,248.2,72,264,118,354
G_Matriarche,248.3,324,106,402,150
Pterophyllum_Scalare_Y,248.3,930,269,977,336
Pterophyllum_Scalare_BB,248.3,336,240,375,319
Pterophyllum_Scalare_YWB,248.3,72,264,118,353
Pterophyllum_Scalare_W,248.3,1099,206,1161,294
Pterophyllum_Scalare_BB,248.4,335,241,375,319
G_Matriarche,248.4,321,107,400,149
Pterophyllum_Scalare_YWB,248.4,72,264,119,351
Botia_Almorhae,248.4,436,279,468,365
Pterophyllum_Scalare_W,248.4,1102,209,1163,296
Pterophyllum_Scalare_Y,248.4,929,266,973,335
Pterophyllum_Scalare_YWB,248.5,72,263,118,350
Pterophyllum_Scalare_W,248.5,1104,211,1164,299
Pterophyllum_Scalare_Y,248.5,926,274,970,336
Botia_Almorhae,248.5,434,280,461,369
Pterophyllum_Scalare_B,248.5,962,565,1032,655
G_Matriarche,248.5,319,107,397,149
Pterophyllum_Scalare_BB,248.5,334,242,374,319
Pterophyllum_Scalare_W,248.6,1107,213,1166,302
Pterophyllum_Scalare_BB,248.6,334,242,374,320
Pterophyllum_Scalare_Y,248.6,926,277,970,340
Botia_Almorhae,248.6,426,278,460,360
G_Matriarche,248.6,315,107,394,148
Pterophyllum_Scalare_YWB,248.6,72,261,119,349
Botia_Almorhae,248.7,424,273,458,343
G_Matriarche,248.7,312,108,392,148
Pterophyllum_Scalare_Y,248.7,923,274,962,340
Pterophyllum_Scalare_W,248.7,1109,215,1167,304
Pterophyllum_Scalare_YWB,248.7,72,261,118,348
Pterophyllum_Scalare_BB,248.7,333,242,374,321
Botia_Almorhae,248.8,420,272,455,359
Pterophyllum_Scalare_BB,248.8,332,242,374,323
Pterophyllum_Scalare_YWB,248.8,72,259,117,348
Pterophyllum_Scalare_W,248.8,1112,217,1168,306
Pterophyllum_Scalare_Y,248.8,921,281,962,344
G_Matriarche,248.8,310,109,390,150
Pterophyllum_Scalare_W,248.9,1114,220,1170,308
Pterophyllum_Scalare_BB,248.9,331,244,374,323
G_Matriarche,248.9,306,110,386,151
Botia_Almorhae,248.9,404,268,454,352
Pterophyllum_Scalare_YWB,248.9,72,259,118,350
Pterophyllum_Scalare_Y,249.0,919,284,956,345
Pterophyllum_Scalare_BB,249.0,331,244,373,323
Pterophyllum_Scalare_YWB,249.0,72,259,118,352
Botia_Almorhae,249.0,402,269,447,360
G_Matriarche,249.0,302,110,381,153
Pterophyllum_Scalare_W,249.0,1115,222,1171,309
Pterophyllum_Scalare_BB,249.1,331,245,374,326
Pterophyllum_Scalare_YWB,249.1,72,258,117,351
G_Matriarche,249.1,299,112,382,156
Botia_Almorhae,249.1,400,275,446,338
Pterophyllum_Scalare_Y,249.1,915,285,951,350
Pterophyllum_Scalare_W,249.1,1118,224,1172,311
Pterophyllum_Scalare_Y,249.2,913,293,953,352
Botia_Almorhae,249.2,393,273,443,359
Pterophyllum_Scalare_YWB,249.2,72,258,118,353
Pterophyllum_Scalare_W,249.2,1119,226,1173,313
G_Matriarche,249.2,295,114,381,158
Pterophyllum_Scalare_BB,249.2,331,245,374,326
Pterophyllum_Scalare_B,249.2,438,500,495,562
Botia_Almorhae,249.3,394,274,440,363
Pterophyllum_Scalare_B,249.3,437,500,495,562
G_Matriarche,249.3,292,114,378,160
Pterophyllum_Scalare_W,249.3,1120,227,1174,314
Pterophyllum_Scalare_BB,249.3,331,246,374,327
Pterophyllum_Scalare_YWB,249.3,72,258,117,352
Pterophyllum_Scalare_Y,249.3,909,294,945,356
Pterophyllum_Scalare_Y,249.4,907,297,948,357
Pterophyllum_Scalare_BB,249.4,330,248,374,327
Pterophyllum_Scalare_YWB,249.4,72,256,116,350
G_Matriarche,249.4,290,115,375,161
Botia_Almorhae,249.4,387,277,437,360
Pterophyllum_Scalare_W,249.4,1121,229,1175,316
Pterophyllum_Scalare_BB,249.5,329,249,373,327
Botia_Almorhae,249.5,381,279,436,362
Pterophyllum_Scalare_YWB,249.5,71,255,116,350
Pterophyllum_Scalare_W,249.5,1122,230,1176,318
G_Matriarche,249.5,287,116,373,162
Pterophyllum_Scalare_W,249.5,902,569,930,605
Pterophyllum_Scalare_BB,249.6,327,250,373,328
Botia_Almorhae,249.6,377,279,432,365
G_Matriarche,249.6,284,116,371,163
Pterophyllum_Scalare_YWB,249.6,71,256,117,350
Pterophyllum_Scalare_W,249.6,1123,232,1177,320
Pterophyllum_Scalare_Y,249.6,901,298,940,362
Pterophyllum_Scalare_Y,249.7,901,301,939,362
Pterophyllum_Scalare_BB,249.7,326,251,373,328
Pterophyllum_Scalare_W,249.7,1125,233,1177,321
Botia_Almorhae,249.7,377,281,428,368
Pterophyllum_Scalare_YWB,249.7,71,255,115,350
G_Matriarche,249.7,281,116,370,163
G_Matriarche,249.8,280,115,369,163
Pterophyllum_Scalare_YWB,249.8,71,255,114,350
Botia_Almorhae,249.8,382,281,424,367
Pterophyllum_Scalare_BB,249.8,324,251,372,330
Pterophyllum_Scalare_Y,249.8,896,298,937,362
Pterophyllum_Scalare_W,249.8,1126,234,1178,322
Pterophyllum_Scalare_W,249.9,1127,236,1177,322
Pterophyllum_Scalare_Y,249.9,896,305,936,364
Pterophyllum_Scalare_YWB,249.9,71,256,117,352
Pterophyllum_Scalare_BB,249.9,323,252,372,331
Botia_Almorhae,249.9,378,281,423,371
G_Matriarche,249.9,279,113,368,163
Pterophyllum_Scalare_W,250.0,1128,237,1178,323
Botia_Almorhae,250.0,368,289,422,371
Pterophyllum_Scalare_YWB,250.0,72,256,114,351
Pterophyllum_Scalare_BB,250.0,322,253,372,330
Pterophyllum_Scalare_Y,250.0,895,300,934,365
G_Matriarche,250.0,278,111,361,163
Botia_Almorhae,250.1,368,288,420,366
Pterophyllum_Scalare_Y,250.1,892,306,928,365
Pterophyllum_Scalare_BB,250.1,321,254,372,330
Pterophyllum_Scalare_W,250.1,1130,237,1178,323
G_Matriarche,250.1,276,109,360,163
Pterophyllum_Scalare_YWB,250.1,72,256,113,351
Pterophyllum_Scalare_BB,250.2,319,254,371,332
G_Matriarche,250.2,276,108,358,163
Pterophyllum_Scalare_YWB,250.2,72,258,116,352
Pterophyllum_Scalare_W,250.2,1131,238,1178,323
Pterophyllum_Scalare_Y,250.2,369,295,422,372
Pterophyllum_Scalare_W,250.3,1131,238,1178,323
G_Matriarche,250.3,274,108,357,160
Pterophyllum_Scalare_BB,250.3,318,255,371,331
Botia_Almorhae,250.3,372,285,430,355
Pterophyllum_Scalare_YWB,250.3,72,257,116,352
G_Matriarche,250.4,269,107,353,156
Pterophyllum_Scalare_YWB,250.4,72,258,114,352
Pterophyllum_Scalare_BB,250.4,317,255,371,332
Pterophyllum_Scalare_W,250.4,1132,238,1178,324
Pterophyllum_Scalare_Y,250.4,887,311,916,368
Botia_Almorhae,250.4,371,276,435,350
G_Matriarche,250.5,265,107,348,153
Pterophyllum_Scalare_B,250.5,910,582,977,662
Pterophyllum_Scalare_YWB,250.5,72,259,116,353
Pterophyllum_Scalare_W,250.5,1133,239,1179,323
Botia_Almorhae,250.5,372,275,440,349
Pterophyllum_Scalare_BB,250.5,316,256,371,333
Pterophyllum_Scalare_YWB,250.6,72,261,118,353
Corydoras_Panda,250.6,852,525,888,551
Pterophyllum_Scalare_Y,250.6,880,309,912,368
G_Matriarche,250.6,262,107,349,150
Botia_Almorhae,250.6,379,274,440,345
Pterophyllum_Scalare_B,250.6,909,570,978,660
Pterophyllum_Scalare_W,250.6,1133,239,1179,323
Pterophyllum_Scalare_BB,250.6,315,256,372,333
Pterophyllum_Scalare_YWB,250.7,72,260,116,355
Botia_Almorhae,250.7,373,275,440,347
Corydoras_Panda,250.7,845,521,889,549
Pterophyllum_Scalare_W,250.7,1134,238,1179,323
G_Matriarche,250.7,259,107,346,147
Pterophyllum_Scalare_BB,250.7,314,256,372,333
Pterophyllum_Scalare_B,250.7,906,568,977,657
Pterophyllum_Scalare_Y,250.7,878,307,910,373
G_Matriarche,250.8,255,107,341,144
Pterophyllum_Scalare_YWB,250.8,72,260,115,355
Pterophyllum_Scalare_B,250.8,903,571,977,655
Pterophyllum_Scalare_W,250.8,1134,238,1180,324
Corydoras_Panda,250.8,841,518,890,546
Pterophyllum_Scalare_Y,250.8,876,308,911,377
Botia_Almorhae,250.8,370,277,437,353
Pterophyllum_Scalare_BB,250.8,315,256,372,334
Pterophyllum_Scalare_BB,250.9,315,256,373,336
Botia_Almorhae,250.9,374,277,432,358
Pterophyllum_Scalare_W,250.9,1135,238,1180,323
Corydoras_Panda,250.9,834,517,886,546
Pterophyllum_Scalare_YWB,250.9,73,262,115,355
Pterophyllum_Scalare_B,250.9,900,573,972,652
G_Matriarche,250.9,252,107,335,141
Pterophyllum_Scalare_Y,250.9,872,310,911,377
Pterophyllum_Scalare_YWB,251.0,74,262,118,356
Pterophyllum_Scalare_BB,251.0,315,256,372,337
Pterophyllum_Scalare_W,251.0,1136,239,1180,323
Pterophyllum_Scalare_B,251.0,896,569,965,649
Botia_Almorhae,251.0,369,279,429,360
G_Matriarche,251.0,248,107,334,142
Pterophyllum_Scalare_Y,251.0,870,308,909,383
Corydoras_Panda,251.0,835,517,884,545
Pterophyllum_Scalare_BB,251.1,315,256,371,337
Pterophyllum_Scalare_Y,251.1,869,307,905,380
Pterophyllum_Scalare_YWB,251.1,75,262,119,357
G_Matriarche,251.1,246,106,329,146
Corydoras_Panda,251.1,832,514,874,543
Pterophyllum_Scalare_W,251.1,1136,238,1180,323
Botia_Almorhae,251.1,366,280,429,354
Pterophyllum_Scalare_YWB,251.2,76,262,118,357
Pterophyllum_Scalare_BB,251.2,315,257,371,339
G_Matriarche,251.2,244,106,325,150
Botia_Almorhae,251.2,363,278,429,355
Pterophyllum_Scalare_Y,251.2,867,309,901,374
Pterophyllum_Scalare_B,251.2,898,556,958,635
Pterophyllum_Scalare_W,251.2,1138,238,1180,323
Pterophyllum_Scalare_BB,251.3,315,258,370,339
G_Matriarche,251.3,242,108,322,153
Pterophyllum_Scalare_W,251.3,1138,238,1180,323
Botia_Almorhae,251.3,363,277,428,358
Pterophyllum_Scalare_YWB,251.3,76,262,118,356
Pterophyllum_Scalare_B,251.3,898,550,958,625
Pterophyllum_Scalare_Y,251.3,865,311,894,377
Pterophyllum_Scalare_YWB,251.4,78,260,117,357
G_Matriarche,251.4,240,108,319,156
Botia_Almorhae,251.4,363,280,426,359
Pterophyllum_Scalare_W,251.4,1138,239,1180,323
Pterophyllum_Scalare_B,251.4,899,548,962,632
Pterophyllum_Scalare_Y,251.4,864,311,894,381
Pterophyllum_Scalare_BB,251.4,316,259,371,339
Pterophyllum_Scalare_YWB,251.5,78,260,117,357
Pterophyllum_Scalare_BB,251.5,316,260,370,340
Botia_Almorhae,251.5,363,281,427,360
Pterophyllum_Scalare_Y,251.5,863,311,892,378
G_Matriarche,251.5,238,111,316,160
Pterophyllum_Scalare_B,251.5,900,552,964,632
Corydoras_Panda,251.5,810,502,862,536
Pterophyllum_Scalare_W,251.5,1138,239,1181,323
Pterophyllum_Scalare_BB,251.6,316,261,370,341
Pterophyllum_Scalare_YWB,251.6,78,260,117,356
Pterophyllum_Scalare_W,251.6,1139,238,1181,322
G_Matriarche,251.6,237,115,312,164
Pterophyllum_Scalare_Y,251.6,862,310,892,378
Botia_Almorhae,251.6,357,281,427,357
Pterophyllum_Scalare_B,251.6,901,539,971,636
Corydoras_Panda,251.6,804,493,858,536
G_Matriarche,251.7,236,117,307,168
Pterophyllum_Scalare_W,251.7,1139,238,1181,322
Pterophyllum_Scalare_BB,251.7,317,262,370,343
Pterophyllum_Scalare_Y,251.7,862,309,890,374
Botia_Almorhae,251.7,357,281,425,358
Pterophyllum_Scalare_B,251.7,902,535,973,635
Corydoras_Panda,251.7,799,488,847,526
Pterophyllum_Scalare_YWB,251.7,79,258,116,356
Pterophyllum_Scalare_Y,251.8,861,309,889,374
G_Matriarche,251.8,235,119,304,171
Botia_Almorhae,251.8,357,281,424,357
Pterophyllum_Scalare_B,251.8,903,532,975,634
Pterophyllum_Scalare_BB,251.8,318,265,370,347
Pterophyllum_Scalare_W,251.8,1140,238,1180,322
Pterophyllum_Scalare_YWB,251.8,79,260,115,358
Pterophyllum_Scalare_YWB,251.9,79,256,115,358
Botia_Almorhae,251.9,355,282,423,355
Pterophyllum_Scalare_BB,251.9,318,267,369,349
Pterophyllum_Scalare_B,251.9,905,533,974,634
Pterophyllum_Scalare_Y,251.9,861,307,889,378
Pterophyllum_Scalare_W,251.9,1140,238,1180,321
G_Matriarche,251.9,233,122,301,176
Pterophyllum_Scalare_BB,252.0,320,270,368,352
Botia_Almorhae,252.0,356,284,422,358
Pterophyllum_Scalare_B,252.0,908,532,978,636
G_Matriarche,252.0,232,125,300,178
Pterophyllum_Scalare_W,252.0,1140,238,1179,321
Pterophyllum_Scalare_YWB,252.0,81,256,114,361
Pterophyllum_Scalare_Y,252.0,861,307,887,373
Pterophyllum_Scalare_B,252.1,909,533,980,638
Pterophyllum_Scalare_BB,252.1,321,272,367,353
G_Matriarche,252.1,230,128,299,182
Pterophyllum_Scalare_Y,252.1,861,304,888,369
Pterophyllum_Scalare_YWB,252.1,81,257,114,362
Pterophyllum_Scalare_W,252.1,1140,238,1179,320
Botia_Almorhae,252.1,355,285,421,363
Pterophyllum_Scalare_B,252.2,909,532,980,638
G_Matriarche,252.2,230,133,297,185
Botia_Almorhae,252.2,356,287,421,363
Pterophyllum_Scalare_W,252.2,1141,238,1178,320
Pterophyllum_Scalare_YWB,252.2,82,258,114,363
Pterophyllum_Scalare_Y,252.2,861,305,887,368
Pterophyllum_Scalare_BB,252.2,323,273,368,355
Pterophyllum_Scalare_W,252.3,1141,237,1178,321
Botia_Almorhae,252.3,358,288,421,362
Pterophyllum_Scalare_Y,252.3,860,302,887,364
Pterophyllum_Scalare_B,252.3,907,533,981,638
Pterophyllum_Scalare_YWB,252.3,82,259,113,364
Pterophyllum_Scalare_BB,252.3,324,275,369,355
G_Matriarche,252.3,230,138,296,187
G_Matriarche,252.4,230,140,296,189
Pterophyllum_Scalare_W,252.4,1140,237,1178,320
Pterophyllum_Scalare_Y,252.4,862,300,886,364
Pterophyllum_Scalare_YWB,252.4,82,260,113,368
Botia_Almorhae,252.4,355,289,420,367
Pterophyllum_Scalare_B,252.4,906,529,983,639
Pterophyllum_Scalare_BB,252.4,326,276,370,356
G_Matriarche,252.5,230,145,296,191
Pterophyllum_Scalare_Y,252.5,862,297,887,362
Pterophyllum_Scalare_BB,252.5,328,277,370,358
Pterophyllum_Scalare_YWB,252.5,82,262,113,367
Pterophyllum_Scalare_B,252.5,905,529,983,639
Botia_Almorhae,252.5,357,291,420,365
Pterophyllum_Scalare_W,252.5,1141,238,1178,320
Botia_Almorhae,252.6,354,292,421,365
Pterophyllum_Scalare_Y,252.6,863,296,888,359
G_Matriarche,252.6,231,150,295,193
Pterophyllum_Scalare_YWB,252.6,83,264,112,367
Pterophyllum_Scalare_W,252.6,1140,237,1177,318
Pterophyllum_Scalare_BB,252.6,329,279,372,361
Pterophyllum_Scalare_B,252.6,905,530,984,643
Pterophyllum_Scalare_Y,252.7,864,295,887,341
Pterophyllum_Scalare_BB,252.7,328,281,372,364
Pterophyllum_Scalare_YWB,252.7,83,264,112,369
Botia_Almorhae,252.7,353,291,419,366
G_Matriarche,252.7,231,153,298,195
Pterophyllum_Scalare_B,252.7,906,531,983,642
Pterophyllum_Scalare_W,252.7,1140,238,1177,318
G_Matriarche,252.8,231,157,299,197
Pterophyllum_Scalare_YWB,252.8,83,265,111,369
Pterophyllum_Scalare_BB,252.8,328,283,369,360
Botia_Almorhae,252.8,354,293,419,369
Pterophyllum_Scalare_W,252.8,1140,238,1177,317
Pterophyllum_Scalare_B,252.8,904,546,982,644
Pterophyllum_Scalare_BB,252.9,330,286,366,356
Botia_Almorhae,252.9,354,295,420,368
Pterophyllum_Scalare_W,252.9,1140,238,1177,316
G_Matriarche,252.9,232,162,299,199
Pterophyllum_Scalare_YWB,252.9,83,267,111,369
Pterophyllum_Scalare_B,252.9,905,546,980,647
Pterophyllum_Scalare_YWB,253.0,82,267,111,370
Pterophyllum_Scalare_BB,253.0,332,288,366,356
Botia_Almorhae,253.0,355,295,419,372
Pterophyllum_Scalare_W,253.0,1141,238,1176,314
G_Matriarche,253.0,233,164,301,201
Pterophyllum_Scalare_B,253.0,904,562,978,648
Pterophyllum_Scalare_BB,253.1,335,289,365,351
Pterophyllum_Scalare_W,253.1,1141,238,1176,315
G_Matriarche,253.1,233,166,302,203
Botia_Almorhae,253.1,348,296,420,371
Pterophyllum_Scalare_Y,253.1,865,286,891,356
Pterophyllum_Scalare_YWB,253.1,82,270,111,370
Botia_Almorhae,253.2,348,298,419,372
Pterophyllum_Scalare_B,253.2,901,572,974,651
Pterophyllum_Scalare_BB,253.2,337,289,365,353
Pterophyllum_Scalare_YWB,253.2,82,268,110,369
Pterophyllum_Scalare_W,253.2,1142,238,1176,312
G_Matriarche,253.2,235,168,300,205
Pterophyllum_Scalare_B,253.3,902,572,974,651
G_Matriarche,253.3,235,169,304,206
Pterophyllum_Scalare_W,253.3,1143,238,1176,312
Pterophyllum_Scalare_Y,253.3,866,285,893,352
Botia_Almorhae,253.3,349,299,419,375
Pterophyllum_Scalare_YWB,253.3,81,270,110,371
Pterophyllum_Scalare_BB,253.3,338,289,365,351
G_Matriarche,253.4,236,170,300,206
Botia_Almorhae,253.4,351,300,418,374
Pterophyllum_Scalare_BB,253.4,339,293,367,347
Pterophyllum_Scalare_B,253.4,901,573,974,651
Pterophyllum_Scalare_W,253.4,1143,237,1176,310
Pterophyllum_Scalare_YWB,253.4,82,271,109,371
Pterophyllum_Scalare_Y,253.4,866,282,893,353
Pterophyllum_Scalare_YWB,253.5,82,273,108,371
G_Matriarche,253.5,235,169,302,208
Pterophyllum_Scalare_Y,253.5,866,284,893,364
Botia_Almorhae,253.5,348,299,419,374
Pterophyllum_Scalare_B,253.5,900,573,969,654
Pterophyllum_Scalare_W,253.5,1144,237,1176,312
Pterophyllum_Scalare_YWB,253.6,82,272,108,370
Pterophyllum_Scalare_B,253.6,898,573,971,656
Pterophyllum_Scalare_Y,253.6,868,284,895,352
G_Matriarche,253.6,234,171,298,210
Pterophyllum_Scalare_W,253.6,1145,237,1175,309
Botia_Almorhae,253.6,348,304,419,374
Pterophyllum_Scalare_W,253.7,1146,237,1175,312
Botia_Almorhae,253.7,348,305,419,375
Pterophyllum_Scalare_B,253.7,898,570,970,657
Pterophyllum_Scalare_YWB,253.7,82,270,108,371
Pterophyllum_Scalare_Y,253.7,869,283,895,354
G_Matriarche,253.7,233,171,303,217
G_Matriarche,253.8,231,174,298,221
Pterophyllum_Scalare_Y,253.8,871,283,899,355
Pterophyllum_Scalare_B,253.8,898,569,970,658
Pterophyllum_Scalare_BB,253.8,341,295,374,349
Botia_Almorhae,253.8,351,305,417,378
Pterophyllum_Scalare_YWB,253.8,82,273,107,371
Pterophyllum_Scalare_W,253.8,1147,237,1175,313
Pterophyllum_Scalare_W,253.9,1149,237,1175,312
Pterophyllum_Scalare_B,253.9,897,569,971,658
Pterophyllum_Scalare_BB,253.9,342,296,375,348
G_Matriarche,253.9,230,177,298,227
Botia_Almorhae,253.9,348,306,415,378
Pterophyllum_Scalare_YWB,253.9,82,274,107,371
Botia_Almorhae,254.0,343,309,415,379
G_Matriarche,254.0,228,180,296,232
Pterophyllum_Scalare_B,254.0,897,569,972,659
Pterophyllum_Scalare_W,254.0,1150,235,1174,308
Pterophyllum_Scalare_YWB,254.0,81,274,107,371
Corydoras_Albinos,254.0,715,627,764,660
Pterophyllum_Scalare_BB,254.0,341,296,377,350
Pterophyllum_Scalare_YWB,254.1,82,275,107,368
G_Matriarche,254.1,226,186,293,237
Corydoras_Albinos,254.1,717,629,766,658
Pterophyllum_Scalare_W,254.1,1152,237,1172,294
Pterophyllum_Scalare_B,254.1,897,567,974,659
Botia_Almorhae,254.1,347,310,414,382
Pterophyllum_Scalare_Y,254.1,871,281,897,343
Pterophyllum_Scalare_YWB,254.2,82,275,106,370
Pterophyllum_Scalare_B,254.2,897,566,975,660
Botia_Almorhae,254.2,343,308,415,385
Pterophyllum_Scalare_W,254.2,1152,237,1171,285
G_Matriarche,254.2,221,193,292,242
Pterophyllum_Scalare_BB,254.2,340,295,379,351
Pterophyllum_Scalare_BB,254.2,340,295,379,381
Pterophyllum_Scalare_Y,254.2,871,284,897,342
Pterophyllum_Scalare_Y,254.3,871,283,899,347
Pterophyllum_Scalare_BB,254.3,339,295,380,357
Pterophyllum_Scalare_BB,254.3,339,295,380,396
Pterophyllum_Scalare_B,254.3,897,566,973,661
Botia_Almorhae,254.3,340,312,415,386
Pterophyllum_Scalare_YWB,254.3,82,275,105,372
G_Matriarche,254.3,217,196,287,245
Pterophyllum_Scalare_W,254.3,1153,238,1173,304
Pterophyllum_Scalare_W,254.4,1153,240,1174,301
Pterophyllum_Scalare_Y,254.4,872,285,902,352
G_Matriarche,254.4,212,202,285,251
Pterophyllum_Scalare_YWB,254.4,83,276,105,372
Pterophyllum_Scalare_B,254.4,897,567,974,662
Pterophyllum_Scalare_BB,254.4,338,295,381,382
Botia_Almorhae,254.4,339,313,416,386
Pterophyllum_Scalare_BB,254.5,338,296,380,383
Pterophyllum_Scalare_W,254.5,1153,242,1175,306
Botia_Almorhae,254.5,340,314,415,385
Pterophyllum_Scalare_Y,254.5,872,285,900,345
G_Matriarche,254.5,211,204,281,254
Pterophyllum_Scalare_YWB,254.5,83,277,105,373
Pterophyllum_Scalare_YWB,254.6,83,278,105,372
G_Matriarche,254.6,206,213,276,258
Botia_Almorhae,254.6,335,315,414,385
Pterophyllum_Scalare_W,254.6,1153,242,1176,312
Pterophyllum_Scalare_BB,254.6,334,296,413,384
Pterophyllum_Scalare_BB,254.6,334,295,388,384
Pterophyllum_Scalare_Y,254.6,873,287,902,347
Pterophyllum_Scalare_W,254.7,1153,242,1176,314
G_Matriarche,254.7,205,216,272,262
Pterophyllum_Scalare_YWB,254.7,83,279,105,372
Pterophyllum_Scalare_Y,254.7,872,286,902,348
Pterophyllum_Scalare_BB,254.7,339,297,385,383
Pterophyllum_Scalare_BB,254.7,339,297,404,383
Pterophyllum_Scalare_BB,254.8,340,298,408,390
Pterophyllum_Scalare_Y,254.8,868,288,908,349
G_Matriarche,254.8,200,222,267,267
Pterophyllum_Scalare_W,254.8,1152,244,1176,317
Pterophyllum_Scalare_YWB,254.8,83,280,105,373
Pterophyllum_Scalare_B,254.9,897,575,974,664
Corydoras_Albinos,254.9,718,630,766,658
Pterophyllum_Scalare_W,254.9,1151,245,1176,320
Pterophyllum_Scalare_YWB,254.9,84,281,105,374
Pterophyllum_Scalare_Y,254.9,864,283,910,356
Pterophyllum_Scalare_BB,254.9,340,297,407,362
G_Matriarche,254.9,197,227,265,270
Pterophyllum_Scalare_Y,255.0,862,286,910,353
Pterophyllum_Scalare_W,255.0,1149,246,1176,322
Pterophyllum_Scalare_BB,255.0,342,298,407,389
Corydoras_Albinos,255.0,717,630,766,658
Pterophyllum_Scalare_YWB,255.0,83,280,106,375
Pterophyllum_Scalare_B,255.0,897,575,975,664
G_Matriarche,255.0,194,233,262,275
G_Matriarche,255.1,193,240,260,277
Pterophyllum_Scalare_Y,255.1,860,286,910,350
Pterophyllum_Scalare_B,255.1,896,575,975,664
Pterophyllum_Scalare_W,255.1,1148,248,1175,323
Pterophyllum_Scalare_YWB,255.1,84,280,106,376
Pterophyllum_Scalare_BB,255.1,344,300,406,361
Pterophyllum_Scalare_Y,255.2,860,287,911,354
G_Matriarche,255.2,190,244,259,279
Pterophyllum_Scalare_YWB,255.2,83,279,106,377
Pterophyllum_Scalare_B,255.2,895,578,973,665
Pterophyllum_Scalare_BB,255.2,345,248,406,359
Pterophyllum_Scalare_BB,255.2,345,301,406,360
Pterophyllum_Scalare_W,255.2,1146,251,1174,325
Pterophyllum_Scalare_YWB,255.3,84,280,106,378
Pterophyllum_Scalare_BB,255.3,345,304,408,360
Pterophyllum_Scalare_W,255.3,1143,252,1174,329
G_Matriarche,255.3,189,250,258,282
Pterophyllum_Scalare_Y,255.3,859,287,910,353
Pterophyllum_Scalare_B,255.3,894,573,973,665
Pterophyllum_Scalare_W,255.4,1140,253,1173,333
Pterophyllum_Scalare_BB,255.4,345,306,406,361
Pterophyllum_Scalare_Y,255.4,858,286,913,354
G_Matriarche,255.4,188,255,254,285
Pterophyllum_Scalare_YWB,255.4,83,280,107,378
Pterophyllum_Scalare_B,255.4,891,573,973,663
Corydoras_Albinos,255.5,344,359,389,412
Pterophyllum_Scalare_YWB,255.5,84,279,107,378
Pterophyllum_Scalare_W,255.5,1137,255,1173,335
Pterophyllum_Scalare_BB,255.5,346,307,404,362
G_Matriarche,255.5,185,256,253,288
Pterophyllum_Scalare_Y,255.5,857,287,915,355
Pterophyllum_Scalare_B,255.5,887,571,972,662
Pterophyllum_Scalare_YWB,255.6,84,282,108,377
Pterophyllum_Scalare_B,255.6,880,571,969,659
Pterophyllum_Scalare_Y,255.6,855,288,914,357
G_Matriarche,255.6,185,258,251,290
Pterophyllum_Scalare_BB,255.6,347,309,403,362
Pterophyllum_Scalare_W,255.6,1136,257,1172,339
Pterophyllum_Scalare_B,255.7,879,569,964,655
Pterophyllum_Scalare_YWB,255.7,84,281,109,378
Pterophyllum_Scalare_BB,255.7,347,309,403,364
G_Matriarche,255.7,187,260,248,292
Pterophyllum_Scalare_Y,255.7,854,290,914,357
Pterophyllum_Scalare_W,255.7,1134,258,1171,342
G_Matriarche,255.8,186,260,247,294
Pterophyllum_Scalare_BB,255.8,347,311,402,362
Pterophyllum_Scalare_YWB,255.8,83,281,110,382
Pterophyllum_Scalare_B,255.8,870,575,961,653
Corydoras_Albinos,255.8,339,360,387,411
Pterophyllum_Scalare_Y,255.8,854,289,912,357
Pterophyllum_Scalare_W,255.8,1132,260,1171,342
Pterophyllum_Scalare_YWB,255.9,83,282,111,383
G_Matriarche,255.9,185,262,248,295
Pterophyllum_Scalare_BB,255.9,344,311,404,367
Pterophyllum_Scalare_Y,255.9,853,290,914,358
Pterophyllum_Scalare_W,255.9,1130,262,1170,344
Pterophyllum_Scalare_BB,256.0,342,312,405,367
G_Matriarche,256.0,181,263,245,296
Corydoras_Albinos,256.0,717,630,767,660
Pterophyllum_Scalare_YWB,256.0,84,282,112,383
Pterophyllum_Scalare_W,256.0,1129,263,1169,346
Pterophyllum_Scalare_Y,256.0,853,288,918,361
Pterophyllum_Scalare_W,256.1,1128,264,1168,346
Pterophyllum_Scalare_BB,256.1,339,314,405,371
Pterophyllum_Scalare_YWB,256.1,83,282,113,383
G_Matriarche,256.1,182,264,245,298
Pterophyllum_Scalare_Y,256.1,852,289,915,364
Pterophyllum_Scalare_YWB,256.2,84,283,113,383
Corydoras_Albinos,256.2,716,630,766,660
Pterophyllum_Scalare_W,256.2,1127,265,1167,349
G_Matriarche,256.2,182,264,246,298
Pterophyllum_Scalare_BB,256.2,342,315,406,374
Pterophyllum_Scalare_B,256.2,870,572,958,651
Pterophyllum_Scalare_Y,256.2,850,293,912,363
Pterophyllum_Scalare_Y,256.3,849,290,913,363
G_Matriarche,256.3,182,265,243,298
Pterophyllum_Scalare_BB,256.3,341,318,406,378
Pterophyllum_Scalare_W,256.3,1125,266,1167,350
Pterophyllum_Scalare_YWB,256.3,84,284,113,383
Pterophyllum_Scalare_W,256.4,1123,267,1166,351
Pterophyllum_Scalare_BB,256.4,340,319,407,376
G_Matriarche,256.4,182,266,244,299
Pterophyllum_Scalare_Y,256.4,848,293,910,363
Pterophyllum_Scalare_YWB,256.4,84,286,113,383
Pterophyllum_Scalare_W,256.5,1122,268,1166,352
G_Matriarche,256.5,183,266,244,298
Pterophyllum_Scalare_Y,256.5,846,292,914,365
Pterophyllum_Scalare_YWB,256.5,84,287,112,384
Pterophyllum_Scalare_BB,256.5,341,321,409,377
Pterophyllum_Scalare_YWB,256.6,84,287,112,384
Corydoras_Panda,256.6,762,468,807,497
Pterophyllum_Scalare_Y,256.6,844,294,913,364
Pterophyllum_Scalare_W,256.6,1122,269,1166,353
Pterophyllum_Scalare_BB,256.6,343,322,410,388
G_Matriarche,256.6,181,267,241,299
Pterophyllum_Scalare_W,256.7,1121,270,1165,353
Corydoras_Albinos,256.7,340,370,384,418
Pterophyllum_Scalare_Y,256.7,842,291,913,365
Pterophyllum_Scalare_YWB,256.7,83,287,113,386
Pterophyllum_Scalare_BB,256.7,340,323,410,384
G_Matriarche,256.7,181,266,242,299
Pterophyllum_Scalare_Y,256.8,841,292,911,366
G_Matriarche,256.8,178,269,237,301
Pterophyllum_Scalare_BB,256.8,338,324,411,400
Pterophyllum_Scalare_W,256.8,1120,271,1166,354
Pterophyllum_Scalare_YWB,256.8,84,287,113,387
Pterophyllum_Scalare_BB,256.9,337,326,411,401
G_Matriarche,256.9,178,271,239,303
Pterophyllum_Scalare_YWB,256.9,84,290,112,387
Pterophyllum_Scalare_Y,256.9,839,292,910,366
Pterophyllum_Scalare_W,256.9,1120,271,1165,354
Pterophyllum_Scalare_Y,257.0,838,293,913,368
Pterophyllum_Scalare_W,257.0,1119,272,1165,355
Pterophyllum_Scalare_YWB,257.0,84,292,112,387
Pterophyllum_Scalare_BB,257.0,335,328,411,392
G_Matriarche,257.0,176,273,237,304
G_Matriarche,257.1,177,275,237,305
Pterophyllum_Scalare_Y,257.1,835,293,911,369
Pterophyllum_Scalare_W,257.1,1119,274,1164,355
Pterophyllum_Scalare_BB,257.1,336,330,411,396
Pterophyllum_Scalare_YWB,257.1,84,294,111,389
Pterophyllum_Scalare_YWB,257.2,84,298,111,391
Pterophyllum_Scalare_Y,257.2,834,292,908,369
Pterophyllum_Scalare_W,257.2,1119,275,1164,355
Pterophyllum_Scalare_BB,257.2,336,332,412,394
Pterophyllum_Scalare_BB,257.3,336,334,412,394
Pterophyllum_Scalare_W,257.3,1119,275,1164,355
Pterophyllum_Scalare_Y,257.3,834,292,914,370
Pterophyllum_Scalare_YWB,257.3,84,303,111,394
Pterophyllum_Scalare_BB,257.4,339,335,413,396
Pterophyllum_Scalare_YWB,257.4,84,305,112,397
Pterophyllum_Scalare_Y,257.4,832,293,907,370
Pterophyllum_Scalare_W,257.4,1118,276,1164,355
Pterophyllum_Scalare_W,257.5,1118,277,1164,356
Pterophyllum_Scalare_Y,257.5,831,293,906,370
Pterophyllum_Scalare_BB,257.5,340,335,414,399
Pterophyllum_Scalare_YWB,257.5,85,309,112,399
Pterophyllum_Scalare_YWB,257.6,85,311,112,401
Pterophyllum_Scalare_Y,257.6,830,293,904,370
Pterophyllum_Scalare_W,257.6,1117,278,1164,356
Pterophyllum_Scalare_BB,257.6,342,337,416,406
Pterophyllum_Scalare_YWB,257.7,85,313,114,403
Pterophyllum_Scalare_Y,257.7,829,292,905,370
Pterophyllum_Scalare_W,257.7,1118,279,1164,355
Pterophyllum_Scalare_BB,257.7,343,337,418,415
Pterophyllum_Scalare_BB,257.8,351,340,421,395
Pterophyllum_Scalare_YWB,257.8,86,316,114,405
Pterophyllum_Scalare_W,257.8,1116,279,1163,356
Pterophyllum_Scalare_Y,257.8,829,292,904,371
Pterophyllum_Scalare_W,257.9,1116,279,1164,356
Pterophyllum_Scalare_Y,257.9,830,290,904,371
Pterophyllum_Scalare_BB,257.9,355,340,425,395
Pterophyllum_Scalare_YWB,257.9,87,318,115,407
Pterophyllum_Scalare_YWB,258.0,87,320,116,410
Pterophyllum_Scalare_Y,258.0,830,289,905,371
Pterophyllum_Scalare_W,258.0,1116,279,1163,356
Pterophyllum_Scalare_BB,258.0,355,340,423,395
Pterophyllum_Scalare_YWB,258.1,88,321,116,412
Pterophyllum_Scalare_Y,258.1,831,288,907,371
Pterophyllum_Scalare_W,258.1,1116,279,1163,356
Pterophyllum_Scalare_BB,258.1,354,340,423,395
Pterophyllum_Scalare_YWB,258.2,89,322,117,412
Pterophyllum_Scalare_BB,258.2,352,339,423,395
Pterophyllum_Scalare_W,258.2,1115,280,1163,357
Pterophyllum_Scalare_Y,258.2,832,287,906,371
Pterophyllum_Scalare_W,258.3,1116,280,1163,357
Pterophyllum_Scalare_Y,258.3,832,287,909,371
Pterophyllum_Scalare_BB,258.3,351,336,420,393
Pterophyllum_Scalare_YWB,258.3,90,323,118,413
Pterophyllum_Scalare_YWB,258.4,90,323,119,414
Pterophyllum_Scalare_W,258.4,1116,280,1162,356
Pterophyllum_Scalare_Y,258.4,833,287,907,372
Pterophyllum_Scalare_BB,258.4,355,332,418,392
Pterophyllum_Scalare_W,258.5,1117,280,1163,356
Pterophyllum_Scalare_Y,258.5,834,286,911,373
Pterophyllum_Scalare_BB,258.5,357,331,419,389
Pterophyllum_Scalare_YWB,258.5,91,323,120,414
Pterophyllum_Scalare_W,258.6,1117,280,1162,357
Pterophyllum_Scalare_Y,258.6,835,286,911,372
Pterophyllum_Scalare_YWB,258.6,92,324,120,415
Pterophyllum_Scalare_BB,258.6,360,330,419,389
Pterophyllum_Scalare_BB,258.7,367,330,422,386
Pterophyllum_Scalare_W,258.7,1118,280,1162,358
Pterophyllum_Scalare_Y,258.7,836,284,910,373
Pterophyllum_Scalare_YWB,258.7,93,326,122,416
Pterophyllum_Scalare_YWB,258.8,93,325,124,418
Pterophyllum_Scalare_W,258.8,1119,280,1162,358
G_Matriarche,258.8,162,307,214,333
Pterophyllum_Scalare_Y,258.8,837,286,913,373
Pterophyllum_Scalare_BB,258.8,374,332,424,391
Botia_Almorhae,258.8,810,567,847,597
Pterophyllum_Scalare_YWB,258.9,94,326,125,419
Pterophyllum_Scalare_BB,258.9,380,333,426,392
Pterophyllum_Scalare_W,258.9,1120,280,1162,358
Pterophyllum_Scalare_Y,258.9,837,284,913,372
Pterophyllum_Scalare_BB,259.0,385,334,428,393
G_Matriarche,259.0,160,311,204,337
Pterophyllum_Scalare_W,259.0,1121,280,1163,357
Pterophyllum_Scalare_Y,259.0,838,283,914,372
Pterophyllum_Scalare_YWB,259.0,94,327,128,420
Botia_Striata,259.0,799,563,846,597
G_Matriarche,259.1,159,312,198,338
Botia_Striata,259.1,794,561,847,599
Pterophyllum_Scalare_YWB,259.1,95,328,129,422
Pterophyllum_Scalare_Y,259.1,839,283,913,372
Pterophyllum_Scalare_BB,259.1,389,335,430,392
Pterophyllum_Scalare_W,259.1,1121,279,1164,358
Corydoras_Albinos,259.2,740,659,824,691
Pterophyllum_Scalare_W,259.2,1122,279,1164,357
Pterophyllum_Scalare_BB,259.2,392,334,435,393
Pterophyllum_Scalare_Y,259.2,840,283,913,370
G_Matriarche,259.2,160,314,195,342
Pterophyllum_Scalare_YWB,259.2,97,329,130,423
Botia_Striata,259.2,789,558,842,593
Pterophyllum_Scalare_YWB,259.3,99,330,132,423
Pterophyllum_Scalare_W,259.3,347,422,368,455
Botia_Striata,259.3,782,554,839,592
G_Matriarche,259.3,163,316,183,345
Pterophyllum_Scalare_Y,259.3,841,283,913,369
Pterophyllum_Scalare_W,259.3,1122,278,1165,357
Pterophyllum_Scalare_BB,259.3,395,334,439,395
Pterophyllum_Scalare_BB,259.4,398,334,441,395
Botia_Striata,259.4,777,552,839,594
Pterophyllum_Scalare_W,259.4,1124,279,1166,357
Pterophyllum_Scalare_Y,259.4,843,282,915,368
Pterophyllum_Scalare_YWB,259.4,100,331,134,424
Pterophyllum_Scalare_YWB,259.5,102,333,134,425
Pterophyllum_Scalare_W,259.5,1125,279,1166,356
Pterophyllum_Scalare_BB,259.5,400,333,444,395
Pterophyllum_Scalare_Y,259.5,844,283,916,367
Botia_Striata,259.5,774,551,837,594
Pterophyllum_Scalare_YWB,259.6,104,333,136,426
Botia_Striata,259.6,771,549,838,595
Pterophyllum_Scalare_BB,259.6,402,332,446,394
Pterophyllum_Scalare_Y,259.6,845,281,916,366
Pterophyllum_Scalare_W,259.6,1126,279,1167,355
Botia_Almorhae,259.7,371,363,407,447
Pterophyllum_Scalare_Y,259.7,847,282,920,364
Botia_Striata,259.7,767,547,843,593
Pterophyllum_Scalare_YWB,259.7,106,334,137,424
Pterophyllum_Scalare_BB,259.7,405,332,448,393
Pterophyllum_Scalare_W,259.7,1127,277,1169,355
Botia_Striata,259.8,763,541,831,592
Pterophyllum_Scalare_W,259.8,1128,276,1169,354
Botia_Almorhae,259.8,370,357,409,437
Pterophyllum_Scalare_YWB,259.8,107,334,138,423
Pterophyllum_Scalare_BB,259.8,407,330,450,394
Pterophyllum_Scalare_Y,259.8,849,282,918,364
Pterophyllum_Scalare_BB,259.9,409,331,451,394
Botia_Almorhae,259.9,371,356,409,442
Pterophyllum_Scalare_YWB,259.9,109,336,141,425
Botia_Striata,259.9,759,535,833,595
Pterophyllum_Scalare_W,259.9,1129,276,1170,354
Pterophyllum_Scalare_Y,259.9,851,279,920,362
Botia_Almorhae,260.0,367,354,408,441
Botia_Striata,260.0,751,529,821,591
Pterophyllum_Scalare_Y,260.0,853,282,921,361
Pterophyllum_Scalare_BB,260.0,410,331,453,395
Pterophyllum_Scalare_YWB,260.0,111,336,143,425
Pterophyllum_Scalare_W,260.0,1130,276,1171,353
Pterophyllum_Scalare_BB,260.1,411,330,454,394
Botia_Striata,260.1,744,524,818,581
Pterophyllum_Scalare_YWB,260.1,112,336,145,427
Pterophyllum_Scalare_W,260.1,1132,276,1173,353
Pterophyllum_Scalare_Y,260.1,854,279,922,360
Botia_Almorhae,260.1,366,356,407,440
Pterophyllum_Scalare_YWB,260.2,113,339,147,427
Botia_Striata,260.2,738,520,817,579
Pterophyllum_Scalare_Y,260.2,857,275,924,360
Pterophyllum_Scalare_W,260.2,1132,275,1174,353
Pterophyllum_Scalare_BB,260.2,413,330,455,396
Botia_Almorhae,260.2,366,357,406,442
Pterophyllum_Scalare_W,260.3,1133,275,1175,353
Pterophyllum_Scalare_BB,260.3,415,330,456,392
Pterophyllum_Scalare_YWB,260.3,115,341,150,429
Pterophyllum_Scalare_Y,260.3,859,277,925,358
Botia_Striata,260.3,733,516,812,573
Pterophyllum_Scalare_W,260.4,1134,275,1175,354
Botia_Striata,260.4,729,513,815,572
Botia_Almorhae,260.4,365,362,404,440
Pterophyllum_Scalare_YWB,260.4,116,343,153,429
Pterophyllum_Scalare_BB,260.4,417,330,458,390
Pterophyllum_Scalare_Y,260.4,861,281,924,359
Botia_Almorhae,260.5,364,362,402,441
Pterophyllum_Scalare_W,260.5,1135,274,1176,356
Botia_Striata,260.5,725,507,816,565
Pterophyllum_Scalare_YWB,260.5,118,342,154,431
Pterophyllum_Scalare_BB,260.5,420,330,459,389
Pterophyllum_Scalare_Y,260.5,863,277,925,356
G_Matriarche,260.6,186,324,240,352
Pterophyllum_Scalare_BB,260.6,421,329,459,388
Botia_Almorhae,260.6,363,366,401,439
Pterophyllum_Scalare_YWB,260.6,118,344,157,433
Botia_Striata,260.6,719,503,806,562
Pterophyllum_Scalare_W,260.6,1135,275,1177,356
Pterophyllum_Scalare_Y,260.6,865,277,928,353
Botia_Almorhae,260.7,361,369,401,437
Pterophyllum_Scalare_W,260.7,1136,275,1177,355
Pterophyllum_Scalare_BB,260.7,423,329,460,388
Pterophyllum_Scalare_Y,260.7,867,274,927,350
Pterophyllum_Scalare_YWB,260.7,120,345,159,432
G_Matriarche,260.7,183,324,238,352
Botia_Striata,260.7,712,501,805,558
Pterophyllum_Scalare_Y,260.8,870,272,930,347
Pterophyllum_Scalare_YWB,260.8,121,347,161,434
Botia_Striata,260.8,705,499,801,550
Pterophyllum_Scalare_W,260.8,1137,276,1178,357
Botia_Almorhae,260.8,362,372,400,436
Pterophyllum_Scalare_BB,260.8,424,328,460,387
G_Matriarche,260.8,179,325,236,352
Pterophyllum_Scalare_YWB,260.9,123,348,163,436
Botia_Almorhae,260.9,362,376,399,437
Pterophyllum_Scalare_Y,260.9,872,277,929,346
Botia_Striata,260.9,701,497,796,549
G_Matriarche,260.9,177,326,235,354
Pterophyllum_Scalare_W,260.9,1138,276,1178,356
Pterophyllum_Scalare_BB,260.9,426,327,461,387
G_Matriarche,261.0,174,327,232,354
Pterophyllum_Scalare_Y,261.0,873,271,930,346
Botia_Striata,261.0,696,494,792,548
Pterophyllum_Scalare_W,261.0,1138,277,1178,357
Botia_Almorhae,261.0,363,380,397,438
Corydoras_Albinos,261.0,716,629,766,658
Pterophyllum_Scalare_YWB,261.0,125,350,164,438
Pterophyllum_Scalare_BB,261.0,427,326,461,388
Pterophyllum_Scalare_W,261.1,1139,278,1179,357
Botia_Striata,261.1,694,491,787,546
Corydoras_Albinos,261.1,717,630,767,657
Pterophyllum_Scalare_YWB,261.1,126,351,167,439
Pterophyllum_Scalare_Y,261.1,874,273,932,345
Pterophyllum_Scalare_BB,261.1,427,325,461,388
G_Matriarche,261.1,171,329,227,356
Botia_Striata,261.2,691,487,785,546
Botia_Almorhae,261.2,690,487,784,546
Pterophyllum_Scalare_BB,261.2,427,324,461,388
Pterophyllum_Scalare_YWB,261.2,128,352,169,440
Pterophyllum_Scalare_Y,261.2,875,274,929,342
Pterophyllum_Scalare_W,261.2,1139,278,1179,360
G_Matriarche,261.2,168,331,222,357
Pterophyllum_Scalare_YWB,261.3,130,354,170,441
Pterophyllum_Scalare_W,261.3,1140,280,1179,361
Pterophyllum_Scalare_Y,261.3,877,269,936,342
Botia_Striata,261.3,689,485,782,545
G_Matriarche,261.3,164,332,220,359
Botia_Almorhae,261.3,380,360,411,440
Pterophyllum_Scalare_BB,261.3,428,324,461,389
Botia_Almorhae,261.4,379,356,418,444
Pterophyllum_Scalare_Y,261.4,878,271,933,344
Pterophyllum_Scalare_YWB,261.4,131,353,172,442
Botia_Striata,261.4,686,484,779,545
Pterophyllum_Scalare_W,261.4,1140,281,1180,362
G_Matriarche,261.4,162,333,217,361
Pterophyllum_Scalare_BB,261.4,429,323,461,388
Pterophyllum_Scalare_BB,261.5,430,323,460,389
G_Matriarche,261.5,161,336,215,362
Pterophyllum_Scalare_YWB,261.5,133,354,174,445
Botia_Almorhae,261.5,685,482,777,545
Botia_Striata,261.5,686,482,777,545
Pterophyllum_Scalare_Y,261.5,879,274,930,346
Pterophyllum_Scalare_W,261.5,1140,284,1180,362
Corydoras_Albinos,261.5,713,632,756,688
Botia_Almorhae,261.5,375,351,422,435
Botia_Almorhae,261.6,381,351,423,428
Corydoras_Albinos,261.6,712,635,756,695
G_Matriarche,261.6,162,339,213,363
Pterophyllum_Scalare_Y,261.6,881,270,931,340
Pterophyllum_Scalare_BB,261.6,430,323,460,388
Pterophyllum_Scalare_YWB,261.6,135,356,176,447
Pterophyllum_Scalare_W,261.6,1140,284,1180,364
Botia_Striata,261.6,686,483,776,545
Pterophyllum_Scalare_YWB,261.7,137,359,182,445
G_Matriarche,261.7,157,343,207,367
Pterophyllum_Scalare_W,261.7,1140,286,1180,365
Botia_Striata,261.7,690,480,771,545
Corydoras_Albinos,261.7,711,629,755,694
Pterophyllum_Scalare_Y,261.7,880,273,932,338
Botia_Almorhae,261.7,380,353,422,436
Pterophyllum_Scalare_BB,261.7,429,323,460,390
Pterophyllum_Scalare_W,261.8,1140,287,1180,367
G_Matriarche,261.8,147,347,202,374
Pterophyllum_Scalare_BB,261.8,429,323,460,392
Pterophyllum_Scalare_Y,261.8,879,273,932,337
Botia_Almorhae,261.8,379,359,418,449
Botia_Almorhae,261.8,685,466,759,539
Pterophyllum_Scalare_YWB,261.8,139,366,186,445
Pterophyllum_Scalare_Y,261.9,883,273,934,334
Botia_Almorhae,261.9,378,367,416,443
Pterophyllum_Scalare_W,261.9,1141,289,1180,369
Corydoras_Albinos,261.9,712,627,757,691
Pterophyllum_Scalare_BB,261.9,428,323,459,392
Pterophyllum_Scalare_YWB,261.9,140,367,191,447
Botia_Almorhae,261.9,684,463,758,545
Pterophyllum_Scalare_BB,262.0,428,323,459,391
Pterophyllum_Scalare_YWB,262.0,142,369,195,450
Pterophyllum_Scalare_Y,262.0,885,272,932,336
Botia_Almorhae,262.0,381,375,418,460
Corydoras_Albinos,262.0,712,627,752,689
Pterophyllum_Scalare_W,262.0,1140,290,1180,369
Pterophyllum_Scalare_BB,262.1,426,323,458,392
Pterophyllum_Scalare_Y,262.1,884,274,929,332
Pterophyllum_Scalare_W,262.1,1140,292,1180,371
Botia_Almorhae,262.1,381,372,419,447
Pterophyllum_Scalare_YWB,262.1,143,372,200,450
Pterophyllum_Scalare_W,262.2,1140,293,1180,371
Botia_Striata,262.2,674,445,743,519
Pterophyllum_Scalare_Y,262.2,885,273,931,330
Botia_Almorhae,262.2,381,374,420,452
Pterophyllum_Scalare_YWB,262.2,147,373,204,448
Pterophyllum_Scalare_BB,262.2,425,324,457,393
Pterophyllum_Scalare_Y,262.3,885,273,928,331
Pterophyllum_Scalare_BB,262.3,427,325,457,395
Pterophyllum_Scalare_W,262.3,1139,294,1180,372
Botia_Almorhae,262.3,384,374,423,454
Pterophyllum_Scalare_YWB,262.3,150,365,208,448
G_Matriarche,262.3,121,374,171,401
Botia_Striata,262.3,666,440,738,498
Botia_Almorhae,262.4,386,374,427,451
G_Matriarche,262.4,119,381,169,405
Pterophyllum_Scalare_W,262.4,1139,295,1180,373
Pterophyllum_Scalare_YWB,262.4,154,364,211,449
Pterophyllum_Scalare_BB,262.4,423,326,457,395
Pterophyllum_Scalare_Y,262.4,885,273,929,336
Botia_Striata,262.4,660,436,742,494
Botia_Striata,262.5,655,433,741,494
Pterophyllum_Scalare_BB,262.5,420,327,455,394
G_Matriarche,262.5,119,384,168,410
Pterophyllum_Scalare_W,262.5,1140,295,1181,373
Pterophyllum_Scalare_YWB,262.5,158,363,215,449
Pterophyllum_Scalare_Y,262.5,885,273,925,330
Botia_Almorhae,262.5,390,374,432,455
Pterophyllum_Scalare_B,262.6,913,572,961,646
Pterophyllum_Scalare_BB,262.6,413,328,453,391
Pterophyllum_Scalare_W,262.6,1140,297,1180,374
Pterophyllum_Scalare_YWB,262.6,159,368,219,450
G_Matriarche,262.6,117,387,167,416
Pterophyllum_Scalare_Y,262.6,883,274,929,332
Botia_Striata,262.6,651,430,741,491
G_Matriarche,262.7,117,388,165,420
Pterophyllum_Scalare_W,262.7,1140,297,1180,373
Pterophyllum_Scalare_B,262.7,912,569,962,649
Botia_Striata,262.7,646,428,733,486
Pterophyllum_Scalare_BB,262.7,407,329,452,403
Pterophyllum_Scalare_YWB,262.7,158,374,222,448
Pterophyllum_Scalare_YWB,262.8,156,371,223,449
Botia_Striata,262.8,639,425,723,482
G_Matriarche,262.8,115,393,160,423
Pterophyllum_Scalare_B,262.8,905,571,963,644
Pterophyllum_Scalare_W,262.8,1141,296,1181,373
Pterophyllum_Scalare_BB,262.8,402,329,451,403
Pterophyllum_Scalare_W,262.9,1142,297,1181,372
Pterophyllum_Scalare_BB,262.9,396,328,450,404
Botia_Striata,262.9,635,421,718,476
Pterophyllum_Scalare_YWB,262.9,159,364,225,450
G_Matriarche,262.9,114,396,159,425
G_Matriarche,263.0,115,396,159,428
Pterophyllum_Scalare_YWB,263.0,165,363,226,450
Botia_Striata,263.0,630,417,706,465
Pterophyllum_Scalare_W,263.0,1142,297,1180,372
Pterophyllum_Scalare_B,263.0,894,559,966,651
Pterophyllum_Scalare_BB,263.0,391,328,450,407
Pterophyllum_Scalare_BB,263.1,386,328,450,406
Pterophyllum_Scalare_YWB,263.1,168,363,229,450
G_Matriarche,263.1,114,395,158,429
Pterophyllum_Scalare_W,263.1,1143,298,1181,371
Botia_Striata,263.1,631,414,695,458
G_Matriarche,263.2,114,395,156,431
Pterophyllum_Scalare_W,263.2,1144,298,1181,373
Pterophyllum_Scalare_BB,263.2,382,328,449,405
Botia_Striata,263.2,630,410,691,454
Pterophyllum_Scalare_YWB,263.2,170,363,230,450
Botia_Striata,263.3,628,407,690,454
Pterophyllum_Scalare_BB,263.3,378,327,447,405
G_Matriarche,263.3,118,396,154,430
Pterophyllum_Scalare_YWB,263.3,173,365,232,450
Corydoras_Albinos,263.3,716,629,765,656
Pterophyllum_Scalare_W,263.3,1144,299,1180,372
Pterophyllum_Scalare_BB,263.4,374,326,445,405
Pterophyllum_Scalare_YWB,263.4,174,366,233,450
Pterophyllum_Scalare_W,263.4,1144,300,1180,372
Botia_Striata,263.4,626,405,686,450
Pterophyllum_Scalare_BB,263.5,371,325,442,404
Pterophyllum_Scalare_W,263.5,1144,300,1180,373
Pterophyllum_Scalare_YWB,263.5,174,366,234,452
Pterophyllum_Scalare_YWB,263.6,174,364,235,452
Pterophyllum_Scalare_W,263.6,1144,301,1179,373
Botia_Striata,263.6,624,402,687,447
Corydoras_Albinos,263.6,717,628,766,656
Pterophyllum_Scalare_BB,263.6,368,324,441,401
Pterophyllum_Scalare_BB,263.7,366,320,442,402
Pterophyllum_Scalare_YWB,263.7,176,364,236,452
Corydoras_Albinos,263.7,716,629,765,656
Corydoras_Albinos,263.7,708,640,748,695
Pterophyllum_Scalare_W,263.7,1144,302,1179,375
Pterophyllum_Scalare_YWB,263.8,177,363,236,452
Pterophyllum_Scalare_W,263.8,1144,302,1180,376
Botia_Almorhae,263.8,625,400,692,448
Pterophyllum_Scalare_BB,263.8,365,320,441,400
Pterophyllum_Scalare_W,263.9,1143,304,1180,377
Pterophyllum_Scalare_B,263.9,830,564,912,651
Pterophyllum_Scalare_BB,263.9,364,319,437,399
Botia_Striata,263.9,626,399,690,447
Pterophyllum_Scalare_YWB,263.9,177,363,237,453
Pterophyllum_Scalare_BB,264.0,360,319,434,388
Pterophyllum_Scalare_YWB,264.0,177,361,237,452
Botia_Striata,264.0,628,400,691,444
Pterophyllum_Scalare_W,264.0,1144,304,1180,378
Pterophyllum_Scalare_B,264.1,820,564,904,649
Pterophyllum_Scalare_YWB,264.1,179,361,237,452
Pterophyllum_Scalare_W,264.1,1143,304,1180,379
Pterophyllum_Scalare_BB,264.1,358,321,418,399
Pterophyllum_Scalare_BB,264.2,357,323,411,399
Pterophyllum_Scalare_W,264.2,1143,304,1180,380
Pterophyllum_Scalare_B,264.2,817,565,898,651
Botia_Striata,264.2,628,401,691,446
Pterophyllum_Scalare_YWB,264.2,180,361,237,453
Pterophyllum_Scalare_W,264.3,1142,305,1181,380
Botia_Striata,264.3,630,402,690,447
Pterophyllum_Scalare_BB,264.3,358,322,410,400
Pterophyllum_Scalare_B,264.3,815,566,896,651
Pterophyllum_Scalare_YWB,264.3,181,363,239,454
Pterophyllum_Scalare_B,264.4,814,564,895,650
Pterophyllum_Scalare_BB,264.4,359,322,408,400
Pterophyllum_Scalare_W,264.4,1141,306,1180,381
Pterophyllum_Scalare_YWB,264.4,182,364,240,457
Botia_Striata,264.4,630,401,690,446
Pterophyllum_Scalare_YWB,264.5,182,365,241,459
Botia_Striata,264.5,630,401,687,446
Pterophyllum_Scalare_W,264.5,1141,307,1180,380
Pterophyllum_Scalare_B,264.5,814,560,896,650
Pterophyllum_Scalare_BB,264.5,359,321,410,400
Pterophyllum_Scalare_YWB,264.6,181,365,242,459
Botia_Striata,264.6,630,402,687,448
Pterophyllum_Scalare_BB,264.6,360,323,404,401
Pterophyllum_Scalare_W,264.6,1141,307,1180,381
Pterophyllum_Scalare_B,264.6,814,558,894,651
Pterophyllum_Scalare_YWB,264.7,183,365,243,459
Pterophyllum_Scalare_BB,264.7,360,325,405,401
Pterophyllum_Scalare_W,264.7,1140,308,1180,382
Botia_Striata,264.7,629,401,688,447
Pterophyllum_Scalare_B,264.7,813,558,893,651
Pterophyllum_Scalare_YWB,264.8,184,365,243,459
Pterophyllum_Scalare_BB,264.8,361,325,405,400
Pterophyllum_Scalare_Y,264.8,883,288,914,348
Pterophyllum_Scalare_W,264.8,1140,307,1180,382
Pterophyllum_Scalare_B,264.8,812,557,893,653
Botia_Striata,264.8,629,402,691,453
Pterophyllum_Scalare_Y,264.9,884,291,916,348
Pterophyllum_Scalare_YWB,264.9,188,366,244,460
Pterophyllum_Scalare_BB,264.9,362,327,402,400
Pterophyllum_Scalare_B,264.9,811,558,891,652
G_Matriarche,264.9,138,390,178,432
Botia_Striata,264.9,629,402,690,450
Pterophyllum_Scalare_W,264.9,1140,308,1180,382
Pterophyllum_Scalare_Y,265.0,882,291,917,350
G_Matriarche,265.0,136,383,175,431
Pterophyllum_Scalare_YWB,265.0,189,369,244,463
Botia_Striata,265.0,627,401,689,448
Pterophyllum_Scalare_BB,265.0,363,327,402,400
Pterophyllum_Scalare_B,265.0,810,558,891,652
Pterophyllum_Scalare_W,265.0,1139,309,1180,382
Botia_Striata,265.1,623,400,689,450
G_Matriarche,265.1,133,381,174,428
Pterophyllum_Scalare_Y,265.1,881,294,918,352
Pterophyllum_Scalare_BB,265.1,364,330,401,400
Pterophyllum_Scalare_YWB,265.1,190,371,247,463
Pterophyllum_Scalare_W,265.1,1139,309,1180,383
Pterophyllum_Scalare_B,265.1,811,558,890,652
Pterophyllum_Scalare_Y,265.2,880,293,918,355
Pterophyllum_Scalare_W,265.2,1138,310,1179,383
Pterophyllum_Scalare_BB,265.2,365,330,400,400
Pterophyllum_Scalare_B,265.2,810,557,892,651
Botia_Striata,265.2,622,400,694,451
Pterophyllum_Scalare_YWB,265.2,189,373,249,464
G_Matriarche,265.2,132,379,172,427
G_Matriarche,265.3,129,378,168,424
Botia_Striata,265.3,620,399,698,454
Pterophyllum_Scalare_Y,265.3,878,293,921,356
Pterophyllum_Scalare_YWB,265.3,188,372,251,465
Pterophyllum_Scalare_B,265.3,810,557,893,651
Pterophyllum_Scalare_W,265.3,1138,310,1179,384
Pterophyllum_Scalare_BB,265.3,366,331,400,401
Botia_Striata,265.4,617,398,695,448
Pterophyllum_Scalare_B,265.4,810,557,893,651
Pterophyllum_Scalare_YWB,265.4,194,374,251,464
Pterophyllum_Scalare_Y,265.4,879,298,921,358
Pterophyllum_Scalare_W,265.4,1138,311,1179,384
Pterophyllum_Scalare_BB,265.4,367,332,400,402
G_Matriarche,265.4,129,378,166,423
Pterophyllum_Scalare_B,265.5,812,559,891,653
Pterophyllum_Scalare_Y,265.5,878,298,924,359
Pterophyllum_Scalare_W,265.5,1138,311,1180,386
Pterophyllum_Scalare_YWB,265.5,197,374,252,464
Botia_Striata,265.5,615,397,697,440
Pterophyllum_Scalare_W,265.6,1138,311,1180,386
Pterophyllum_Scalare_YWB,265.6,200,374,254,466
Pterophyllum_Scalare_B,265.6,815,560,884,654
Pterophyllum_Scalare_Y,265.6,879,298,923,361
Botia_Striata,265.6,614,397,694,438
Pterophyllum_Scalare_W,265.7,1137,312,1180,386
Pterophyllum_Scalare_B,265.7,817,560,877,654
Pterophyllum_Scalare_YWB,265.7,203,375,255,468
Botia_Striata,265.7,612,397,691,438
Pterophyllum_Scalare_BB,265.7,370,330,400,403
Pterophyllum_Scalare_Y,265.7,880,300,927,363
Pterophyllum_Scalare_B,265.8,818,561,874,652
Pterophyllum_Scalare_Y,265.8,883,301,926,362
Pterophyllum_Scalare_YWB,265.8,205,376,257,469
Pterophyllum_Scalare_BB,265.8,370,330,400,403
Pterophyllum_Scalare_W,265.8,1137,312,1180,388
Botia_Striata,265.8,611,396,691,437
Pterophyllum_Scalare_YWB,265.9,207,376,257,470
Pterophyllum_Scalare_Y,265.9,883,304,929,366
Pterophyllum_Scalare_W,265.9,1137,312,1181,389
Pterophyllum_Scalare_B,265.9,818,560,867,652
Pterophyllum_Scalare_BB,265.9,371,332,401,402
Pterophyllum_Scalare_Y,265.9,399,321,431,415
Botia_Striata,265.9,610,395,689,438
Pterophyllum_Scalare_Y,266.0,884,305,930,367
Pterophyllum_Scalare_BB,266.0,370,331,402,402
Pterophyllum_Scalare_W,266.0,1136,312,1181,390
Botia_Striata,266.0,610,395,690,438
Pterophyllum_Scalare_YWB,266.0,208,377,257,470
Pterophyllum_Scalare_B,266.0,819,564,864,652
Pterophyllum_Scalare_B,266.0,439,502,494,562
Pterophyllum_Scalare_W,266.1,1136,312,1181,392
Botia_Striata,266.1,609,394,688,436
Pterophyllum_Scalare_B,266.1,820,566,866,653
Pterophyllum_Scalare_YWB,266.1,210,377,258,470
Pterophyllum_Scalare_Y,266.1,886,305,933,369
Pterophyllum_Scalare_BB,266.1,371,332,403,401
Pterophyllum_Scalare_BB,266.2,372,332,405,400
Pterophyllum_Scalare_YWB,266.2,213,377,259,470
Botia_Striata,266.2,608,393,695,438
Pterophyllum_Scalare_W,266.2,1134,312,1181,392
Pterophyllum_Scalare_Y,266.2,890,306,935,370
Pterophyllum_Scalare_B,266.2,821,572,867,654
Pterophyllum_Scalare_Y,266.3,891,314,938,373
Pterophyllum_Scalare_YWB,266.3,215,376,261,470
Pterophyllum_Scalare_B,266.3,826,568,870,657
Botia_Striata,266.3,607,392,685,433
Pterophyllum_Scalare_W,266.3,1133,311,1180,394
Pterophyllum_Scalare_BB,266.4,372,330,406,399
Pterophyllum_Scalare_YWB,266.4,216,376,263,471
Pterophyllum_Scalare_Y,266.4,893,317,941,375
Pterophyllum_Scalare_W,266.4,1131,312,1180,398
Botia_Striata,266.4,605,391,684,430
Pterophyllum_Scalare_Y,266.5,895,318,946,381
Pterophyllum_Scalare_W,266.5,1129,314,1179,400
Botia_Striata,266.5,606,390,685,431
Pterophyllum_Scalare_YWB,266.5,218,376,264,471
Pterophyllum_Scalare_BB,266.5,373,328,408,399
Pterophyllum_Scalare_BB,266.6,374,327,408,398
Pterophyllum_Scalare_Y,266.6,897,321,946,383
Pterophyllum_Scalare_W,266.6,1127,316,1178,400
Botia_Striata,266.6,606,390,685,428
Pterophyllum_Scalare_Y,266.6,418,313,446,368
Pterophyllum_Scalare_YWB,266.6,219,377,265,471
Pterophyllum_Scalare_Y,266.6,415,313,446,389
Botia_Almorhae,266.7,417,305,445,368
Pterophyllum_Scalare_W,266.7,1126,319,1178,401
Pterophyllum_Scalare_Y,266.7,901,322,948,384
Pterophyllum_Scalare_YWB,266.7,221,378,265,472
Pterophyllum_Scalare_BB,266.7,376,326,409,398
Botia_Striata,266.7,606,390,685,427
Pterophyllum_Scalare_BB,266.8,377,325,409,397
Pterophyllum_Scalare_W,266.8,1125,323,1177,403
Botia_Striata,266.8,606,390,686,427
Pterophyllum_Scalare_Y,266.8,904,327,950,389
Botia_Almorhae,266.8,414,306,442,400
Pterophyllum_Scalare_YWB,266.8,222,379,265,474
Pterophyllum_Scalare_B,266.8,842,592,888,658
Pterophyllum_Scalare_BB,266.9,376,324,410,396
Pterophyllum_Scalare_W,266.9,1124,324,1176,403
Pterophyllum_Scalare_YWB,266.9,224,381,266,474
Pterophyllum_Scalare_Y,266.9,908,330,953,393
Botia_Striata,266.9,605,391,685,426
Pterophyllum_Scalare_BB,267.0,377,322,411,393
Pterophyllum_Scalare_YWB,267.0,225,382,266,475
Botia_Striata,267.0,605,391,686,426
Pterophyllum_Scalare_W,267.0,1123,325,1175,405
Pterophyllum_Scalare_B,267.0,844,578,907,661
Pterophyllum_Scalare_Y,267.0,910,331,959,396
Botia_Striata,267.1,605,392,687,425
Pterophyllum_Scalare_YWB,267.1,226,384,266,475
Pterophyllum_Scalare_W,267.1,1122,325,1175,406
Pterophyllum_Scalare_BB,267.1,376,320,419,392
Pterophyllum_Scalare_Y,267.1,913,340,959,400
Pterophyllum_Scalare_B,267.1,849,576,913,662
Pterophyllum_Scalare_W,267.2,1122,326,1174,408
Pterophyllum_Scalare_B,267.2,852,576,929,668
Botia_Striata,267.2,605,393,687,425
Pterophyllum_Scalare_YWB,267.2,228,388,267,476
Pterophyllum_Scalare_BB,267.2,376,319,415,391
Pterophyllum_Scalare_Y,267.2,913,340,962,401
Pterophyllum_Scalare_Y,267.3,917,343,962,403
Pterophyllum_Scalare_YWB,267.3,231,392,268,477
Pterophyllum_Scalare_W,267.3,1122,326,1173,409
Pterophyllum_Scalare_BB,267.3,376,319,412,389
Botia_Striata,267.3,605,392,687,425
Pterophyllum_Scalare_W,267.4,1121,326,1171,410
Pterophyllum_Scalare_Y,267.4,919,347,962,408
Botia_Striata,267.4,604,392,684,424
Pterophyllum_Scalare_YWB,267.4,232,394,269,479
Pterophyllum_Scalare_BB,267.4,375,318,412,387
Pterophyllum_Scalare_YWB,267.5,233,399,270,480
Botia_Striata,267.5,604,393,685,424
Pterophyllum_Scalare_W,267.5,1121,326,1169,411
Pterophyllum_Scalare_B,267.5,883,576,962,666
Pterophyllum_Scalare_Y,267.5,922,351,966,411
Pterophyllum_Scalare_BB,267.5,374,318,414,388
Pterophyllum_Scalare_B,267.6,894,574,973,665
G_Matriarche,267.6,125,394,155,425
Pterophyllum_Scalare_W,267.6,1122,327,1168,413
Pterophyllum_Scalare_BB,267.6,374,318,412,389
Pterophyllum_Scalare_Y,267.6,924,350,967,412
Pterophyllum_Scalare_YWB,267.6,234,402,273,478
Botia_Striata,267.6,604,392,686,427
Botia_Striata,267.7,603,393,685,426
Pterophyllum_Scalare_Y,267.7,922,354,967,419
G_Matriarche,267.7,125,395,153,426
Pterophyllum_Scalare_B,267.7,899,575,980,664
Botia_Almorhae,267.7,420,274,458,359
Pterophyllum_Scalare_YWB,267.7,235,404,277,477
Pterophyllum_Scalare_W,267.7,1122,327,1167,414
Pterophyllum_Scalare_BB,267.7,375,318,410,388
Pterophyllum_Scalare_Y,267.8,923,355,969,417
Botia_Striata,267.8,602,392,685,427
Pterophyllum_Scalare_YWB,267.8,231,405,281,477
Botia_Almorhae,267.8,419,274,457,357
Pterophyllum_Scalare_W,267.8,1121,327,1166,414
Pterophyllum_Scalare_BB,267.8,379,317,411,387
Pterophyllum_Scalare_YWB,267.9,229,404,286,475
Botia_Almorhae,267.9,418,275,454,361
G_Matriarche,267.9,133,401,161,428
Pterophyllum_Scalare_Y,267.9,927,356,971,418
Botia_Striata,267.9,601,393,686,428
Corydoras_Albinos,267.9,711,651,784,684
Pterophyllum_Scalare_BB,267.9,380,316,408,384
Pterophyllum_Scalare_W,267.9,1121,327,1165,415
Pterophyllum_Scalare_Y,268.0,928,358,975,421
Botia_Striata,268.0,602,393,684,427
Pterophyllum_Scalare_BB,268.0,380,315,408,381
Pterophyllum_Scalare_YWB,268.0,223,404,289,475
Botia_Almorhae,268.0,415,280,452,375
G_Matriarche,268.0,135,403,164,432
Pterophyllum_Scalare_BB,268.0,799,388,824,425
Corydoras_Albinos,268.0,712,649,783,684
Pterophyllum_Scalare_W,268.0,1121,329,1165,417
Pterophyllum_Scalare_BB,268.1,379,313,407,382
G_Matriarche,268.1,136,406,170,434
Pterophyllum_Scalare_YWB,268.1,218,406,289,478
Corydoras_Albinos,268.1,712,650,782,684
Pterophyllum_Scalare_BB,268.1,800,391,826,428
Pterophyllum_Scalare_W,268.1,1121,330,1164,418
Botia_Almorhae,268.1,412,283,450,376
Botia_Striata,268.1,601,393,683,427
Pterophyllum_Scalare_Y,268.1,930,361,977,422
Pterophyllum_Scalare_YWB,268.2,222,407,289,481
Botia_Striata,268.2,601,394,686,428
Pterophyllum_Scalare_Y,268.2,930,360,979,425
Corydoras_Albinos,268.2,711,649,783,685
Botia_Almorhae,268.2,408,286,449,374
G_Matriarche,268.2,138,407,174,437
Pterophyllum_Scalare_W,268.2,1121,331,1163,419
Pterophyllum_Scalare_BB,268.2,377,311,405,382
Corydoras_Albinos,268.3,710,648,781,686
Botia_Striata,268.3,596,395,682,428
G_Matriarche,268.3,142,406,180,437
Botia_Almorhae,268.3,407,288,448,380
Pterophyllum_Scalare_YWB,268.3,224,408,289,484
Pterophyllum_Scalare_W,268.3,1121,332,1163,421
Pterophyllum_Scalare_Y,268.3,931,362,981,429
Pterophyllum_Scalare_BB,268.3,376,308,404,381
Pterophyllum_Scalare_YWB,268.4,223,411,289,488
Pterophyllum_Scalare_BB,268.4,374,307,403,380
Pterophyllum_Scalare_Y,268.4,931,362,984,431
Corydoras_Albinos,268.4,709,648,778,688
Botia_Almorhae,268.4,404,290,447,379
G_Matriarche,268.4,142,414,187,436
Pterophyllum_Scalare_W,268.4,1122,333,1163,423
Botia_Striata,268.4,596,396,683,431
Botia_Almorhae,268.5,407,288,444,382
Pterophyllum_Scalare_BB,268.5,373,309,403,379
Corydoras_Albinos,268.5,707,648,774,688
G_Matriarche,268.5,145,417,191,440
Botia_Striata,268.5,596,396,680,433
Pterophyllum_Scalare_W,268.5,1122,333,1162,424
Pterophyllum_Scalare_YWB,268.5,221,413,288,490
Pterophyllum_Scalare_Y,268.5,932,365,984,432
Pterophyllum_Scalare_BB,268.6,372,308,405,378
Pterophyllum_Scalare_YWB,268.6,219,413,289,490
Pterophyllum_Scalare_W,268.6,1122,333,1161,425
Pterophyllum_Scalare_Y,268.6,931,366,986,434
G_Matriarche,268.6,150,418,196,441
Botia_Almorhae,268.6,404,290,443,381
G_Matriarche,268.6,794,418,821,452
Botia_Striata,268.6,593,396,676,440
Corydoras_Albinos,268.6,705,648,774,688
Botia_Striata,268.7,590,397,669,445
Corydoras_Albinos,268.7,704,648,769,688
Pterophyllum_Scalare_Y,268.7,932,366,988,436
Botia_Almorhae,268.7,405,291,440,385
Pterophyllum_Scalare_W,268.7,1122,334,1161,425
G_Matriarche,268.7,162,419,200,445
Pterophyllum_Scalare_YWB,268.7,223,412,291,489
Pterophyllum_Scalare_BB,268.7,371,306,405,377
Pterophyllum_Scalare_W,268.8,1122,334,1160,427
Pterophyllum_Scalare_Y,268.8,937,369,990,439
Pterophyllum_Scalare_YWB,268.8,220,411,292,488
Pterophyllum_Scalare_BB,268.8,371,309,403,372
Botia_Striata,268.8,586,401,662,449
Corydoras_Albinos,268.8,703,648,763,688
Botia_Almorhae,268.8,402,296,438,389
G_Matriarche,268.9,781,436,819,465
Corydoras_Albinos,268.9,702,646,759,688
G_Matriarche,268.9,173,422,211,447
Pterophyllum_Scalare_YWB,268.9,229,411,294,486
Pterophyllum_Scalare_Y,268.9,935,371,991,440
Pterophyllum_Scalare_BB,268.9,370,310,401,371
Botia_Striata,268.9,584,404,658,453
Pterophyllum_Scalare_W,268.9,1123,335,1159,428
Pterophyllum_Scalare_Y,269.0,936,371,993,443
Pterophyllum_Scalare_YWB,269.0,230,410,297,484
Pterophyllum_Scalare_BB,269.0,371,312,399,370
Pterophyllum_Scalare_W,269.0,1123,337,1159,430
Botia_Striata,269.0,583,409,646,455
G_Matriarche,269.0,179,420,216,448
Corydoras_Albinos,269.0,701,643,757,688
Pterophyllum_Scalare_BB,269.1,372,312,398,368
Pterophyllum_Scalare_YWB,269.1,233,410,299,482
Pterophyllum_Scalare_Y,269.1,939,376,995,446
G_Matriarche,269.1,183,422,224,448
Botia_Striata,269.1,577,413,643,461
Pterophyllum_Scalare_W,269.1,1123,337,1159,431
Corydoras_Albinos,269.1,699,644,753,688
Botia_Striata,269.2,572,415,642,466
Corydoras_Albinos,269.2,698,631,755,689
G_Matriarche,269.2,185,422,226,451
Pterophyllum_Scalare_BB,269.2,371,313,397,367
Pterophyllum_Scalare_W,269.2,1124,339,1158,432
Pterophyllum_Scalare_Y,269.2,941,377,997,451
Pterophyllum_Scalare_YWB,269.2,236,410,301,484
Pterophyllum_Scalare_YWB,269.3,237,411,303,484
Pterophyllum_Scalare_BB,269.3,369,310,395,366
G_Matriarche,269.3,191,421,225,455
Botia_Almorhae,269.3,403,284,436,374
Pterophyllum_Scalare_W,269.3,1124,341,1157,434
Corydoras_Albinos,269.3,696,632,752,688
Botia_Striata,269.3,572,419,637,469
Pterophyllum_Scalare_Y,269.3,941,379,999,452
Pterophyllum_Scalare_YWB,269.4,240,410,305,482
Pterophyllum_Scalare_W,269.4,1124,342,1156,435
G_Matriarche,269.4,196,421,230,456
Corydoras_Albinos,269.4,696,626,759,687
Botia_Almorhae,269.4,395,281,435,370
Pterophyllum_Scalare_Y,269.4,940,380,1001,454
Pterophyllum_Scalare_BB,269.4,367,309,393,366
Pterophyllum_Scalare_B,269.4,1003,552,1060,625
Botia_Striata,269.4,567,420,636,473
Botia_Striata,269.5,559,426,630,480
Pterophyllum_Scalare_YWB,269.5,234,411,308,482
Corydoras_Albinos,269.5,696,631,762,686
Pterophyllum_Scalare_B,269.5,1008,545,1066,621
Pterophyllum_Scalare_Y,269.5,941,382,1002,455
Botia_Almorhae,269.5,390,288,435,366
Pterophyllum_Scalare_BB,269.5,365,308,392,365
Pterophyllum_Scalare_W,269.5,1123,343,1155,436
G_Matriarche,269.5,200,424,229,457
Pterophyllum_Scalare_Y,269.6,941,382,1004,456
Corydoras_Albinos,269.6,696,633,748,686
Pterophyllum_Scalare_YWB,269.6,232,410,310,477
Botia_Almorhae,269.6,385,289,434,372
Pterophyllum_Scalare_W,269.6,1123,344,1154,437
Pterophyllum_Scalare_BB,269.6,363,306,389,368
G_Matriarche,269.6,201,430,233,457
Botia_Striata,269.6,557,430,616,484
Pterophyllum_Scalare_B,269.6,1008,541,1071,624
Pterophyllum_Scalare_W,269.7,1123,345,1153,438
Pterophyllum_Scalare_BB,269.7,361,306,387,371
Corydoras_Albinos,269.7,697,630,750,688
Pterophyllum_Scalare_Y,269.7,942,381,1005,459
G_Matriarche,269.7,199,431,238,457
Botia_Almorhae,269.7,374,287,431,377
Botia_Striata,269.7,554,434,623,487
Pterophyllum_Scalare_YWB,269.7,239,409,313,468
Botia_Striata,269.8,553,440,616,484
G_Matriarche,269.8,197,431,241,457
Pterophyllum_Scalare_W,269.8,1123,347,1151,438
Pterophyllum_Scalare_Y,269.8,941,386,1005,460
Corydoras_Albinos,269.8,697,633,753,688
Pterophyllum_Scalare_B,269.8,1023,536,1081,615
Botia_Almorhae,269.8,376,288,426,375
Pterophyllum_Scalare_BB,269.8,360,305,386,371
Pterophyllum_Scalare_YWB,269.8,242,408,316,464
Corydoras_Albinos,269.9,697,628,761,687
Pterophyllum_Scalare_B,269.9,1026,533,1085,616
G_Matriarche,269.9,199,432,246,458
Botia_Striata,269.9,535,452,606,492
Pterophyllum_Scalare_Y,269.9,943,389,1006,463
Pterophyllum_Scalare_W,269.9,1122,347,1150,439
Pterophyllum_Scalare_BB,269.9,359,301,389,372
Pterophyllum_Scalare_YWB,269.9,250,406,321,462
Pterophyllum_Scalare_B,270.0,1029,529,1088,603
Pterophyllum_Scalare_W,270.0,1122,348,1150,441
Pterophyllum_Scalare_YWB,270.0,256,404,323,461
Pterophyllum_Scalare_Y,270.0,948,389,1007,465
Botia_Striata,270.0,526,459,590,494
G_Matriarche,270.0,198,433,251,459
Botia_Almorhae,270.0,388,290,423,372
Pterophyllum_Scalare_BB,270.0,359,302,387,374
Botia_Almorhae,270.0,388,290,423,346
Pterophyllum_Scalare_Y,270.1,952,391,1008,467
Pterophyllum_Scalare_YWB,270.1,260,403,324,461
G_Matriarche,270.1,196,434,254,462
Botia_Almorhae,270.1,388,292,423,347
Pterophyllum_Scalare_W,270.1,1121,349,1148,443
Pterophyllum_Scalare_B,270.1,1032,526,1092,599
Botia_Striata,270.1,522,460,582,495
Pterophyllum_Scalare_BB,270.1,359,299,388,375
Pterophyllum_Scalare_BB,270.2,356,294,419,378
Pterophyllum_Scalare_BB,270.2,357,297,387,377
Corydoras_Albinos,270.2,695,646,760,689
Pterophyllum_Scalare_B,270.2,1034,524,1096,603
Pterophyllum_Scalare_W,270.2,1121,351,1147,443
Pterophyllum_Scalare_YWB,270.2,261,403,326,458
Pterophyllum_Scalare_Y,270.2,951,392,1010,470
G_Matriarche,270.2,198,434,255,464
Pterophyllum_Scalare_Y,270.3,953,394,1011,470
Pterophyllum_Scalare_BB,270.3,357,295,416,383
Pterophyllum_Scalare_BB,270.3,357,296,389,382
Botia_Striata,270.3,524,461,567,494
Botia_Almorhae,270.3,388,295,417,346
Pterophyllum_Scalare_W,270.3,1120,352,1146,444
G_Matriarche,270.3,202,436,256,465
Pterophyllum_Scalare_B,270.3,1039,524,1099,604
Pterophyllum_Scalare_Y,270.4,954,393,1015,472
G_Matriarche,270.4,205,438,254,465
Pterophyllum_Scalare_BB,270.4,356,294,413,385
Pterophyllum_Scalare_B,270.4,1043,523,1103,608
Pterophyllum_Scalare_W,270.4,1119,353,1147,446
Pterophyllum_Scalare_YWB,270.5,292,398,333,450
Corydoras_Albinos,270.5,693,655,753,689
Pterophyllum_Scalare_BB,270.5,355,295,413,385
Pterophyllum_Scalare_Y,270.5,955,396,1023,472
G_Matriarche,270.5,209,435,251,466
Pterophyllum_Scalare_W,270.5,1118,355,1146,447
Pterophyllum_Scalare_B,270.5,1045,522,1106,607
Pterophyllum_Scalare_BB,270.6,355,300,408,375
Pterophyllum_Scalare_B,270.6,1046,520,1109,608
Botia_Almorhae,270.6,354,300,408,377
Corydoras_Albinos,270.6,693,658,753,689
Pterophyllum_Scalare_W,270.6,1117,357,1145,447
Pterophyllum_Scalare_Y,270.6,954,396,1028,472
Pterophyllum_Scalare_B,270.7,1049,518,1110,608
Botia_Almorhae,270.7,354,307,403,387
Pterophyllum_Scalare_BB,270.7,354,307,403,386
Pterophyllum_Scalare_W,270.7,1116,357,1145,449
Pterophyllum_Scalare_Y,270.7,958,398,1034,472
Corydoras_Albinos,270.8,693,654,753,688
Pterophyllum_Scalare_W,270.8,1115,356,1144,454
Pterophyllum_Scalare_B,270.8,1050,519,1112,608
Pterophyllum_Scalare_YWB,270.8,297,392,331,454
Pterophyllum_Scalare_Y,270.8,963,400,1041,473
Pterophyllum_Scalare_BB,270.8,350,307,403,382
G_Matriarche,270.8,253,426,286,452
G_Matriarche,270.9,253,425,291,454
Pterophyllum_Scalare_Y,270.9,970,403,1050,472
Corydoras_Albinos,270.9,691,656,753,688
Pterophyllum_Scalare_B,270.9,1051,519,1114,609
Pterophyllum_Scalare_BB,270.9,354,308,390,372
Pterophyllum_Scalare_W,270.9,1112,366,1155,460
Pterophyllum_Scalare_YWB,270.9,297,387,331,455
Corydoras_Albinos,271.0,690,655,753,688
G_Matriarche,271.0,255,423,293,454
Pterophyllum_Scalare_BB,271.0,351,309,386,370
Pterophyllum_Scalare_W,271.0,1108,371,1162,465
Pterophyllum_Scalare_B,271.0,1052,519,1114,608
Pterophyllum_Scalare_Y,271.0,977,406,1059,472
Pterophyllum_Scalare_W,271.1,1112,375,1167,470
Pterophyllum_Scalare_B,271.1,1052,519,1114,608
Pterophyllum_Scalare_Y,271.1,986,406,1066,475
Corydoras_Albinos,271.1,690,654,755,688
Pterophyllum_Scalare_BB,271.1,356,310,393,369
Pterophyllum_Scalare_YWB,271.1,293,381,326,429
Corydoras_Albinos,271.1,439,599,492,629
G_Matriarche,271.1,257,419,296,454
Pterophyllum_Scalare_YWB,271.2,290,380,327,430
Pterophyllum_Scalare_BB,271.2,358,310,390,369
Pterophyllum_Scalare_Y,271.2,994,406,1071,478
Pterophyllum_Scalare_W,271.2,1116,380,1169,474
Corydoras_Albinos,271.2,688,650,751,688
Botia_Almorhae,271.2,388,286,437,351
G_Matriarche,271.2,258,422,297,454
Pterophyllum_Scalare_Y,271.3,998,408,1075,478
Pterophyllum_Scalare_W,271.3,1118,382,1170,475
Pterophyllum_Scalare_B,271.3,1052,518,1115,607
Corydoras_Albinos,271.3,689,651,751,688
Pterophyllum_Scalare_YWB,271.3,286,381,329,433
Pterophyllum_Scalare_BB,271.3,358,310,395,371
Botia_Almorhae,271.4,359,287,436,373
Pterophyllum_Scalare_YWB,271.4,280,380,336,432
Pterophyllum_Scalare_BB,271.4,357,307,393,373
G_Matriarche,271.4,257,425,311,455
Corydoras_Albinos,271.4,689,652,751,688
Pterophyllum_Scalare_W,271.4,1119,383,1171,477
Pterophyllum_Scalare_Y,271.4,1002,410,1080,480
Botia_Almorhae,271.5,360,289,436,375
Pterophyllum_Scalare_W,271.5,1119,385,1171,478
Pterophyllum_Scalare_BB,271.5,358,308,394,374
Corydoras_Albinos,271.5,689,652,752,688
Pterophyllum_Scalare_Y,271.5,1005,411,1082,482
Pterophyllum_Scalare_YWB,271.5,275,379,335,433
Pterophyllum_Scalare_B,271.5,1051,518,1115,606
Corydoras_Albinos,271.6,688,655,751,688
Pterophyllum_Scalare_Y,271.6,1009,413,1085,484
Botia_Almorhae,271.6,390,292,436,376
Pterophyllum_Scalare_BB,271.6,357,308,394,375
Pterophyllum_Scalare_YWB,271.6,275,379,338,437
Pterophyllum_Scalare_W,271.6,1120,386,1171,480
Corydoras_Albinos,271.7,687,656,749,688
Pterophyllum_Scalare_YWB,271.7,274,379,339,436
Botia_Almorhae,271.7,388,293,438,375
Pterophyllum_Scalare_Y,271.7,1011,414,1087,487
Pterophyllum_Scalare_W,271.7,1121,388,1171,480
Pterophyllum_Scalare_BB,271.7,356,308,394,375
Pterophyllum_Scalare_Y,271.8,1013,415,1089,489
Corydoras_Albinos,271.8,688,655,745,687
Pterophyllum_Scalare_B,271.8,1051,518,1115,608
Botia_Almorhae,271.8,394,292,436,377
Pterophyllum_Scalare_YWB,271.8,276,379,342,435
Pterophyllum_Scalare_BB,271.8,354,305,394,377
Pterophyllum_Scalare_W,271.8,1121,391,1171,482
Pterophyllum_Scalare_BB,271.9,354,309,399,378
Corydoras_Albinos,271.9,686,652,746,687
Botia_Striata,271.9,509,493,531,531
Pterophyllum_Scalare_Y,271.9,1015,416,1090,489
Pterophyllum_Scalare_YWB,271.9,277,378,344,437
Pterophyllum_Scalare_W,271.9,1121,392,1172,482
Botia_Striata,272.0,508,495,533,536
Pterophyllum_Scalare_Y,272.0,1017,416,1091,491
Pterophyllum_Scalare_YWB,272.0,276,378,346,439
Pterophyllum_Scalare_B,272.0,1051,518,1115,609
Pterophyllum_Scalare_W,272.0,1121,393,1172,483
Pterophyllum_Scalare_BB,272.0,354,310,399,379
Corydoras_Albinos,272.0,686,652,739,685
Pterophyllum_Scalare_B,272.1,1051,518,1115,609
Botia_Striata,272.1,511,498,534,538
Pterophyllum_Scalare_W,272.1,1122,395,1172,483
Pterophyllum_Scalare_YWB,272.1,276,378,347,441
Pterophyllum_Scalare_BB,272.1,353,311,398,381
Corydoras_Albinos,272.1,687,651,738,684
Pterophyllum_Scalare_Y,272.1,1019,417,1092,492
Pterophyllum_Scalare_W,272.2,1122,396,1172,484
Corydoras_Albinos,272.2,687,650,741,684
Botia_Striata,272.2,512,503,535,544
Pterophyllum_Scalare_YWB,272.2,275,379,349,443
Pterophyllum_Scalare_Y,272.2,1020,418,1093,495
Pterophyllum_Scalare_BB,272.2,352,314,395,382
Pterophyllum_Scalare_YWB,272.3,276,379,350,443
Botia_Striata,272.3,511,508,537,551
Pterophyllum_Scalare_B,272.3,1051,518,1115,611
Corydoras_Albinos,272.3,686,649,739,684
Pterophyllum_Scalare_W,272.3,1122,398,1172,485
Pterophyllum_Scalare_BB,272.3,352,318,398,385
Pterophyllum_Scalare_Y,272.3,1022,419,1095,496
Botia_Striata,272.4,518,521,540,554
Pterophyllum_Scalare_Y,272.4,1024,420,1096,495
Pterophyllum_Scalare_YWB,272.4,281,380,351,444
Pterophyllum_Scalare_B,272.4,1053,519,1116,611
Pterophyllum_Scalare_BB,272.4,349,320,393,389
Pterophyllum_Scalare_W,272.4,1122,400,1172,487
Pterophyllum_Scalare_B,272.5,1054,519,1116,611
Pterophyllum_Scalare_W,272.5,1123,402,1172,488
Pterophyllum_Scalare_YWB,272.5,281,381,354,447
Corydoras_Albinos,272.5,686,643,743,683
Pterophyllum_Scalare_Y,272.5,1026,421,1100,498
Pterophyllum_Scalare_BB,272.5,348,324,391,392
Botia_Almorhae,272.6,388,301,431,377
Pterophyllum_Scalare_Y,272.6,1034,424,1104,499
Pterophyllum_Scalare_B,272.6,1055,520,1117,611
Corydoras_Albinos,272.6,685,647,737,683
Pterophyllum_Scalare_BB,272.6,202,70,235,134
Pterophyllum_Scalare_W,272.6,1123,405,1172,489
Pterophyllum_Scalare_YWB,272.6,284,379,357,446
Pterophyllum_Scalare_BB,272.6,348,327,392,393
G_Matriarche,272.7,277,476,299,506
Pterophyllum_Scalare_BB,272.7,201,69,235,135
Pterophyllum_Scalare_Y,272.7,1047,428,1115,501
Pterophyllum_Scalare_YWB,272.7,294,383,364,448
Pterophyllum_Scalare_BB,272.7,345,330,389,398
Corydoras_Albinos,272.7,684,651,737,683
Pterophyllum_Scalare_B,272.7,1057,522,1118,613
Botia_Almorhae,272.7,388,299,435,378
Pterophyllum_Scalare_W,272.7,1126,409,1172,491
Pterophyllum_Scalare_W,272.8,1129,411,1173,493
Corydoras_Albinos,272.8,684,652,738,683
G_Matriarche,272.8,274,469,301,506
Pterophyllum_Scalare_B,272.8,1057,522,1118,613
Pterophyllum_Scalare_Y,272.8,1054,430,1121,502
Pterophyllum_Scalare_YWB,272.8,295,390,367,449
Pterophyllum_Scalare_BB,272.8,343,334,390,398
Pterophyllum_Scalare_B,272.9,1058,522,1118,615
Corydoras_Albinos,272.9,409,282,452,351
Pterophyllum_Scalare_Y,272.9,1068,434,1130,500
Pterophyllum_Scalare_BB,272.9,341,334,393,401
Pterophyllum_Scalare_YWB,272.9,295,392,370,449
Pterophyllum_Scalare_W,272.9,1133,411,1173,494
Corydoras_Albinos,272.9,682,652,736,685
Pterophyllum_Scalare_W,273.0,1139,413,1174,492
Pterophyllum_Scalare_BB,273.0,340,335,394,399
Corydoras_Albinos,273.0,680,654,737,685
Pterophyllum_Scalare_Y,273.0,1080,434,1138,499
Pterophyllum_Scalare_YWB,273.0,295,390,366,448
Pterophyllum_Scalare_B,273.0,1058,523,1119,618
Corydoras_Albinos,273.1,679,654,737,685
G_Matriarche,273.1,286,449,323,487
Pterophyllum_Scalare_W,273.1,1145,413,1172,489
Pterophyllum_Scalare_BB,273.1,340,336,393,397
Pterophyllum_Scalare_Y,273.1,1092,436,1147,501
Pterophyllum_Scalare_B,273.1,1061,524,1119,620
Botia_Almorhae,273.1,411,275,459,354
G_Matriarche,273.2,288,446,323,476
Corydoras_Albinos,273.2,677,653,736,687
Pterophyllum_Scalare_B,273.2,1062,525,1120,619
Pterophyllum_Scalare_BB,273.2,336,336,390,398
Pterophyllum_Scalare_W,273.2,1148,417,1172,497
Pterophyllum_Scalare_YWB,273.2,324,393,393,454
Pterophyllum_Scalare_Y,273.2,1101,435,1152,503
Botia_Almorhae,273.2,404,275,458,362
Corydoras_Albinos,273.3,677,651,737,687
Pterophyllum_Scalare_BB,273.3,328,339,386,405
Pterophyllum_Scalare_W,273.3,1150,421,1172,501
G_Matriarche,273.3,288,444,332,473
Botia_Almorhae,273.3,402,279,457,365
Pterophyllum_Scalare_Y,273.3,1103,434,1152,505
Pterophyllum_Scalare_YWB,273.3,339,403,400,456
Pterophyllum_Scalare_B,273.3,1064,526,1122,621
Botia_Almorhae,273.4,404,281,455,367
Pterophyllum_Scalare_B,273.4,1067,527,1123,620
Pterophyllum_Scalare_YWB,273.4,344,407,401,457
Pterophyllum_Scalare_W,273.4,1149,424,1171,507
Corydoras_Albinos,273.4,676,650,735,685
Pterophyllum_Scalare_Y,273.4,1102,433,1151,505
Pterophyllum_Scalare_BB,273.4,318,344,382,407
Pterophyllum_Scalare_W,273.5,1148,429,1170,510
Pterophyllum_Scalare_YWB,273.5,351,409,402,452
Pterophyllum_Scalare_B,273.5,1069,528,1123,625
Corydoras_Albinos,273.5,674,649,735,686
Pterophyllum_Scalare_Y,273.5,1099,433,1149,507
Pterophyllum_Scalare_BB,273.5,310,349,380,414
Botia_Almorhae,273.5,403,281,455,369
Pterophyllum_Scalare_BB,273.6,298,346,375,410
Corydoras_Albinos,273.6,673,645,731,686
Botia_Almorhae,273.6,406,282,455,371
Pterophyllum_Scalare_W,273.6,1145,433,1170,516
Pterophyllum_Scalare_B,273.6,1073,530,1123,620
Pterophyllum_Scalare_Y,273.6,1097,433,1146,509
Pterophyllum_Scalare_W,273.7,1143,437,1169,521
Botia_Almorhae,273.7,407,283,454,371
Corydoras_Albinos,273.7,671,644,728,686
G_Matriarche,273.7,292,435,352,462
Pterophyllum_Scalare_B,273.7,1078,532,1125,620
Pterophyllum_Scalare_BB,273.7,292,347,366,411
Pterophyllum_Scalare_Y,273.7,1095,434,1145,509
Corydoras_Albinos,273.8,670,637,722,685
G_Matriarche,273.8,293,434,351,462
Botia_Almorhae,273.8,406,284,454,374
Pterophyllum_Scalare_Y,273.8,1093,436,1144,510
Pterophyllum_Scalare_B,273.8,1083,534,1126,619
Pterophyllum_Scalare_BB,273.8,283,353,355,417
Pterophyllum_Scalare_W,273.8,1141,441,1168,526
Pterophyllum_Scalare_YWB,273.9,363,413,412,458
Corydoras_Albinos,273.9,670,636,721,685
Pterophyllum_Scalare_B,273.9,1087,535,1129,610
G_Matriarche,273.9,294,434,361,462
Pterophyllum_Scalare_Y,273.9,406,284,452,374
Pterophyllum_Scalare_W,273.9,1139,444,1167,527
Pterophyllum_Scalare_BB,273.9,272,356,350,422
Pterophyllum_Scalare_Y,273.9,1090,437,1142,510
Pterophyllum_Scalare_YWB,274.0,367,413,412,459
Pterophyllum_Scalare_W,274.0,1138,447,1167,530
Corydoras_Albinos,274.0,670,630,719,684
Pterophyllum_Scalare_Y,274.0,1088,439,1140,511
Pterophyllum_Scalare_BB,274.0,263,358,340,425
Botia_Almorhae,274.0,405,284,453,369
G_Matriarche,274.0,295,433,366,461
Pterophyllum_Scalare_B,274.0,1089,534,1131,608
Pterophyllum_Scalare_W,274.1,1136,448,1166,532
Pterophyllum_Scalare_Y,274.1,1085,440,1139,513
Pterophyllum_Scalare_BB,274.1,254,362,324,428
G_Matriarche,274.1,297,432,368,461
Corydoras_Albinos,274.1,668,631,720,684
Pterophyllum_Scalare_Y,274.1,407,285,450,376
Pterophyllum_Scalare_YWB,274.1,366,412,415,459
Pterophyllum_Scalare_B,274.1,1093,533,1135,604
Pterophyllum_Scalare_BB,274.2,242,366,316,428
G_Matriarche,274.2,299,430,368,461
Pterophyllum_Scalare_Y,274.2,1083,441,1138,513
Corydoras_Albinos,274.2,667,631,719,685
Pterophyllum_Scalare_YWB,274.2,367,412,415,460
Botia_Almorhae,274.2,401,283,450,369
Pterophyllum_Scalare_W,274.2,1135,450,1165,534
Pterophyllum_Scalare_B,274.2,1094,533,1137,606
Pterophyllum_Scalare_BB,274.3,233,366,308,431
G_Matriarche,274.3,301,429,370,460
Pterophyllum_Scalare_B,274.3,1096,534,1139,607
Pterophyllum_Scalare_W,274.3,1134,454,1165,537
Corydoras_Albinos,274.3,665,633,718,685
Pterophyllum_Scalare_YWB,274.3,366,414,416,461
Botia_Almorhae,274.3,408,277,451,355
Pterophyllum_Scalare_Y,274.3,1081,442,1137,513
Corydoras_Albinos,274.4,664,633,717,686
G_Matriarche,274.4,305,429,374,459
Pterophyllum_Scalare_W,274.4,1132,456,1164,538
Pterophyllum_Scalare_YWB,274.4,376,417,419,463
Pterophyllum_Scalare_BB,274.4,225,367,302,432
Botia_Almorhae,274.4,397,274,453,359
Pterophyllum_Scalare_B,274.4,1097,534,1140,607
Pterophyllum_Scalare_Y,274.4,1078,443,1136,514
G_Matriarche,274.5,309,426,376,456
Pterophyllum_Scalare_YWB,274.5,376,423,418,465
Corydoras_Albinos,274.5,664,632,715,685
Pterophyllum_Scalare_W,274.5,1130,457,1164,540
Pterophyllum_Scalare_BB,274.5,212,365,293,439
Botia_Almorhae,274.5,398,271,452,358
Pterophyllum_Scalare_B,274.5,1098,534,1142,607
Pterophyllum_Scalare_Y,274.5,1076,444,1135,513
Corydoras_Albinos,274.6,664,629,716,686
G_Matriarche,274.6,312,425,380,456
Pterophyllum_Scalare_BB,274.6,200,365,285,439
Pterophyllum_Scalare_W,274.6,1129,459,1164,542
Pterophyllum_Scalare_B,274.6,1100,533,1144,608
Botia_Almorhae,274.6,379,271,450,360
Pterophyllum_Scalare_Y,274.6,1074,446,1134,512
Pterophyllum_Scalare_B,274.7,1102,534,1145,610
Botia_Almorhae,274.7,391,274,446,365
G_Matriarche,274.7,314,424,386,454
Pterophyllum_Scalare_BB,274.7,197,364,282,437
Corydoras_Albinos,274.7,663,631,713,685
Pterophyllum_Scalare_W,274.7,1127,460,1163,545
Pterophyllum_Scalare_Y,274.7,1073,447,1134,511
G_Matriarche,274.8,315,423,391,453
Pterophyllum_Scalare_BB,274.8,191,364,278,436
Pterophyllum_Scalare_Y,274.8,1071,449,1134,508
Pterophyllum_Scalare_W,274.8,1125,462,1162,547
Corydoras_Albinos,274.8,663,629,716,685
Botia_Almorhae,274.8,387,275,440,365
Pterophyllum_Scalare_W,274.9,1124,463,1162,548
Corydoras_Albinos,274.9,663,629,716,685
Pterophyllum_Scalare_Y,274.9,1071,450,1134,507
Pterophyllum_Scalare_BB,274.9,185,370,266,433
G_Matriarche,274.9,325,421,394,453
Botia_Almorhae,274.9,390,274,437,363
Pterophyllum_Scalare_B,274.9,1103,535,1148,614
G_Matriarche,275.0,328,419,398,452
Pterophyllum_Scalare_W,275.0,1123,464,1161,548
Pterophyllum_Scalare_B,275.0,1104,536,1148,615
Pterophyllum_Scalare_Y,275.0,1072,451,1134,508
Botia_Almorhae,275.0,386,275,433,364
Corydoras_Albinos,275.0,663,630,717,685
Pterophyllum_Scalare_B,275.1,1105,538,1151,615
Botia_Almorhae,275.1,372,273,436,353
Corydoras_Albinos,275.1,663,633,718,685
Pterophyllum_Scalare_Y,275.1,1071,452,1135,507
Pterophyllum_Scalare_BB,275.1,218,367,255,422
G_Matriarche,275.1,331,418,403,451
Pterophyllum_Scalare_W,275.1,1121,466,1159,550
Corydoras_Albinos,275.2,663,638,718,685
Botia_Almorhae,275.2,386,267,442,340
Pterophyllum_Scalare_BB,275.2,213,365,258,423
Pterophyllum_Scalare_W,275.2,1118,468,1158,552
G_Matriarche,275.2,333,417,411,452
Pterophyllum_Scalare_Y,275.2,1071,452,1136,505
Pterophyllum_Scalare_W,275.3,1114,472,1156,553
Corydoras_Albinos,275.3,663,642,718,686
Pterophyllum_Scalare_BB,275.3,206,364,258,419
Pterophyllum_Scalare_Y,275.3,1073,452,1138,502
Botia_Almorhae,275.3,380,266,441,345
G_Matriarche,275.3,336,415,417,452
Pterophyllum_Scalare_BB,275.4,204,362,261,418
Botia_Almorhae,275.4,363,266,441,336
Pterophyllum_Scalare_W,275.4,1111,473,1154,557
G_Matriarche,275.4,340,415,422,450
Pterophyllum_Scalare_Y,275.4,1074,451,1135,499
Corydoras_Albinos,275.4,663,645,722,687
Botia_Almorhae,275.5,360,265,438,337
Pterophyllum_Scalare_W,275.5,1108,475,1153,562
G_Matriarche,275.5,344,414,425,449
Pterophyllum_Scalare_BB,275.5,198,360,265,417
Pterophyllum_Scalare_Y,275.5,1074,451,1134,498
Corydoras_Albinos,275.5,663,647,720,689
Pterophyllum_Scalare_BB,275.6,200,358,268,415
Botia_Almorhae,275.6,361,266,435,344
G_Matriarche,275.6,347,413,430,447
Pterophyllum_Scalare_W,275.6,1105,476,1152,563
Corydoras_Albinos,275.6,664,650,721,689
Pterophyllum_Scalare_Y,275.6,1076,450,1134,496
Corydoras_Albinos,275.6,719,630,765,657
Pterophyllum_Scalare_BB,275.7,200,355,271,413
Corydoras_Albinos,275.7,664,653,725,690
G_Matriarche,275.7,352,411,435,447
Pterophyllum_Scalare_Y,275.7,1079,449,1134,494
Pterophyllum_Scalare_W,275.7,1103,477,1151,563
Botia_Almorhae,275.7,362,266,431,345
Corydoras_Albinos,275.8,666,654,724,690
Pterophyllum_Scalare_BB,275.8,201,353,273,412
Pterophyllum_Scalare_W,275.8,1099,479,1150,564
G_Matriarche,275.8,356,409,442,447
Corydoras_Albinos,275.8,719,631,767,656
Pterophyllum_Scalare_Y,275.8,1081,449,1134,494
Botia_Almorhae,275.8,358,270,427,350
Corydoras_Albinos,275.9,666,657,725,690
Botia_Almorhae,275.9,352,271,423,350
Pterophyllum_Scalare_W,275.9,1097,481,1147,564
G_Matriarche,275.9,361,408,445,447
Pterophyllum_Scalare_Y,275.9,1082,448,1134,494
Pterophyllum_Scalare_BB,275.9,204,351,276,412
Botia_Almorhae,276.0,359,274,419,357
G_Matriarche,276.0,365,407,451,446
Pterophyllum_Scalare_Y,276.0,1083,448,1134,494
Pterophyllum_Scalare_BB,276.0,206,348,280,413
Pterophyllum_Scalare_W,276.0,1095,482,1145,564
Corydoras_Albinos,276.0,670,657,728,689
Pterophyllum_Scalare_BB,276.1,207,345,284,411
Corydoras_Albinos,276.1,674,657,721,691
G_Matriarche,276.1,370,406,455,445
Pterophyllum_Scalare_W,276.1,1093,483,1143,564
Botia_Almorhae,276.1,359,279,416,356
Pterophyllum_Scalare_Y,276.1,1084,447,1134,492
Pterophyllum_Scalare_BB,276.2,209,344,288,412
Pterophyllum_Scalare_W,276.2,1091,485,1143,565
Botia_Almorhae,276.2,354,281,419,346
Pterophyllum_Scalare_Y,276.2,1085,447,1134,491
Corydoras_Albinos,276.2,675,658,723,690
G_Matriarche,276.2,375,404,460,443
G_Matriarche,276.3,380,403,465,441
Corydoras_Albinos,276.3,681,658,727,689
Pterophyllum_Scalare_W,276.3,1089,485,1141,565
Pterophyllum_Scalare_BB,276.3,210,344,290,413
Pterophyllum_Scalare_Y,276.3,1086,446,1134,490
Corydoras_Albinos,276.4,681,659,732,689
Pterophyllum_Scalare_Y,276.4,1087,444,1134,490
Pterophyllum_Scalare_W,276.4,1087,486,1139,566
G_Matriarche,276.4,385,401,473,441
Pterophyllum_Scalare_BB,276.4,212,344,290,413
Botia_Almorhae,276.4,361,276,440,335
Pterophyllum_Scalare_BB,276.5,214,345,290,413
Corydoras_Albinos,276.5,685,658,734,687
Pterophyllum_Scalare_Y,276.5,1088,442,1134,492
Corydoras_Albinos,276.5,717,630,765,658
G_Matriarche,276.5,390,400,478,440
Pterophyllum_Scalare_W,276.5,1084,488,1137,566
Pterophyllum_Scalare_W,276.6,1082,489,1135,567
Pterophyllum_Scalare_BB,276.6,215,346,292,414
Pterophyllum_Scalare_Y,276.6,1088,440,1134,493
Corydoras_Albinos,276.6,685,658,734,686
G_Matriarche,276.6,395,398,482,439
Pterophyllum_Scalare_B,276.6,1122,534,1160,610
Pterophyllum_Scalare_B,276.7,1123,534,1160,609
Botia_Almorhae,276.7,397,256,472,327
Corydoras_Albinos,276.7,685,657,743,685
Pterophyllum_Scalare_W,276.7,1081,489,1134,567
Pterophyllum_Scalare_Y,276.7,1088,439,1133,492
Pterophyllum_Scalare_BB,276.7,216,346,294,414
G_Matriarche,276.7,400,397,488,438
Corydoras_Albinos,276.8,718,630,764,655
Corydoras_Albinos,276.8,686,655,745,684
G_Matriarche,276.8,404,396,493,436
Pterophyllum_Scalare_W,276.8,1079,490,1132,567
Pterophyllum_Scalare_Y,276.8,1088,438,1133,492
Botia_Almorhae,276.8,400,255,473,333
Pterophyllum_Scalare_B,276.8,1123,533,1161,608
Pterophyllum_Scalare_BB,276.8,219,346,297,413
Corydoras_Albinos,276.9,685,653,742,682
Pterophyllum_Scalare_W,276.9,1076,490,1129,569
Pterophyllum_Scalare_BB,276.9,219,345,300,412
Pterophyllum_Scalare_Y,276.9,1088,437,1132,492
G_Matriarche,276.9,407,395,496,435
Pterophyllum_Scalare_B,276.9,1123,533,1161,608
Corydoras_Albinos,276.9,718,631,765,655
Pterophyllum_Scalare_B,277.0,1123,533,1161,608
Pterophyllum_Scalare_W,277.0,1073,491,1128,570
G_Matriarche,277.0,415,395,500,432
Corydoras_Albinos,277.0,685,652,745,681
Botia_Almorhae,277.0,423,266,472,344
Pterophyllum_Scalare_BB,277.0,223,343,303,409
Corydoras_Albinos,277.0,719,630,765,654
Pterophyllum_Scalare_Y,277.0,1087,437,1132,491
Corydoras_Albinos,277.1,686,651,742,678
Pterophyllum_Scalare_B,277.1,1123,532,1161,607
Corydoras_Albinos,277.1,719,630,765,654
Pterophyllum_Scalare_Y,277.1,1087,436,1132,491
Pterophyllum_Scalare_BB,277.1,225,340,309,411
G_Matriarche,277.1,419,394,503,429
Pterophyllum_Scalare_W,277.1,1072,493,1127,571
Pterophyllum_Scalare_Y,277.2,1086,435,1131,490
G_Matriarche,277.2,424,393,508,428
Corydoras_Albinos,277.2,685,650,743,678
Pterophyllum_Scalare_BB,277.2,229,340,310,411
Pterophyllum_Scalare_B,277.2,1122,532,1161,610
Pterophyllum_Scalare_W,277.2,1070,494,1124,571
Pterophyllum_Scalare_Y,277.3,1086,435,1131,491
Pterophyllum_Scalare_B,277.3,1123,531,1162,610
Corydoras_Albinos,277.3,687,649,742,678
G_Matriarche,277.3,428,393,512,429
Pterophyllum_Scalare_W,277.3,1067,495,1122,572
Pterophyllum_Scalare_BB,277.3,230,344,306,413
Corydoras_Albinos,277.4,686,648,743,677
G_Matriarche,277.4,430,392,515,427
Pterophyllum_Scalare_W,277.4,1063,496,1120,573
Pterophyllum_Scalare_B,277.4,1123,530,1162,610
Pterophyllum_Scalare_BB,277.4,232,345,300,416
Pterophyllum_Scalare_Y,277.4,1086,434,1130,491
Pterophyllum_Scalare_Y,277.5,1086,434,1129,490
Pterophyllum_Scalare_Y,277.5,430,284,467,362
G_Matriarche,277.5,433,391,516,427
Pterophyllum_Scalare_BB,277.5,231,346,295,423
Pterophyllum_Scalare_W,277.5,1061,497,1118,574
Pterophyllum_Scalare_B,277.5,1122,531,1161,610
Corydoras_Albinos,277.5,687,647,745,676
Pterophyllum_Scalare_BB,277.6,229,354,291,428
G_Matriarche,277.6,433,390,517,427
Corydoras_Albinos,277.6,686,647,742,675
Pterophyllum_Scalare_Y,277.6,1086,434,1128,492
Pterophyllum_Scalare_W,277.6,1061,498,1117,575
Pterophyllum_Scalare_Y,277.6,430,291,465,366
Pterophyllum_Scalare_B,277.6,1122,531,1161,610
G_Matriarche,277.7,432,390,519,426
Pterophyllum_Scalare_B,277.7,1122,531,1160,611
Corydoras_Albinos,277.7,686,646,745,675
Pterophyllum_Scalare_BB,277.7,230,358,286,432
Pterophyllum_Scalare_Y,277.7,1086,434,1127,492
Pterophyllum_Scalare_W,277.7,1060,499,1115,574
Botia_Almorhae,277.7,431,299,464,375
Corydoras_Albinos,277.8,685,644,743,673
G_Matriarche,277.8,432,389,520,426
Pterophyllum_Scalare_Y,277.8,1085,434,1126,493
Pterophyllum_Scalare_BB,277.8,234,364,282,435
Pterophyllum_Scalare_B,277.8,1121,531,1161,611
Pterophyllum_Scalare_W,277.8,1056,500,1113,573
Pterophyllum_Scalare_Y,277.9,442,285,475,368
G_Matriarche,277.9,433,389,521,425
Pterophyllum_Scalare_B,277.9,1121,531,1161,611
Corydoras_Albinos,277.9,684,643,744,673
Pterophyllum_Scalare_Y,277.9,1085,433,1125,494
Pterophyllum_Scalare_BB,277.9,234,369,279,439
Pterophyllum_Scalare_W,277.9,1054,501,1111,575
Pterophyllum_Scalare_BB,278.0,229,374,276,440
G_Matriarche,278.0,433,388,522,424
Pterophyllum_Scalare_W,278.0,1052,503,1109,576
Botia_Almorhae,278.0,452,275,479,365
Pterophyllum_Scalare_B,278.0,1121,531,1161,611
Corydoras_Albinos,278.0,685,641,746,672
Pterophyllum_Scalare_Y,278.0,1085,433,1124,495
Pterophyllum_Scalare_BB,278.1,224,378,274,441
Corydoras_Albinos,278.1,683,640,742,672
Pterophyllum_Scalare_Y,278.1,1085,433,1122,496
Botia_Almorhae,278.1,447,271,479,364
G_Matriarche,278.1,153,80,180,105
Pterophyllum_Scalare_B,278.1,1121,531,1161,612
Pterophyllum_Scalare_W,278.1,1053,504,1106,577
G_Matriarche,278.1,434,387,521,422
Botia_Almorhae,278.2,444,273,469,353
Pterophyllum_Scalare_B,278.2,1120,530,1161,612
Corydoras_Albinos,278.2,682,638,746,671
Pterophyllum_Scalare_BB,278.2,218,381,271,444
G_Matriarche,278.2,436,386,523,421
Pterophyllum_Scalare_Y,278.2,1085,433,1121,497
Pterophyllum_Scalare_W,278.2,1050,505,1104,577
Pterophyllum_Scalare_BB,278.3,208,381,267,445
Corydoras_Albinos,278.3,682,637,746,670
Pterophyllum_Scalare_Y,278.3,1085,432,1120,498
Pterophyllum_Scalare_B,278.3,1120,530,1161,611
Pterophyllum_Scalare_W,278.3,1045,506,1100,578
Botia_Almorhae,278.3,440,275,466,365
G_Matriarche,278.3,437,385,521,418
Corydoras_Albinos,278.4,681,636,746,670
Botia_Almorhae,278.4,436,277,464,359
Pterophyllum_Scalare_W,278.4,1041,507,1098,578
Pterophyllum_Scalare_B,278.4,1120,530,1161,612
Pterophyllum_Scalare_Y,278.4,1084,432,1118,499
G_Matriarche,278.4,438,384,519,417
Pterophyllum_Scalare_BB,278.4,199,380,263,447
Pterophyllum_Scalare_BB,278.5,191,379,260,446
Pterophyllum_Scalare_W,278.5,1039,507,1095,577
Botia_Almorhae,278.5,435,276,460,363
Corydoras_Albinos,278.5,682,635,753,669
Pterophyllum_Scalare_Y,278.5,1084,432,1117,500
Pterophyllum_Scalare_B,278.5,1120,529,1161,613
G_Matriarche,278.5,435,383,521,416
Pterophyllum_Scalare_W,278.6,1037,507,1093,576
G_Matriarche,278.6,432,382,520,415
Pterophyllum_Scalare_BB,278.6,191,376,257,444
Pterophyllum_Scalare_Y,278.6,1084,431,1115,502
Corydoras_Albinos,278.6,681,634,752,668
Pterophyllum_Scalare_B,278.6,1120,529,1161,611
G_Matriarche,278.7,429,380,518,416
Corydoras_Albinos,278.7,682,634,753,668
Pterophyllum_Scalare_Y,278.7,1084,431,1113,502
Pterophyllum_Scalare_B,278.7,1119,528,1161,611
Pterophyllum_Scalare_BB,278.7,188,374,257,441
Pterophyllum_Scalare_W,278.7,1035,508,1090,577
Corydoras_Albinos,278.8,682,631,758,667
Pterophyllum_Scalare_Y,278.8,1084,431,1112,503
Pterophyllum_Scalare_BB,278.8,188,371,257,437
Pterophyllum_Scalare_W,278.8,1035,508,1089,577
G_Matriarche,278.8,428,380,517,415
Pterophyllum_Scalare_B,278.8,1118,528,1160,612
G_Matriarche,278.9,427,379,516,415
Pterophyllum_Scalare_BB,278.9,190,368,259,434
Pterophyllum_Scalare_B,278.9,1117,527,1159,611
Pterophyllum_Scalare_W,278.9,1034,509,1086,576
Pterophyllum_Scalare_Y,278.9,1083,431,1110,505
Corydoras_Albinos,278.9,680,630,757,667
Pterophyllum_Scalare_Y,279.0,1083,431,1109,507
Pterophyllum_Scalare_BB,279.0,191,364,262,431
Corydoras_Albinos,279.0,679,628,752,665
G_Matriarche,279.0,426,379,516,415
Pterophyllum_Scalare_W,279.0,1034,509,1083,575
Botia_Almorhae,279.0,424,284,458,364
Pterophyllum_Scalare_B,279.0,1116,526,1158,607
Pterophyllum_Scalare_BB,279.1,193,361,264,428
Pterophyllum_Scalare_Y,279.1,1083,432,1108,508
Pterophyllum_Scalare_W,279.1,1034,509,1081,575
G_Matriarche,279.1,425,377,516,413
Pterophyllum_Scalare_B,279.1,1114,527,1157,606
Corydoras_Albinos,279.1,676,626,763,663
Pterophyllum_Scalare_BB,279.2,198,357,267,424
Pterophyllum_Scalare_B,279.2,1112,526,1156,605
Pterophyllum_Scalare_Y,279.2,1081,434,1106,510
G_Matriarche,279.2,426,373,516,412
Botia_Almorhae,279.2,419,286,449,361
Pterophyllum_Scalare_W,279.2,1034,510,1077,576
Corydoras_Albinos,279.2,674,624,754,661
G_Matriarche,279.3,425,371,517,410
Pterophyllum_Scalare_B,279.3,1110,525,1155,605
Corydoras_Albinos,279.3,673,622,737,660
Pterophyllum_Scalare_BB,279.3,200,353,270,420
Botia_Almorhae,279.3,415,289,445,358
Pterophyllum_Scalare_Y,279.3,1080,435,1105,512
Pterophyllum_Scalare_W,279.3,1034,510,1073,575
Pterophyllum_Scalare_W,279.4,1034,511,1071,574
Botia_Almorhae,279.4,411,291,442,362
Pterophyllum_Scalare_Y,279.4,1078,437,1103,513
Pterophyllum_Scalare_BB,279.4,197,348,274,416
Corydoras_Albinos,279.4,672,621,736,658
G_Matriarche,279.4,427,368,516,409
Pterophyllum_Scalare_B,279.4,1107,525,1154,603
Corydoras_Albinos,279.5,672,620,737,657
Pterophyllum_Scalare_W,279.5,1034,512,1066,572
Pterophyllum_Scalare_B,279.5,1105,524,1153,597
Pterophyllum_Scalare_Y,279.5,1076,439,1101,515
G_Matriarche,279.5,428,366,516,408
Pterophyllum_Scalare_BB,279.5,202,345,279,413
Botia_Almorhae,279.6,404,300,434,371
Pterophyllum_Scalare_Y,279.6,1074,441,1099,516
Pterophyllum_Scalare_BB,279.6,206,342,284,412
Pterophyllum_Scalare_Y,279.6,1034,512,1061,571
G_Matriarche,279.6,428,362,518,404
Corydoras_Albinos,279.6,672,620,735,657
Pterophyllum_Scalare_B,279.6,1102,521,1152,599
Pterophyllum_Scalare_BB,279.7,211,341,289,410
Pterophyllum_Scalare_Y,279.7,1034,512,1059,570
Pterophyllum_Scalare_B,279.7,1101,521,1152,599
Pterophyllum_Scalare_Y,279.7,1072,442,1097,517
G_Matriarche,279.7,430,359,518,401
Corydoras_Albinos,279.7,671,618,736,656
Pterophyllum_Scalare_BB,279.8,212,339,290,408
Corydoras_Panda,279.8,294,578,334,629
Pterophyllum_Scalare_B,279.8,1101,521,1151,599
Pterophyllum_Scalare_Y,279.8,1071,443,1096,518
Pterophyllum_Scalare_Y,279.8,395,292,438,383
G_Matriarche,279.8,434,358,519,397
Corydoras_Albinos,279.8,672,618,734,654
Corydoras_Albinos,279.9,669,616,732,653
Pterophyllum_Scalare_B,279.9,1100,520,1152,599
Pterophyllum_Scalare_BB,279.9,213,339,290,408
Botia_Almorhae,279.9,390,280,442,368
G_Matriarche,279.9,432,355,519,395
Pterophyllum_Scalare_Y,279.9,1069,445,1093,519
Pterophyllum_Scalare_BB,280.0,214,339,290,407
G_Matriarche,280.0,433,350,521,389
Corydoras_Albinos,280.0,669,614,730,652
Pterophyllum_Scalare_B,280.0,1100,520,1152,600
Pterophyllum_Scalare_Y,280.0,1068,445,1091,520
Botia_Almorhae,280.0,371,271,446,349
G_Matriarche,280.1,433,348,520,383
Pterophyllum_Scalare_BB,280.1,214,339,290,407
Pterophyllum_Scalare_B,280.1,1103,520,1151,600
Corydoras_Albinos,280.1,668,613,729,650
Pterophyllum_Scalare_Y,280.1,1066,444,1090,520
G_Matriarche,280.2,434,347,518,380
Pterophyllum_Scalare_BB,280.2,213,339,291,408
Corydoras_Albinos,280.2,668,610,729,648
Pterophyllum_Scalare_Y,280.2,1065,443,1089,520
Pterophyllum_Scalare_Y,280.2,405,260,460,335
Pterophyllum_Scalare_B,280.2,1106,519,1152,601
Pterophyllum_Scalare_B,280.3,1109,520,1149,598
Pterophyllum_Scalare_BB,280.3,212,339,292,407
G_Matriarche,280.3,434,344,521,378
Pterophyllum_Scalare_Y,280.3,1063,441,1090,519
Corydoras_Albinos,280.3,667,608,730,646
Botia_Almorhae,280.3,398,255,461,331
G_Matriarche,280.4,431,341,520,377
Corydoras_Albinos,280.4,665,606,729,643
Pterophyllum_Scalare_BB,280.4,217,336,295,406
Pterophyllum_Scalare_B,280.4,1112,528,1144,595
Botia_Almorhae,280.4,407,258,459,334
Pterophyllum_Scalare_Y,280.4,1061,440,1090,518
G_Matriarche,280.5,437,341,519,375
Pterophyllum_Scalare_Y,280.5,1060,439,1089,516
Botia_Almorhae,280.5,399,264,457,336
Pterophyllum_Scalare_BB,280.5,219,335,299,404
Corydoras_Albinos,280.5,665,604,730,642
Pterophyllum_Scalare_Y,280.6,1059,437,1088,515
Pterophyllum_Scalare_BB,280.6,223,331,302,403
G_Matriarche,280.6,442,339,523,372
Corydoras_Albinos,280.6,665,603,727,640
Botia_Almorhae,280.6,395,266,455,341
Pterophyllum_Scalare_Y,280.7,1056,436,1087,514
Pterophyllum_Scalare_BB,280.7,228,330,305,400
Corydoras_Albinos,280.7,664,601,731,641
Pterophyllum_Scalare_YWB,280.7,402,424,446,461
G_Matriarche,280.7,443,338,519,374
Pterophyllum_Scalare_Y,280.8,1054,434,1087,513
G_Matriarche,280.8,444,337,525,374
Pterophyllum_Scalare_YWB,280.8,400,422,434,460
Corydoras_Albinos,280.8,664,599,728,639
Pterophyllum_Scalare_BB,280.8,232,331,307,398
Pterophyllum_Scalare_Y,280.9,1052,432,1085,512
Pterophyllum_Scalare_BB,280.9,236,331,309,397
Corydoras_Albinos,280.9,663,597,733,639
G_Matriarche,280.9,445,337,524,374
Pterophyllum_Scalare_YWB,280.9,397,422,430,461
Botia_Almorhae,280.9,371,277,449,347
Corydoras_Albinos,281.0,662,596,732,639
Pterophyllum_Scalare_Y,281.0,1050,433,1082,511
Pterophyllum_Scalare_YWB,281.0,393,421,428,462
Pterophyllum_Scalare_BB,281.0,237,329,309,395
G_Matriarche,281.0,445,338,524,376
Pterophyllum_Scalare_BB,281.1,237,330,306,395
Corydoras_Albinos,281.1,662,595,736,638
Pterophyllum_Scalare_YWB,281.1,390,422,425,461
Pterophyllum_Scalare_B,281.1,1106,531,1152,608
Pterophyllum_Scalare_Y,281.1,1046,432,1080,510
G_Matriarche,281.1,444,339,525,377
Botia_Almorhae,281.2,425,270,464,338
Pterophyllum_Scalare_YWB,281.2,386,422,425,463
Pterophyllum_Scalare_Y,281.2,1043,432,1078,507
Corydoras_Albinos,281.2,661,594,734,637
Pterophyllum_Scalare_BB,281.2,237,331,303,397
Pterophyllum_Scalare_B,281.2,1104,530,1150,606
G_Matriarche,281.2,442,341,520,378
Pterophyllum_Scalare_BB,281.3,235,332,299,396
Corydoras_Albinos,281.3,660,593,734,637
Pterophyllum_Scalare_Y,281.3,1040,432,1076,505
Pterophyllum_Scalare_B,281.3,1101,531,1149,606
G_Matriarche,281.3,442,340,525,378
Pterophyllum_Scalare_YWB,281.3,380,423,424,462
Pterophyllum_Scalare_B,281.4,1098,528,1147,604
Pterophyllum_Scalare_Y,281.4,1036,432,1073,502
Botia_Almorhae,281.4,421,269,462,348
Pterophyllum_Scalare_YWB,281.4,374,422,425,463
Pterophyllum_Scalare_BB,281.4,234,332,298,397
Corydoras_Albinos,281.4,660,592,734,636
G_Matriarche,281.4,441,341,523,378
Pterophyllum_Scalare_YWB,281.5,371,422,424,463
Corydoras_Albinos,281.5,660,591,733,636
Pterophyllum_Scalare_BB,281.5,230,332,297,397
Pterophyllum_Scalare_B,281.5,1095,526,1143,604
Pterophyllum_Scalare_Y,281.5,1031,431,1069,502
G_Matriarche,281.5,439,342,520,379
Botia_Almorhae,281.5,420,270,459,349
Corydoras_Albinos,281.6,659,590,735,634
Botia_Almorhae,281.6,422,271,455,363
Pterophyllum_Scalare_Y,281.6,422,270,455,362
Pterophyllum_Scalare_Y,281.6,1026,431,1064,496
Pterophyllum_Scalare_BB,281.6,226,331,297,398
Pterophyllum_Scalare_B,281.6,1092,524,1141,600
G_Matriarche,281.6,434,341,519,379
Pterophyllum_Scalare_YWB,281.6,366,421,420,463
Pterophyllum_Scalare_BB,281.7,225,331,296,399
Corydoras_Albinos,281.7,658,589,735,633
Pterophyllum_Scalare_YWB,281.7,363,421,418,462
G_Matriarche,281.7,434,342,517,380
Pterophyllum_Scalare_Y,281.7,1021,430,1061,495
Pterophyllum_Scalare_B,281.7,1089,522,1141,595
Botia_Almorhae,281.7,410,272,452,346
Pterophyllum_Scalare_B,281.8,1088,521,1139,595
Pterophyllum_Scalare_BB,281.8,222,331,295,400
Corydoras_Albinos,281.8,657,589,734,633
Pterophyllum_Scalare_Y,281.8,1016,429,1057,495
Botia_Almorhae,281.8,412,274,449,353
G_Matriarche,281.8,431,342,517,381
Pterophyllum_Scalare_YWB,281.8,359,419,418,461
Pterophyllum_Scalare_BB,281.9,222,332,294,402
Pterophyllum_Scalare_B,281.9,1086,519,1136,596
G_Matriarche,281.9,430,341,517,382
Pterophyllum_Scalare_Y,281.9,1010,429,1053,495
Pterophyllum_Scalare_YWB,281.9,351,417,413,460
Corydoras_Albinos,281.9,657,589,735,633
Pterophyllum_Scalare_BB,282.0,223,334,294,404
Pterophyllum_Scalare_YWB,282.0,344,416,409,460
Corydoras_Albinos,282.0,655,590,732,632
G_Matriarche,282.0,431,342,517,383
Pterophyllum_Scalare_B,282.0,1083,519,1133,596
Pterophyllum_Scalare_Y,282.0,1003,430,1051,496
Pterophyllum_Scalare_B,282.1,1081,517,1131,595
Corydoras_Albinos,282.1,654,589,733,634
Pterophyllum_Scalare_BB,282.1,225,334,295,405
G_Matriarche,282.1,435,344,517,382
Pterophyllum_Scalare_YWB,282.1,339,415,408,461
Pterophyllum_Scalare_Y,282.1,997,430,1048,495
Pterophyllum_Scalare_YWB,282.2,335,416,406,463
Corydoras_Albinos,282.2,652,589,729,632
Botia_Almorhae,282.2,399,279,443,345
Pterophyllum_Scalare_Y,282.2,992,430,1045,496
Pterophyllum_Scalare_B,282.2,1079,516,1129,595
G_Matriarche,282.2,434,345,517,382
Pterophyllum_Scalare_BB,282.2,230,334,297,406
Pterophyllum_Scalare_Y,282.3,985,430,1041,497
Corydoras_Albinos,282.3,650,589,726,634
Pterophyllum_Scalare_YWB,282.3,333,417,402,460
Pterophyllum_Scalare_BB,282.3,233,336,297,408
Botia_Almorhae,282.3,392,280,439,367
G_Matriarche,282.3,436,346,517,381
Pterophyllum_Scalare_B,282.3,1076,516,1126,594
G_Matriarche,282.4,435,345,514,380
Pterophyllum_Scalare_BB,282.4,236,337,297,409
Botia_Almorhae,282.4,387,278,436,368
Corydoras_Albinos,282.4,648,589,725,633
Pterophyllum_Scalare_Y,282.4,979,428,1037,498
Pterophyllum_Scalare_YWB,282.4,331,419,401,461
Pterophyllum_Scalare_B,282.4,1074,516,1122,594
G_Matriarche,282.5,434,346,510,380
Pterophyllum_Scalare_BB,282.5,237,337,298,409
Pterophyllum_Scalare_Y,282.5,972,427,1034,495
Botia_Almorhae,282.5,389,282,432,372
Pterophyllum_Scalare_YWB,282.5,329,420,397,460
Corydoras_Albinos,282.5,646,588,720,632
Pterophyllum_Scalare_B,282.5,1072,517,1121,593
G_Matriarche,282.6,425,344,510,379
Pterophyllum_Scalare_B,282.6,1068,517,1119,594
Botia_Almorhae,282.6,385,286,428,369
Corydoras_Albinos,282.6,643,587,722,632
Pterophyllum_Scalare_BB,282.6,235,336,295,408
Pterophyllum_Scalare_YWB,282.6,330,422,391,460
Pterophyllum_Scalare_Y,282.6,967,426,1032,493
Corydoras_Albinos,282.7,641,586,716,628
Pterophyllum_Scalare_B,282.7,1066,520,1116,595
Botia_Almorhae,282.7,380,287,425,374
G_Matriarche,282.7,416,343,508,377
Pterophyllum_Scalare_BB,282.7,234,336,295,408
Pterophyllum_Scalare_Y,282.7,961,425,1029,494
Pterophyllum_Scalare_B,282.8,1063,522,1113,593
G_Matriarche,282.8,415,341,504,375
Pterophyllum_Scalare_BB,282.8,231,337,293,409
Pterophyllum_Scalare_Y,282.8,956,423,1026,492
Pterophyllum_Scalare_YWB,282.8,329,423,387,460
Corydoras_Albinos,282.8,639,585,717,628
Botia_Almorhae,282.8,378,295,416,372
Pterophyllum_Scalare_BB,282.9,230,339,294,409
G_Matriarche,282.9,416,338,503,372
Pterophyllum_Scalare_Y,282.9,951,420,1025,489
Pterophyllum_Scalare_B,282.9,1059,524,1110,595
Corydoras_Albinos,282.9,637,585,718,629
Pterophyllum_Scalare_YWB,282.9,328,423,389,459
Pterophyllum_Scalare_Y,283.0,946,417,1022,486
Pterophyllum_Scalare_BB,283.0,227,342,296,411
Pterophyllum_Scalare_YWB,283.0,326,421,387,458
Pterophyllum_Scalare_B,283.0,1057,525,1108,601
Corydoras_Albinos,283.0,637,585,715,627
G_Matriarche,283.0,416,335,501,370
G_Matriarche,283.1,415,332,499,367
Pterophyllum_Scalare_B,283.1,1054,527,1107,603
Pterophyllum_Scalare_BB,283.1,225,343,296,411
Corydoras_Albinos,283.1,636,585,716,630
Pterophyllum_Scalare_YWB,283.1,328,418,385,458
Pterophyllum_Scalare_Y,283.1,942,413,1019,483
Pterophyllum_Scalare_BB,283.2,226,344,296,412
G_Matriarche,283.2,413,327,499,363
Pterophyllum_Scalare_YWB,283.2,330,414,382,457
Pterophyllum_Scalare_B,283.2,1053,528,1103,604
Pterophyllum_Scalare_Y,283.2,937,410,1014,481
Corydoras_Albinos,283.2,636,584,717,629
G_Matriarche,283.3,412,322,498,359
Pterophyllum_Scalare_B,283.3,1051,528,1102,604
Pterophyllum_Scalare_YWB,283.3,331,413,380,453
Pterophyllum_Scalare_BB,283.3,226,345,298,415
Corydoras_Albinos,283.3,635,582,714,628
Pterophyllum_Scalare_Y,283.3,932,408,1009,479
Corydoras_Albinos,283.4,635,580,714,628
Pterophyllum_Scalare_BB,283.4,225,346,301,416
Pterophyllum_Scalare_Y,283.4,927,406,1006,475
G_Matriarche,283.4,412,317,498,355
Pterophyllum_Scalare_YWB,283.4,333,412,376,451
Pterophyllum_Scalare_B,283.4,1048,530,1100,606
Pterophyllum_Scalare_YWB,283.5,333,411,375,450
Corydoras_Albinos,283.5,635,578,712,625
G_Matriarche,283.5,412,311,499,348
Pterophyllum_Scalare_B,283.5,1046,531,1097,613
Pterophyllum_Scalare_BB,283.5,224,348,304,418
Pterophyllum_Scalare_Y,283.5,923,405,1001,473
Corydoras_Albinos,283.6,634,576,712,625
G_Matriarche,283.6,412,304,500,343
Pterophyllum_Scalare_B,283.6,1044,533,1095,614
Pterophyllum_Scalare_YWB,283.6,335,410,373,449
Pterophyllum_Scalare_Y,283.6,918,403,995,470
Pterophyllum_Scalare_BB,283.6,225,349,308,418
G_Matriarche,283.7,409,297,500,338
Pterophyllum_Scalare_BB,283.7,230,349,311,418
Pterophyllum_Scalare_Y,283.7,910,402,992,469
Pterophyllum_Scalare_B,283.7,1043,535,1092,613
Corydoras_Albinos,283.7,633,573,713,622
Pterophyllum_Scalare_YWB,283.7,338,409,372,450
Pterophyllum_Scalare_B,283.8,1040,538,1089,610
Corydoras_Albinos,283.8,633,571,711,619
G_Matriarche,283.8,411,287,502,331
Pterophyllum_Scalare_BB,283.8,230,349,312,417
Pterophyllum_Scalare_Y,283.8,905,401,987,469
Pterophyllum_Scalare_YWB,283.8,340,408,371,451
Pterophyllum_Scalare_BB,283.9,231,349,312,417
Pterophyllum_Scalare_B,283.9,1038,539,1089,614
Pterophyllum_Scalare_YWB,283.9,342,405,369,452
Pterophyllum_Scalare_Y,283.9,899,398,975,468
Corydoras_Albinos,283.9,633,568,711,619
G_Matriarche,283.9,410,281,504,325
Pterophyllum_Scalare_YWB,284.0,343,397,374,453
Corydoras_Albinos,284.0,633,566,710,614
Pterophyllum_Scalare_B,284.0,1032,541,1086,624
G_Matriarche,284.0,411,276,504,320
Pterophyllum_Scalare_BB,284.0,236,348,314,416
Pterophyllum_Scalare_Y,284.0,893,396,969,469
Pterophyllum_Scalare_BB,284.1,238,348,315,419
Pterophyllum_Scalare_YWB,284.1,341,399,388,453
Corydoras_Albinos,284.1,639,563,713,615
G_Matriarche,284.1,413,271,505,315
Pterophyllum_Scalare_Y,284.1,884,395,960,468
Pterophyllum_Scalare_B,284.1,1028,543,1084,623
Pterophyllum_Scalare_B,284.2,1026,545,1080,625
Pterophyllum_Scalare_Y,284.2,878,394,953,468
Corydoras_Albinos,284.2,641,561,714,614
Pterophyllum_Scalare_BB,284.2,246,349,316,420
G_Matriarche,284.2,413,267,506,307
Pterophyllum_Scalare_YWB,284.2,329,396,397,455
Corydoras_Albinos,284.3,643,558,714,610
Pterophyllum_Scalare_YWB,284.3,335,395,403,452
Pterophyllum_Scalare_B,284.3,1021,548,1077,631
G_Matriarche,284.3,415,263,507,303
Pterophyllum_Scalare_Y,284.3,873,391,950,465
Pterophyllum_Scalare_BB,284.3,248,349,316,421
Pterophyllum_Scalare_BB,284.4,251,351,315,423
G_Matriarche,284.4,414,260,506,296
Corydoras_Albinos,284.4,642,556,714,603
Botia_Almorhae,284.4,409,287,439,336
Pterophyllum_Scalare_Y,284.4,869,386,946,459
Pterophyllum_Scalare_YWB,284.4,339,393,406,447
Corydoras_Albinos,284.5,641,554,717,595
Pterophyllum_Scalare_B,284.5,1015,551,1075,635
Pterophyllum_Scalare_YWB,284.5,335,391,408,446
G_Matriarche,284.5,414,256,505,292
Botia_Almorhae,284.5,406,286,436,333
Pterophyllum_Scalare_Y,284.5,864,386,937,454
Pterophyllum_Scalare_BB,284.5,253,353,313,423
Pterophyllum_Scalare_YWB,284.6,335,390,409,446
Pterophyllum_Scalare_B,284.6,1011,550,1073,636
G_Matriarche,284.6,413,254,504,290
Pterophyllum_Scalare_Y,284.6,860,385,932,456
Pterophyllum_Scalare_BB,284.6,253,355,309,423
Corydoras_Albinos,284.6,640,554,718,595
G_Matriarche,284.7,412,250,505,286
Botia_Almorhae,284.7,392,293,431,378
Pterophyllum_Scalare_YWB,284.7,336,389,410,445
Corydoras_Albinos,284.7,637,554,714,594
Pterophyllum_Scalare_BB,284.7,252,357,305,420
Pterophyllum_Scalare_Y,284.7,856,384,927,455
Pterophyllum_Scalare_B,284.7,1007,551,1068,637
Corydoras_Albinos,284.8,636,553,715,597
Pterophyllum_Scalare_BB,284.8,249,362,304,421
Pterophyllum_Scalare_YWB,284.8,337,388,411,445
Pterophyllum_Scalare_B,284.8,1004,550,1064,638
G_Matriarche,284.8,412,247,505,285
Pterophyllum_Scalare_Y,284.8,851,381,924,454
Pterophyllum_Scalare_Y,284.9,848,381,922,454
Pterophyllum_Scalare_BB,284.9,245,365,300,424
G_Matriarche,284.9,412,245,504,285
Corydoras_Albinos,284.9,635,553,713,596
Pterophyllum_Scalare_B,284.9,1002,550,1060,638
Pterophyllum_Scalare_Y,284.9,385,301,431,375
Pterophyllum_Scalare_YWB,284.9,338,388,412,443
Pterophyllum_Scalare_YWB,285.0,339,387,414,443
G_Matriarche,285.0,413,244,505,280
Pterophyllum_Scalare_Y,285.0,844,380,914,453
Pterophyllum_Scalare_BB,285.0,237,367,293,428
Pterophyllum_Scalare_B,285.0,1001,548,1058,637
Corydoras_Albinos,285.0,635,553,714,597
Pterophyllum_Scalare_BB,285.1,225,370,287,432
Corydoras_Albinos,285.1,636,551,714,597
Pterophyllum_Scalare_YWB,285.1,340,385,414,443
Pterophyllum_Scalare_B,285.1,1001,543,1059,637
G_Matriarche,285.1,413,242,504,277
Pterophyllum_Scalare_Y,285.1,841,378,918,452
G_Matriarche,285.2,414,240,501,277
Pterophyllum_Scalare_YWB,285.2,341,384,415,443
Pterophyllum_Scalare_Y,285.2,837,379,910,453
Pterophyllum_Scalare_BB,285.2,216,371,282,434
Corydoras_Albinos,285.2,637,549,711,597
Pterophyllum_Scalare_B,285.2,997,541,1060,636
Pterophyllum_Scalare_Y,285.3,834,377,907,452
G_Matriarche,285.3,412,240,498,277
Pterophyllum_Scalare_YWB,285.3,341,382,416,443
Corydoras_Albinos,285.3,641,546,714,598
Pterophyllum_Scalare_B,285.3,992,545,1055,637
Pterophyllum_Scalare_BB,285.3,211,371,276,434
Pterophyllum_Scalare_BB,285.4,207,371,272,436
Pterophyllum_Scalare_B,285.4,991,544,1055,636
Corydoras_Albinos,285.4,643,544,713,597
Pterophyllum_Scalare_YWB,285.4,343,381,417,443
G_Matriarche,285.4,411,241,494,279
Pterophyllum_Scalare_Y,285.4,830,376,905,451
Pterophyllum_Scalare_B,285.5,990,542,1058,634
Corydoras_Albinos,285.5,643,541,714,589
G_Matriarche,285.5,408,242,492,282
Pterophyllum_Scalare_Y,285.5,826,374,903,450
Pterophyllum_Scalare_BB,285.5,197,371,268,438
Pterophyllum_Scalare_YWB,285.5,345,380,418,442
Pterophyllum_Scalare_B,285.6,986,543,1057,633
Pterophyllum_Scalare_YWB,285.6,345,380,419,442
G_Matriarche,285.6,404,243,484,283
Corydoras_Albinos,285.6,644,537,721,587
Pterophyllum_Scalare_BB,285.6,192,371,265,440
Pterophyllum_Scalare_Y,285.6,821,373,899,448
Pterophyllum_Scalare_YWB,285.7,346,379,419,444
Corydoras_Albinos,285.7,645,534,718,579
Pterophyllum_Scalare_BB,285.7,188,370,263,437
Pterophyllum_Scalare_Y,285.7,817,371,897,447
Pterophyllum_Scalare_B,285.7,984,543,1056,632
Pterophyllum_Scalare_Y,285.7,395,288,433,358
G_Matriarche,285.7,393,246,473,292
Pterophyllum_Scalare_YWB,285.8,348,378,419,443
Pterophyllum_Scalare_BB,285.8,185,369,261,438
Corydoras_Albinos,285.8,647,532,721,578
Pterophyllum_Scalare_B,285.8,982,542,1053,630
G_Matriarche,285.8,382,252,461,299
Pterophyllum_Scalare_Y,285.8,814,370,894,445
Pterophyllum_Scalare_YWB,285.9,349,377,419,442
G_Matriarche,285.9,373,256,454,306
Pterophyllum_Scalare_B,285.9,980,541,1051,626
Pterophyllum_Scalare_Y,285.9,810,370,889,444
Pterophyllum_Scalare_BB,285.9,183,369,258,438
Corydoras_Albinos,285.9,649,528,721,575
Pterophyllum_Scalare_Y,286.0,806,370,882,442
Pterophyllum_Scalare_BB,286.0,179,368,256,438
Pterophyllum_Scalare_YWB,286.0,349,377,419,443
Corydoras_Albinos,286.0,652,524,723,572
G_Matriarche,286.0,365,263,446,318
Pterophyllum_Scalare_B,286.0,978,538,1049,627
Corydoras_Albinos,286.1,656,521,724,570
Pterophyllum_Scalare_YWB,286.1,349,375,419,442
Pterophyllum_Scalare_B,286.1,976,538,1045,626
Pterophyllum_Scalare_BB,286.1,177,369,253,438
Pterophyllum_Scalare_Y,286.1,802,369,875,440
G_Matriarche,286.1,360,270,447,318
Corydoras_Albinos,286.2,658,517,723,567
Pterophyllum_Scalare_B,286.2,973,539,1041,625
G_Matriarche,286.2,356,278,440,319
Pterophyllum_Scalare_BB,286.2,177,369,251,439
Pterophyllum_Scalare_YWB,286.2,351,376,419,443
Pterophyllum_Scalare_Y,286.2,799,368,870,439
Pterophyllum_Scalare_YWB,286.3,353,376,420,442
Corydoras_Albinos,286.3,658,514,722,558
Pterophyllum_Scalare_BB,286.3,176,369,250,439
G_Matriarche,286.3,352,284,436,323
Botia_Striata,286.3,506,535,562,569
Pterophyllum_Scalare_Y,286.3,794,367,869,439
Botia_Striata,286.4,506,535,562,569
Corydoras_Albinos,286.4,660,511,737,560
Pterophyllum_Scalare_B,286.4,963,554,1030,627
Pterophyllum_Scalare_YWB,286.4,353,375,420,440
Pterophyllum_Scalare_Y,286.4,790,365,866,438
Pterophyllum_Scalare_BB,286.4,175,369,249,439
G_Matriarche,286.4,348,292,430,326
G_Matriarche,286.5,346,296,428,331
Botia_Striata,286.5,506,534,562,569
Pterophyllum_Scalare_B,286.5,959,553,1028,626
Pterophyllum_Scalare_BB,286.5,175,369,247,440
Corydoras_Albinos,286.5,658,507,732,555
Pterophyllum_Scalare_YWB,286.5,355,374,421,440
Pterophyllum_Scalare_Y,286.5,784,365,863,437
Botia_Striata,286.6,505,535,564,570
Corydoras_Albinos,286.6,657,503,738,551
Pterophyllum_Scalare_BB,286.6,174,368,247,441
Pterophyllum_Scalare_YWB,286.6,355,375,420,442
Pterophyllum_Scalare_Y,286.6,778,364,856,435
G_Matriarche,286.6,343,301,427,334
Botia_Striata,286.7,505,535,561,569
Pterophyllum_Scalare_Y,286.7,774,363,853,435
Pterophyllum_Scalare_BB,286.7,173,368,246,441
Corydoras_Albinos,286.7,652,500,734,547
G_Matriarche,286.7,341,305,425,337
Pterophyllum_Scalare_YWB,286.7,354,374,420,442
Pterophyllum_Scalare_YWB,286.8,354,374,420,442
Botia_Striata,286.8,505,535,559,567
Pterophyllum_Scalare_Y,286.8,771,362,848,434
Pterophyllum_Scalare_BB,286.8,173,368,245,440
G_Matriarche,286.8,340,307,424,339
Corydoras_Albinos,286.8,646,496,735,542
Pterophyllum_Scalare_BB,286.9,173,367,247,439
Pterophyllum_Scalare_YWB,286.9,356,374,420,442
Botia_Striata,286.9,505,535,559,567
Corydoras_Albinos,286.9,646,493,732,537
G_Matriarche,286.9,339,310,422,342
Pterophyllum_Scalare_Y,286.9,767,362,845,431
Pterophyllum_Scalare_Y,287.0,762,362,841,428
Corydoras_Albinos,287.0,646,490,732,534
Pterophyllum_Scalare_BB,287.0,173,366,247,437
Pterophyllum_Scalare_YWB,287.0,356,375,420,443
G_Matriarche,287.0,337,312,421,350
G_Matriarche,287.1,337,313,421,350
Pterophyllum_Scalare_YWB,287.1,357,375,419,443
Pterophyllum_Scalare_BB,287.1,173,365,247,437
Pterophyllum_Scalare_Y,287.1,757,360,836,426
Corydoras_Albinos,287.1,647,487,728,529
G_Matriarche,287.2,337,314,421,352
Corydoras_Albinos,287.2,645,482,727,526
Pterophyllum_Scalare_Y,287.2,752,360,834,424
Pterophyllum_Scalare_YWB,287.2,361,376,418,443
Pterophyllum_Scalare_BB,287.2,173,365,247,437
G_Matriarche,287.3,336,315,424,354
Pterophyllum_Scalare_Y,287.3,748,358,831,422
Pterophyllum_Scalare_BB,287.3,173,366,247,436
Corydoras_Albinos,287.3,643,478,724,519
Botia_Striata,287.3,506,535,562,568
Pterophyllum_Scalare_YWB,287.3,362,377,418,443
G_Matriarche,287.4,336,314,422,354
Pterophyllum_Scalare_Y,287.4,433,290,469,367
Pterophyllum_Scalare_Y,287.4,744,357,828,420
Corydoras_Albinos,287.4,640,476,723,515
Pterophyllum_Scalare_BB,287.4,173,365,247,437
Pterophyllum_Scalare_YWB,287.4,364,376,418,441
G_Matriarche,287.5,335,315,422,354
Corydoras_Albinos,287.5,635,473,717,510
Pterophyllum_Scalare_BB,287.5,172,365,247,437
Pterophyllum_Scalare_Y,287.5,739,355,824,418
Pterophyllum_Scalare_YWB,287.5,367,376,417,443
Corydoras_Albinos,287.6,631,469,714,510
Pterophyllum_Scalare_Y,287.6,735,353,821,419
Pterophyllum_Scalare_YWB,287.6,370,376,417,441
Pterophyllum_Scalare_BB,287.6,172,366,245,438
G_Matriarche,287.6,335,314,424,353
Pterophyllum_Scalare_B,287.6,925,531,1003,617
Pterophyllum_Scalare_Y,287.6,439,277,471,364
Botia_Striata,287.6,505,534,564,569
Pterophyllum_Scalare_Y,287.7,441,267,475,350
Pterophyllum_Scalare_YWB,287.7,373,376,417,442
Pterophyllum_Scalare_B,287.7,919,527,1002,616
Corydoras_Albinos,287.7,626,469,707,508
Pterophyllum_Scalare_Y,287.7,733,352,817,418
G_Matriarche,287.7,334,313,424,353
Pterophyllum_Scalare_BB,287.7,172,367,245,438
G_Matriarche,287.8,334,312,422,352
Pterophyllum_Scalare_Y,287.8,729,350,814,416
Pterophyllum_Scalare_BB,287.8,171,366,244,437
Corydoras_Albinos,287.8,621,469,701,508
Pterophyllum_Scalare_YWB,287.8,376,375,418,442
Pterophyllum_Scalare_B,287.8,912,524,1002,617
Pterophyllum_Scalare_B,287.9,916,522,1001,617
Pterophyllum_Scalare_Y,287.9,728,349,811,415
Corydoras_Albinos,287.9,617,469,696,510
Pterophyllum_Scalare_BB,287.9,171,367,244,437
Pterophyllum_Scalare_YWB,287.9,379,373,418,439
G_Matriarche,287.9,333,312,422,351
Botia_Almorhae,287.9,447,245,478,332
Corydoras_Albinos,288.0,613,468,690,510
Pterophyllum_Scalare_YWB,288.0,381,373,418,437
G_Matriarche,288.0,333,311,424,351
Pterophyllum_Scalare_Y,288.0,725,347,809,414
Pterophyllum_Scalare_B,288.0,913,519,999,615
Pterophyllum_Scalare_BB,288.0,171,367,243,437
Pterophyllum_Scalare_BB,288.1,172,366,244,437
Pterophyllum_Scalare_Y,288.1,723,346,808,413
Botia_Almorhae,288.1,435,252,467,341
G_Matriarche,288.1,333,310,423,350
Pterophyllum_Scalare_YWB,288.1,382,371,418,436
Pterophyllum_Scalare_B,288.1,911,516,998,614
Corydoras_Albinos,288.1,609,468,683,512
Pterophyllum_Scalare_Y,288.2,721,344,806,413
Pterophyllum_Scalare_BB,288.2,173,367,244,436
G_Matriarche,288.2,333,309,422,349
Corydoras_Albinos,288.2,605,469,677,514
Pterophyllum_Scalare_YWB,288.2,382,370,418,435
Pterophyllum_Scalare_B,288.2,910,515,997,613
G_Matriarche,288.3,333,309,422,348
Pterophyllum_Scalare_Y,288.3,417,270,455,347
Corydoras_Albinos,288.3,599,469,673,516
Pterophyllum_Scalare_B,288.3,908,513,995,613
Pterophyllum_Scalare_YWB,288.3,382,369,418,433
Pterophyllum_Scalare_BB,288.3,174,368,244,436
Pterophyllum_Scalare_Y,288.3,720,341,804,412
Pterophyllum_Scalare_YWB,288.4,383,369,417,432
Corydoras_Albinos,288.4,595,472,671,518
Pterophyllum_Scalare_B,288.4,911,514,995,611
Pterophyllum_Scalare_Y,288.4,718,340,802,412
Pterophyllum_Scalare_BB,288.4,173,368,244,436
G_Matriarche,288.4,334,308,422,347
Corydoras_Albinos,288.5,592,474,670,519
Pterophyllum_Scalare_BB,288.5,172,367,244,436
Pterophyllum_Scalare_B,288.5,911,515,996,611
Pterophyllum_Scalare_Y,288.5,716,338,800,411
Pterophyllum_Scalare_YWB,288.5,384,368,416,433
G_Matriarche,288.5,334,306,420,346
Pterophyllum_Scalare_BB,288.6,172,367,244,435
Pterophyllum_Scalare_B,288.6,908,517,994,614
Pterophyllum_Scalare_YWB,288.6,384,366,416,430
Corydoras_Albinos,288.6,588,476,668,521
Pterophyllum_Scalare_Y,288.6,715,336,798,411
G_Matriarche,288.6,332,304,422,345
Pterophyllum_Scalare_B,288.7,904,519,986,614
Pterophyllum_Scalare_BB,288.7,172,366,243,435
Pterophyllum_Scalare_Y,288.7,714,335,795,411
G_Matriarche,288.7,332,304,422,344
Corydoras_Albinos,288.7,586,479,665,522
Pterophyllum_Scalare_YWB,288.7,384,365,415,431
Pterophyllum_Scalare_Y,288.8,712,334,794,411
G_Matriarche,288.8,332,302,421,342
Pterophyllum_Scalare_BB,288.8,170,365,243,435
Botia_Almorhae,288.8,420,239,481,293
Pterophyllum_Scalare_YWB,288.8,384,362,413,426
Pterophyllum_Scalare_B,288.8,903,523,984,613
Corydoras_Albinos,288.8,583,478,662,523
G_Matriarche,288.9,332,301,420,340
Corydoras_Albinos,288.9,581,479,659,525
Pterophyllum_Scalare_B,288.9,899,526,980,612
Pterophyllum_Scalare_BB,288.9,170,364,243,434
Pterophyllum_Scalare_Y,288.9,711,334,792,411
Pterophyllum_Scalare_B,289.0,895,526,978,612
G_Matriarche,289.0,330,299,419,338
Corydoras_Albinos,289.0,579,480,657,526
Pterophyllum_Scalare_BB,289.0,170,363,243,435
Pterophyllum_Scalare_Y,289.0,707,334,789,411
Pterophyllum_Scalare_Y,289.1,705,333,786,411
Pterophyllum_Scalare_BB,289.1,170,361,244,432
G_Matriarche,289.1,329,298,418,334
Pterophyllum_Scalare_B,289.1,888,526,974,611
Botia_Almorhae,289.1,427,237,466,316
Corydoras_Albinos,289.1,578,482,652,526
Corydoras_Albinos,289.2,576,483,653,529
Pterophyllum_Scalare_Y,289.2,387,346,412,410
G_Matriarche,289.2,327,297,414,332
Pterophyllum_Scalare_Y,289.2,703,333,782,410
Pterophyllum_Scalare_B,289.2,880,527,964,607
Pterophyllum_Scalare_BB,289.2,171,361,244,429
Pterophyllum_Scalare_B,289.3,877,522,961,604
Corydoras_Albinos,289.3,574,484,649,530
G_Matriarche,289.3,326,296,413,332
Pterophyllum_Scalare_BB,289.3,171,360,244,429
Pterophyllum_Scalare_Y,289.3,699,333,779,411
Pterophyllum_Scalare_B,289.4,874,519,959,604
Corydoras_Albinos,289.4,572,488,648,531
G_Matriarche,289.4,325,296,412,332
Pterophyllum_Scalare_BB,289.4,170,359,246,427
Pterophyllum_Scalare_YWB,289.4,384,344,410,408
Pterophyllum_Scalare_Y,289.4,695,333,775,410
Corydoras_Albinos,289.5,567,491,645,533
Pterophyllum_Scalare_BB,289.5,171,357,248,428
Pterophyllum_Scalare_B,289.5,874,517,956,604
Pterophyllum_Scalare_Y,289.5,689,334,768,409
Pterophyllum_Scalare_YWB,289.5,383,342,409,407
G_Matriarche,289.5,325,295,410,331
Pterophyllum_Scalare_B,289.6,874,514,959,604
Pterophyllum_Scalare_Y,289.6,682,334,762,408
G_Matriarche,289.6,323,295,407,332
Corydoras_Albinos,289.6,563,494,642,536
Pterophyllum_Scalare_BB,289.6,171,356,249,426
Pterophyllum_Scalare_YWB,289.6,383,340,409,406
Pterophyllum_Scalare_B,289.7,874,512,959,603
Pterophyllum_Scalare_YWB,289.7,381,339,408,406
Corydoras_Albinos,289.7,560,497,639,537
G_Matriarche,289.7,322,293,405,331
Pterophyllum_Scalare_Y,289.7,676,334,756,406
Pterophyllum_Scalare_BB,289.7,172,355,250,423
Pterophyllum_Scalare_Y,289.8,667,335,750,406
Pterophyllum_Scalare_BB,289.8,172,352,251,420
Corydoras_Albinos,289.8,556,498,634,538
Pterophyllum_Scalare_B,289.8,874,509,955,604
Pterophyllum_Scalare_YWB,289.8,381,338,408,405
G_Matriarche,289.8,321,292,405,329
Pterophyllum_Scalare_Y,289.9,659,334,742,403
G_Matriarche,289.9,320,292,404,328
Corydoras_Albinos,289.9,552,499,632,539
Pterophyllum_Scalare_YWB,289.9,380,337,408,403
Pterophyllum_Scalare_B,289.9,874,509,953,604
Pterophyllum_Scalare_BB,289.9,172,350,251,418
Pterophyllum_Scalare_YWB,290.0,380,336,409,403
Pterophyllum_Scalare_B,290.0,874,508,953,605
Corydoras_Albinos,290.0,549,499,630,541
Pterophyllum_Scalare_BB,290.0,174,350,252,417
G_Matriarche,290.0,320,291,402,328
Pterophyllum_Scalare_Y,290.0,653,332,733,400
Pterophyllum_Scalare_Y,290.1,646,329,724,398
Corydoras_Albinos,290.1,547,501,626,544
Pterophyllum_Scalare_B,290.1,874,508,952,608
Pterophyllum_Scalare_YWB,290.1,379,335,408,403
Botia_Almorhae,290.1,419,241,466,321
G_Matriarche,290.1,320,290,402,327
Pterophyllum_Scalare_BB,290.1,175,348,252,416
Botia_Almorhae,290.2,415,249,460,327
Pterophyllum_Scalare_YWB,290.2,380,333,406,399
Pterophyllum_Scalare_B,290.2,874,509,950,609
Pterophyllum_Scalare_Y,290.2,640,328,717,395
Corydoras_Albinos,290.2,545,503,622,546
Pterophyllum_Scalare_BB,290.2,174,347,251,416
G_Matriarche,290.2,320,289,401,326
Pterophyllum_Scalare_YWB,290.3,380,332,406,398
Pterophyllum_Scalare_BB,290.3,174,345,252,414
Pterophyllum_Scalare_Y,290.3,634,326,710,393
G_Matriarche,290.3,321,289,400,326
Corydoras_Albinos,290.3,543,503,621,548
Pterophyllum_Scalare_B,290.3,874,510,949,611
Pterophyllum_Scalare_BB,290.4,175,343,254,409
Corydoras_Albinos,290.4,541,508,619,552
Pterophyllum_Scalare_B,290.4,873,513,946,613
G_Matriarche,290.4,326,288,399,326
Pterophyllum_Scalare_Y,290.4,627,324,705,392
Pterophyllum_Scalare_BB,290.5,180,340,256,409
Pterophyllum_Scalare_YWB,290.5,379,327,405,392
Pterophyllum_Scalare_B,290.5,874,516,943,614
G_Matriarche,290.5,327,288,399,325
Corydoras_Albinos,290.5,539,511,617,554
Pterophyllum_Scalare_Y,290.5,624,321,702,391
Pterophyllum_Scalare_BB,290.6,182,338,258,408
Pterophyllum_Scalare_Y,290.6,625,318,702,389
G_Matriarche,290.6,324,287,401,326
Pterophyllum_Scalare_YWB,290.6,378,327,405,391
Pterophyllum_Scalare_B,290.6,874,518,940,615
Corydoras_Albinos,290.6,538,511,618,555
Pterophyllum_Scalare_Y,290.7,626,316,704,387
G_Matriarche,290.7,321,286,401,326
Pterophyllum_Scalare_B,290.7,874,520,938,615
Corydoras_Albinos,290.7,537,515,616,556
Pterophyllum_Scalare_BB,290.7,183,336,259,408
Pterophyllum_Scalare_B,290.8,874,524,938,617
G_Matriarche,290.8,322,286,405,326
Pterophyllum_Scalare_Y,290.8,625,313,703,386
Pterophyllum_Scalare_YWB,290.8,377,327,404,392
Pterophyllum_Scalare_BB,290.8,182,335,259,407
Corydoras_Albinos,290.8,536,516,615,556
Pterophyllum_Scalare_Y,290.9,625,312,702,386
Pterophyllum_Scalare_BB,290.9,182,334,259,407
G_Matriarche,290.9,324,285,408,325
Pterophyllum_Scalare_YWB,290.9,378,328,402,391
Pterophyllum_Scalare_B,290.9,876,529,945,620
Corydoras_Albinos,290.9,535,518,615,557
Pterophyllum_Scalare_YWB,291.0,378,324,402,388
G_Matriarche,291.0,325,285,409,324
Pterophyllum_Scalare_BB,291.0,182,334,259,406
Pterophyllum_Scalare_Y,291.0,625,311,702,385
Corydoras_Albinos,291.0,533,520,612,557
Pterophyllum_Scalare_BB,291.1,182,334,259,406
Pterophyllum_Scalare_YWB,291.1,375,320,402,387
G_Matriarche,291.1,326,285,410,324
Pterophyllum_Scalare_Y,291.1,627,309,704,385
Corydoras_Albinos,291.1,531,519,612,558
Botia_Almorhae,291.1,467,257,504,335
Pterophyllum_Scalare_Y,291.2,631,307,706,385
Pterophyllum_Scalare_YWB,291.2,376,315,405,382
Pterophyllum_Scalare_BB,291.2,182,333,259,405
Corydoras_Albinos,291.2,529,520,611,559
G_Matriarche,291.2,327,285,413,323
Pterophyllum_Scalare_Y,291.3,633,305,710,385
Corydoras_Albinos,291.3,528,521,606,559
Pterophyllum_Scalare_BB,291.3,182,329,260,403
G_Matriarche,291.3,328,286,413,323
Pterophyllum_Scalare_Y,291.4,637,303,714,384
G_Matriarche,291.4,329,286,414,323
Pterophyllum_Scalare_BB,291.4,182,330,260,402
Pterophyllum_Scalare_YWB,291.4,376,310,410,380
Corydoras_Albinos,291.4,525,523,603,560
Pterophyllum_Scalare_Y,291.5,641,301,720,383
G_Matriarche,291.5,330,287,415,324
Pterophyllum_Scalare_YWB,291.5,375,311,410,382
Pterophyllum_Scalare_BB,291.5,183,332,261,400
Corydoras_Albinos,291.5,522,525,601,561
Botia_Almorhae,291.5,449,258,485,329
Pterophyllum_Scalare_Y,291.6,645,299,722,382
Pterophyllum_Scalare_YWB,291.6,376,312,411,382
G_Matriarche,291.6,331,288,416,324
Corydoras_Albinos,291.6,521,527,601,563
Pterophyllum_Scalare_YWB,291.7,378,311,412,381
Corydoras_Albinos,291.7,519,527,599,565
Pterophyllum_Scalare_BB,291.7,185,324,266,399
G_Matriarche,291.7,331,288,415,323
Pterophyllum_Scalare_Y,291.7,650,297,725,378
Botia_Almorhae,291.7,430,258,461,343
Pterophyllum_Scalare_Y,291.8,654,296,728,377
G_Matriarche,291.8,332,287,414,324
Pterophyllum_Scalare_BB,291.8,188,322,269,399
Corydoras_Albinos,291.8,518,527,598,566
Pterophyllum_Scalare_YWB,291.8,377,312,412,383
Corydoras_Albinos,291.9,516,527,595,567
Pterophyllum_Scalare_Y,291.9,658,294,734,374
Pterophyllum_Scalare_YWB,291.9,379,313,414,382
Pterophyllum_Scalare_BB,291.9,188,320,270,397
G_Matriarche,291.9,331,287,411,323
Pterophyllum_Scalare_YWB,292.0,379,311,417,380
Pterophyllum_Scalare_Y,292.0,661,295,738,373
Corydoras_Albinos,292.0,515,526,595,568
G_Matriarche,292.0,329,286,405,323
Pterophyllum_Scalare_BB,292.0,190,317,271,389
G_Matriarche,292.1,330,284,402,323
Pterophyllum_Scalare_BB,292.1,189,314,272,387
Pterophyllum_Scalare_Y,292.1,665,293,743,373
Corydoras_Albinos,292.1,515,525,595,568
Pterophyllum_Scalare_YWB,292.1,375,313,417,381
G_Matriarche,292.2,328,280,397,322
Pterophyllum_Scalare_Y,292.2,671,292,750,372
Pterophyllum_Scalare_Y,292.2,372,310,419,379
Pterophyllum_Scalare_BB,292.2,191,312,273,384
Corydoras_Albinos,292.2,516,524,595,569
Pterophyllum_Scalare_BB,292.3,193,309,275,382
G_Matriarche,292.3,326,278,394,321
Corydoras_Albinos,292.3,519,522,595,569
Pterophyllum_Scalare_Y,292.3,368,311,418,379
Pterophyllum_Scalare_Y,292.3,675,291,753,371
Corydoras_Albinos,292.4,522,519,597,567
Pterophyllum_Scalare_BB,292.4,192,306,276,382
Pterophyllum_Scalare_YWB,292.4,362,306,419,378
G_Matriarche,292.4,323,275,392,318
Pterophyllum_Scalare_Y,292.4,679,291,758,370
Pterophyllum_Scalare_Y,292.5,683,290,764,369
Corydoras_Albinos,292.5,526,515,599,566
G_Matriarche,292.5,321,273,391,316
Pterophyllum_Scalare_BB,292.5,192,303,277,381
Pterophyllum_Scalare_YWB,292.5,362,305,419,377
Pterophyllum_Scalare_Y,292.6,687,289,767,368
Pterophyllum_Scalare_BB,292.6,192,301,277,379
G_Matriarche,292.6,318,270,391,314
Pterophyllum_Scalare_YWB,292.6,362,304,419,377
Corydoras_Albinos,292.6,532,513,604,563
Pterophyllum_Scalare_Y,292.7,692,287,770,367
G_Matriarche,292.7,316,270,390,310
Pterophyllum_Scalare_BB,292.7,192,299,277,375
Pterophyllum_Scalare_YWB,292.7,360,300,420,376
Corydoras_Albinos,292.7,536,509,613,559
Pterophyllum_Scalare_YWB,292.8,361,300,420,374
Pterophyllum_Scalare_Y,292.8,695,286,775,366
Corydoras_Albinos,292.8,544,507,616,557
G_Matriarche,292.8,313,268,388,310
Pterophyllum_Scalare_BB,292.8,192,297,276,374
Pterophyllum_Scalare_Y,292.9,699,285,779,365
Pterophyllum_Scalare_YWB,292.9,357,300,418,372
G_Matriarche,292.9,311,268,386,309
Corydoras_Albinos,292.9,546,503,619,553
Pterophyllum_Scalare_BB,292.9,191,296,276,371
Pterophyllum_Scalare_Y,293.0,702,284,783,364
Pterophyllum_Scalare_YWB,293.0,356,302,418,370
G_Matriarche,293.0,309,268,385,304
Corydoras_Albinos,293.0,551,499,624,549
Pterophyllum_Scalare_BB,293.0,192,294,277,367
Pterophyllum_Scalare_Y,293.1,705,283,786,363
Corydoras_Albinos,293.1,553,494,626,544
Pterophyllum_Scalare_BB,293.1,191,292,277,367
Pterophyllum_Scalare_YWB,293.1,363,299,418,369
G_Matriarche,293.1,306,267,381,304
Pterophyllum_Scalare_Y,293.2,708,283,789,362
Corydoras_Albinos,293.2,555,490,626,539
G_Matriarche,293.2,305,267,381,304
Pterophyllum_Scalare_BB,293.2,189,289,275,365
Pterophyllum_Scalare_YWB,293.2,374,299,416,369
Pterophyllum_Scalare_YWB,293.3,372,284,416,367
Pterophyllum_Scalare_BB,293.3,187,286,275,364
Corydoras_Albinos,293.3,557,486,631,533
G_Matriarche,293.3,303,267,381,304
Pterophyllum_Scalare_Y,293.3,712,282,792,362
Pterophyllum_Scalare_YWB,293.4,376,295,416,366
Corydoras_Albinos,293.4,557,482,629,526
Pterophyllum_Scalare_BB,293.4,187,285,274,361
Pterophyllum_Scalare_Y,293.4,714,282,795,362
G_Matriarche,293.4,302,267,381,304
Pterophyllum_Scalare_Y,293.5,717,281,797,363
Pterophyllum_Scalare_BB,293.5,186,282,272,336
Pterophyllum_Scalare_YWB,293.5,369,271,425,367
Pterophyllum_Scalare_BB,293.5,187,282,273,359
G_Matriarche,293.5,301,267,379,304
Corydoras_Albinos,293.5,557,478,637,523
Pterophyllum_Scalare_Y,293.6,718,281,799,363
G_Matriarche,293.6,299,267,379,304
Pterophyllum_Scalare_YWB,293.6,370,295,409,366
Pterophyllum_Scalare_BB,293.6,186,279,270,357
Corydoras_Albinos,293.6,556,475,634,519
G_Matriarche,293.7,298,268,377,303
Pterophyllum_Scalare_YWB,293.7,369,295,407,366
Pterophyllum_Scalare_Y,293.7,718,281,799,364
Pterophyllum_Scalare_BB,293.7,187,276,272,362
Corydoras_Albinos,293.7,555,472,635,515
G_Matriarche,293.8,295,268,375,305
Pterophyllum_Scalare_Y,293.8,718,282,798,364
Corydoras_Albinos,293.8,552,470,632,511
Pterophyllum_Scalare_BB,293.8,187,274,268,361
Pterophyllum_Scalare_YWB,293.8,370,290,406,365
G_Matriarche,293.9,294,268,372,305
Pterophyllum_Scalare_BB,293.9,186,271,265,361
Pterophyllum_Scalare_YWB,293.9,371,292,404,364
Corydoras_Albinos,293.9,548,469,626,508
Pterophyllum_Scalare_Y,293.9,718,282,798,365
Corydoras_Albinos,294.0,544,469,624,506
Pterophyllum_Scalare_BB,294.0,186,269,266,361
Pterophyllum_Scalare_Y,294.0,717,282,798,365
G_Matriarche,294.0,292,268,372,305
Pterophyllum_Scalare_YWB,294.0,372,291,403,362
Corydoras_Albinos,294.0,716,630,770,662
Pterophyllum_Scalare_BB,294.1,185,267,265,360
Pterophyllum_Scalare_Y,294.1,717,282,797,365
Corydoras_Albinos,294.1,541,469,618,505
Corydoras_Albinos,294.1,716,630,770,661
G_Matriarche,294.1,297,269,371,305
Pterophyllum_Scalare_YWB,294.1,372,288,405,359
Corydoras_Albinos,294.2,535,469,615,506
Corydoras_Albinos,294.2,716,629,771,661
Pterophyllum_Scalare_Y,294.2,718,283,796,366
G_Matriarche,294.2,296,270,368,307
Pterophyllum_Scalare_YWB,294.2,372,286,409,356
Pterophyllum_Scalare_BB,294.2,184,264,265,358
Corydoras_Albinos,294.3,530,469,609,506
G_Matriarche,294.3,288,270,365,308
Pterophyllum_Scalare_YWB,294.3,371,284,407,355
Corydoras_Albinos,294.3,716,630,771,660
Pterophyllum_Scalare_Y,294.3,719,283,798,366
Pterophyllum_Scalare_BB,294.3,183,261,263,356
Pterophyllum_Scalare_BB,294.4,182,260,261,354
Corydoras_Albinos,294.4,716,630,771,660
Pterophyllum_Scalare_YWB,294.4,369,283,408,353
Pterophyllum_Scalare_Y,294.4,720,282,799,366
G_Matriarche,294.4,286,270,364,308
Corydoras_Albinos,294.4,524,469,603,507
Pterophyllum_Scalare_Y,294.5,721,282,801,366
Pterophyllum_Scalare_YWB,294.5,367,263,413,351
G_Matriarche,294.5,284,270,364,309
Pterophyllum_Scalare_BB,294.5,182,258,260,353
Corydoras_Albinos,294.5,519,469,597,509
Corydoras_Albinos,294.5,716,631,770,659
Corydoras_Albinos,294.6,717,631,771,658
Pterophyllum_Scalare_BB,294.6,182,255,257,352
Pterophyllum_Scalare_YWB,294.6,368,271,416,351
Corydoras_Albinos,294.6,515,470,593,509
G_Matriarche,294.6,283,271,363,310
Pterophyllum_Scalare_Y,294.6,723,282,803,366
Pterophyllum_Scalare_Y,294.7,725,282,805,366
Pterophyllum_Scalare_BB,294.7,182,251,257,349
G_Matriarche,294.7,281,272,361,311
Corydoras_Albinos,294.7,510,472,589,512
Pterophyllum_Scalare_YWB,294.7,367,272,403,348
Pterophyllum_Scalare_BB,294.8,183,247,256,348
Corydoras_Albinos,294.8,718,632,769,659
G_Matriarche,294.8,280,272,361,311
Pterophyllum_Scalare_YWB,294.8,368,267,397,344
Corydoras_Albinos,294.8,507,472,585,513
Pterophyllum_Scalare_Y,294.8,727,282,808,366
Pterophyllum_Scalare_BB,294.9,182,244,255,347
Pterophyllum_Scalare_YWB,294.9,368,271,399,344
Pterophyllum_Scalare_Y,294.9,729,282,810,366
Corydoras_Albinos,294.9,503,474,581,515
G_Matriarche,294.9,280,273,360,313
Pterophyllum_Scalare_BB,295.0,181,241,254,345
Pterophyllum_Scalare_Y,295.0,731,282,811,366
Pterophyllum_Scalare_YWB,295.0,367,269,397,343
Corydoras_Albinos,295.0,498,475,577,517
G_Matriarche,295.0,279,274,361,314
Pterophyllum_Scalare_BB,295.1,180,238,253,344
G_Matriarche,295.1,278,275,360,315
Corydoras_Albinos,295.1,494,475,573,518
Pterophyllum_Scalare_Y,295.1,732,283,811,366
Pterophyllum_Scalare_YWB,295.1,366,268,402,343
G_Matriarche,295.2,277,276,359,315
Pterophyllum_Scalare_Y,295.2,734,283,812,367
Corydoras_Albinos,295.2,490,476,571,520
Pterophyllum_Scalare_YWB,295.2,365,266,404,342
Pterophyllum_Scalare_BB,295.2,181,235,251,341
Corydoras_Albinos,295.3,717,631,770,659
Corydoras_Albinos,295.3,488,477,567,521
G_Matriarche,295.3,277,278,358,316
Pterophyllum_Scalare_BB,295.3,182,232,242,338
Pterophyllum_Scalare_YWB,295.3,364,263,403,339
Botia_Almorhae,295.3,401,249,464,321
Pterophyllum_Scalare_Y,295.3,734,284,813,369
G_Matriarche,295.4,278,279,357,318
Corydoras_Albinos,295.4,717,630,770,659
Pterophyllum_Scalare_Y,295.4,734,284,813,369
Pterophyllum_Scalare_YWB,295.4,362,259,404,336
Pterophyllum_Scalare_BB,295.4,186,230,246,334
Corydoras_Albinos,295.4,487,477,564,523
Corydoras_Albinos,295.5,485,476,560,525
Botia_Almorhae,295.5,404,253,451,335
Corydoras_Albinos,295.5,717,631,772,659
G_Matriarche,295.5,277,281,356,319
Pterophyllum_Scalare_Y,295.5,734,285,813,370
Pterophyllum_Scalare_BB,295.5,189,231,242,329
Pterophyllum_Scalare_YWB,295.5,361,259,403,336
Corydoras_Albinos,295.6,717,631,774,660
Pterophyllum_Scalare_YWB,295.6,361,256,403,335
G_Matriarche,295.6,276,283,356,319
Pterophyllum_Scalare_Y,295.6,732,286,812,371
Pterophyllum_Scalare_BB,295.6,197,232,244,328
Corydoras_Albinos,295.6,482,475,557,527
Pterophyllum_Scalare_BB,295.7,207,235,244,324
Corydoras_Albinos,295.7,717,632,772,660
Corydoras_Albinos,295.7,480,476,553,531
Pterophyllum_Scalare_YWB,295.7,361,254,409,333
G_Matriarche,295.7,275,285,354,322
Pterophyllum_Scalare_Y,295.7,730,287,809,371
Pterophyllum_Scalare_YWB,295.8,361,253,417,335
Pterophyllum_Scalare_BB,295.8,208,243,245,323
Pterophyllum_Scalare_Y,295.8,726,288,805,371
Pterophyllum_Scalare_B,295.8,831,590,914,665
Corydoras_Albinos,295.8,478,478,553,535
Corydoras_Albinos,295.8,717,630,772,660
G_Matriarche,295.8,274,287,352,323
Pterophyllum_Scalare_BB,295.9,203,238,248,316
Corydoras_Albinos,295.9,477,482,548,538
Pterophyllum_Scalare_YWB,295.9,360,252,406,334
Pterophyllum_Scalare_Y,295.9,724,289,802,372
Corydoras_Albinos,295.9,718,631,772,659
Pterophyllum_Scalare_B,295.9,825,588,892,663
G_Matriarche,295.9,274,289,351,324
Pterophyllum_Scalare_BB,296.0,198,233,250,312
G_Matriarche,296.0,272,291,351,325
Pterophyllum_Scalare_YWB,296.0,361,249,406,331
Corydoras_Albinos,296.0,476,483,545,541
Pterophyllum_Scalare_Y,296.0,720,290,798,371
Corydoras_Albinos,296.0,717,630,770,658
Pterophyllum_Scalare_B,296.0,814,590,887,664
Pterophyllum_Scalare_Y,296.1,716,291,795,371
Pterophyllum_Scalare_BB,296.1,195,231,253,307
G_Matriarche,296.1,270,293,348,328
Corydoras_Albinos,296.1,474,487,541,545
Pterophyllum_Scalare_B,296.1,808,589,885,663
Pterophyllum_Scalare_YWB,296.1,361,248,407,330
Corydoras_Albinos,296.2,473,493,538,549
Pterophyllum_Scalare_YWB,296.2,362,247,407,330
Pterophyllum_Scalare_BB,296.2,191,229,254,306
Pterophyllum_Scalare_B,296.2,806,587,884,662
G_Matriarche,296.2,269,295,345,329
Pterophyllum_Scalare_Y,296.2,715,291,792,371
Pterophyllum_Scalare_BB,296.3,188,227,251,304
G_Matriarche,296.3,267,297,343,332
Pterophyllum_Scalare_Y,296.3,714,290,792,371
Corydoras_Albinos,296.3,717,631,769,657
Pterophyllum_Scalare_B,296.3,805,585,885,660
Pterophyllum_Scalare_YWB,296.3,363,245,408,329
Corydoras_Albinos,296.3,471,495,538,551
G_Matriarche,296.4,265,300,344,333
Pterophyllum_Scalare_Y,296.4,715,290,791,370
Pterophyllum_Scalare_BB,296.4,184,223,248,301
Corydoras_Albinos,296.4,467,504,533,556
Pterophyllum_Scalare_B,296.4,802,580,882,658
Pterophyllum_Scalare_YWB,296.4,364,242,408,327
G_Matriarche,296.5,264,303,341,336
Corydoras_Albinos,296.5,716,630,766,659
Pterophyllum_Scalare_BB,296.5,177,219,246,299
Pterophyllum_Scalare_YWB,296.5,366,241,409,326
Pterophyllum_Scalare_Y,296.5,717,287,794,369
Corydoras_Albinos,296.5,465,502,535,558
Pterophyllum_Scalare_B,296.5,802,579,879,657
G_Matriarche,296.6,262,305,339,339
Pterophyllum_Scalare_YWB,296.6,367,240,408,324
Pterophyllum_Scalare_B,296.6,803,576,879,657
Corydoras_Albinos,296.6,461,508,531,562
Pterophyllum_Scalare_BB,296.6,171,214,244,297
Pterophyllum_Scalare_Y,296.6,719,286,797,368
Corydoras_Albinos,296.7,458,513,530,565
Pterophyllum_Scalare_YWB,296.7,368,239,409,326
G_Matriarche,296.7,260,308,341,342
Pterophyllum_Scalare_BB,296.7,168,211,241,295
Pterophyllum_Scalare_Y,296.7,722,286,799,367
Pterophyllum_Scalare_B,296.7,804,575,878,656
Corydoras_Albinos,296.7,716,629,766,659
Pterophyllum_Scalare_YWB,296.8,367,239,410,327
Pterophyllum_Scalare_Y,296.8,724,285,802,366
Corydoras_Albinos,296.8,454,518,528,568
G_Matriarche,296.8,259,311,339,345
Pterophyllum_Scalare_B,296.8,804,574,878,656
Pterophyllum_Scalare_BB,296.8,164,206,238,295
Pterophyllum_Scalare_Y,296.9,727,284,804,365
Pterophyllum_Scalare_BB,296.9,161,203,234,292
Corydoras_Albinos,296.9,450,525,522,572
G_Matriarche,296.9,258,313,337,348
Pterophyllum_Scalare_B,296.9,803,574,879,657
Pterophyllum_Scalare_YWB,296.9,365,238,407,323
G_Matriarche,297.0,257,316,338,351
Pterophyllum_Scalare_YWB,297.0,366,238,410,326
Pterophyllum_Scalare_B,297.0,804,573,878,657
Corydoras_Albinos,297.0,447,528,517,574
Pterophyllum_Scalare_Y,297.0,730,282,805,365
Pterophyllum_Scalare_BB,297.0,158,200,229,289
Pterophyllum_Scalare_Y,297.1,734,281,809,363
G_Matriarche,297.1,257,320,338,354
Pterophyllum_Scalare_BB,297.1,154,197,225,289
Corydoras_Albinos,297.1,443,534,510,577
Pterophyllum_Scalare_B,297.1,803,573,877,657
Pterophyllum_Scalare_YWB,297.1,365,239,407,322
Pterophyllum_Scalare_YWB,297.2,365,239,405,320
Corydoras_Albinos,297.2,440,535,507,578
Pterophyllum_Scalare_Y,297.2,739,279,812,362
G_Matriarche,297.2,256,322,336,356
Pterophyllum_Scalare_BB,297.2,152,193,222,287
Corydoras_Albinos,297.3,437,540,505,581
Pterophyllum_Scalare_BB,297.3,149,188,219,285
Pterophyllum_Scalare_Y,297.3,744,277,814,360
Pterophyllum_Scalare_YWB,297.3,366,238,406,320
G_Matriarche,297.3,256,324,338,359
G_Matriarche,297.4,256,327,339,361
Pterophyllum_Scalare_Y,297.4,748,277,816,359
Corydoras_Albinos,297.4,434,544,504,585
Pterophyllum_Scalare_YWB,297.4,366,237,406,321
Pterophyllum_Scalare_BB,297.4,146,185,216,283
Pterophyllum_Scalare_Y,297.5,752,275,818,357
Corydoras_Albinos,297.5,433,547,502,587
Pterophyllum_Scalare_BB,297.5,144,183,213,284
Pterophyllum_Scalare_B,297.5,804,573,880,659
Pterophyllum_Scalare_YWB,297.5,366,237,405,321
G_Matriarche,297.5,257,329,340,364
Pterophyllum_Scalare_Y,297.6,755,274,821,357
Botia_Almorhae,297.6,416,250,479,323
Pterophyllum_Scalare_BB,297.6,141,181,209,285
Pterophyllum_Scalare_YWB,297.6,366,237,406,321
G_Matriarche,297.6,257,330,340,367
Corydoras_Albinos,297.6,431,549,501,588
Pterophyllum_Scalare_YWB,297.7,366,237,406,322
Pterophyllum_Scalare_BB,297.7,138,181,203,284
G_Matriarche,297.7,258,332,340,370
Pterophyllum_Scalare_B,297.7,815,569,882,656
Corydoras_Albinos,297.7,429,552,497,591
Pterophyllum_Scalare_Y,297.7,758,272,823,356
Pterophyllum_Scalare_Y,297.8,761,272,824,355
Pterophyllum_Scalare_BB,297.8,136,181,199,285
Pterophyllum_Scalare_B,297.8,817,568,884,655
G_Matriarche,297.8,259,336,338,374
Pterophyllum_Scalare_YWB,297.8,365,236,405,322
Corydoras_Albinos,297.8,427,553,498,593
G_Matriarche,297.9,258,337,339,375
Pterophyllum_Scalare_B,297.9,821,568,886,656
Pterophyllum_Scalare_YWB,297.9,365,237,405,320
Corydoras_Albinos,297.9,426,555,497,595
Pterophyllum_Scalare_BB,297.9,133,180,195,285
Pterophyllum_Scalare_Y,297.9,764,271,825,354
Pterophyllum_Scalare_BB,298.0,128,180,189,284
Corydoras_Albinos,298.0,425,558,495,597
Pterophyllum_Scalare_YWB,298.0,364,238,405,321
G_Matriarche,298.0,260,338,344,377
Pterophyllum_Scalare_Y,298.0,767,271,825,353
Pterophyllum_Scalare_BB,298.1,124,180,189,287
Corydoras_Albinos,298.1,423,559,495,601
Pterophyllum_Scalare_B,298.1,826,568,885,655
Pterophyllum_Scalare_YWB,298.1,364,238,405,320
G_Matriarche,298.1,261,339,347,379
Pterophyllum_Scalare_Y,298.1,769,270,826,352
Corydoras_Albinos,298.2,423,561,495,603
Pterophyllum_Scalare_YWB,298.2,364,238,405,321
Pterophyllum_Scalare_BB,298.2,122,180,190,287
Pterophyllum_Scalare_Y,298.2,772,270,826,351
Botia_Almorhae,298.2,438,269,467,360
G_Matriarche,298.2,262,341,347,380
Pterophyllum_Scalare_Y,298.3,775,270,825,351
G_Matriarche,298.3,263,341,348,381
Corydoras_Albinos,298.3,423,563,493,607
Pterophyllum_Scalare_BB,298.3,120,180,190,288
Botia_Almorhae,298.3,431,276,463,354
Pterophyllum_Scalare_B,298.3,832,572,892,655
Pterophyllum_Scalare_YWB,298.3,362,239,403,322
Corydoras_Albinos,298.4,424,567,493,609
Pterophyllum_Scalare_B,298.4,835,572,891,657
Pterophyllum_Scalare_Y,298.4,777,270,825,351
Pterophyllum_Scalare_YWB,298.4,362,239,401,324
G_Matriarche,298.4,264,340,349,382
Pterophyllum_Scalare_BB,298.4,118,181,190,289
Pterophyllum_Scalare_BB,298.5,117,181,189,289
Corydoras_Albinos,298.5,425,571,494,613
Pterophyllum_Scalare_YWB,298.5,361,241,398,325
G_Matriarche,298.5,264,340,349,382
Pterophyllum_Scalare_Y,298.5,780,269,824,349
Pterophyllum_Scalare_YWB,298.6,359,243,396,324
Corydoras_Albinos,298.6,426,581,491,616
Pterophyllum_Scalare_Y,298.6,781,270,824,349
Pterophyllum_Scalare_BB,298.6,115,181,188,291
G_Matriarche,298.6,265,340,350,382
Pterophyllum_Scalare_Y,298.6,412,247,452,330
Pterophyllum_Scalare_Y,298.7,782,269,823,348
Pterophyllum_Scalare_BB,298.7,114,181,187,291
Botia_Almorhae,298.7,401,248,447,318
G_Matriarche,298.7,762,494,791,524
Corydoras_Albinos,298.7,426,583,495,619
G_Matriarche,298.7,266,339,351,382
Pterophyllum_Scalare_YWB,298.7,360,241,395,325
Pterophyllum_Scalare_YWB,298.8,360,241,394,326
Corydoras_Albinos,298.8,424,591,494,622
Pterophyllum_Scalare_BB,298.8,113,181,185,293
G_Matriarche,298.8,266,339,350,381
Pterophyllum_Scalare_Y,298.8,783,270,822,349
G_Matriarche,298.9,265,340,350,379
Pterophyllum_Scalare_BB,298.9,112,181,184,294
Pterophyllum_Scalare_Y,298.9,784,270,822,348
Pterophyllum_Scalare_YWB,298.9,359,240,396,326
Pterophyllum_Scalare_Y,299.0,785,271,821,348
G_Matriarche,299.0,267,338,350,378
Pterophyllum_Scalare_YWB,299.0,360,240,395,324
G_Matriarche,299.0,746,475,780,505
Pterophyllum_Scalare_BB,299.0,111,182,183,294
Pterophyllum_Scalare_BB,299.1,110,182,182,294
Pterophyllum_Scalare_Y,299.1,784,271,821,348
G_Matriarche,299.1,267,335,350,377
Pterophyllum_Scalare_YWB,299.1,358,239,395,324
Pterophyllum_Scalare_BB,299.2,106,183,176,294
G_Matriarche,299.2,268,334,352,374
Pterophyllum_Scalare_YWB,299.2,356,238,394,325
Pterophyllum_Scalare_Y,299.2,785,271,820,349
G_Matriarche,299.3,268,332,352,372
Pterophyllum_Scalare_Y,299.3,458,255,488,330
Pterophyllum_Scalare_BB,299.3,103,183,173,294
Pterophyllum_Scalare_YWB,299.3,355,239,392,323
Pterophyllum_Scalare_Y,299.3,786,272,819,350
Pterophyllum_Scalare_B,299.4,834,566,907,656
Botia_Striata,299.4,508,527,547,552
Pterophyllum_Scalare_Y,299.4,787,272,820,350
Pterophyllum_Scalare_BB,299.4,102,183,171,294
Pterophyllum_Scalare_YWB,299.4,352,238,391,323
G_Matriarche,299.4,269,330,353,372
Botia_Striata,299.5,505,527,547,551
Botia_Almorhae,299.5,459,249,495,329
Pterophyllum_Scalare_BB,299.5,102,183,169,294
Pterophyllum_Scalare_Y,299.5,788,273,820,351
G_Matriarche,299.5,270,328,354,369
Pterophyllum_Scalare_YWB,299.5,349,238,387,323
Pterophyllum_Scalare_BB,299.6,102,183,169,294
G_Matriarche,299.6,270,326,354,368
Botia_Striata,299.6,502,524,545,551
Pterophyllum_Scalare_Y,299.6,788,274,819,352
Pterophyllum_Scalare_YWB,299.6,348,237,385,323
Pterophyllum_Scalare_Y,299.7,789,274,818,351
G_Matriarche,299.7,271,325,354,366
Pterophyllum_Scalare_YWB,299.7,347,236,382,324
Botia_Striata,299.7,500,523,543,551
Pterophyllum_Scalare_BB,299.7,102,182,168,292
Pterophyllum_Scalare_Y,299.8,790,275,819,352
Pterophyllum_Scalare_BB,299.8,102,181,168,291
Pterophyllum_Scalare_YWB,299.8,344,234,380,321
G_Matriarche,299.8,272,324,356,363
Botia_Almorhae,299.8,459,258,490,348
Botia_Striata,299.8,501,523,543,549
Pterophyllum_Scalare_Y,299.9,791,276,820,352
G_Matriarche,299.9,271,322,356,362
Pterophyllum_Scalare_BB,299.9,103,180,168,290
Botia_Striata,299.9,500,523,541,548
Pterophyllum_Scalare_YWB,299.9,343,233,379,318
Botia_Almorhae,299.9,455,268,490,357
Pterophyllum_Scalare_Y,300.0,791,278,820,353
G_Matriarche,300.0,271,320,356,360
Botia_Striata,300.0,499,523,541,548
Pterophyllum_Scalare_YWB,300.0,340,232,377,317
Pterophyllum_Scalare_BB,300.0,104,179,167,290
Botia_Almorhae,300.0,452,267,484,361
G_Matriarche,300.1,271,318,356,357
Pterophyllum_Scalare_BB,300.1,106,178,169,290
Pterophyllum_Scalare_YWB,300.1,340,232,376,313
Botia_Striata,300.1,501,525,538,547
Botia_Almorhae,300.1,435,270,484,356
Pterophyllum_Scalare_Y,300.1,791,278,821,353
G_Matriarche,300.2,270,316,355,356
Botia_Striata,300.2,500,524,537,548
Pterophyllum_Scalare_BB,300.2,106,176,170,288
G_Matriarche,300.2,682,428,745,457
Pterophyllum_Scalare_YWB,300.2,336,231,375,314
Pterophyllum_Scalare_Y,300.2,791,279,822,354
Pterophyllum_Scalare_BB,300.3,107,175,172,285
Pterophyllum_Scalare_YWB,300.3,336,230,374,312
Pterophyllum_Scalare_Y,300.3,791,281,824,355
G_Matriarche,300.3,270,315,354,353
G_Matriarche,300.3,676,418,742,455
Botia_Striata,300.3,498,525,537,549
Pterophyllum_Scalare_YWB,300.4,335,226,374,312
G_Matriarche,300.4,269,313,353,352
Pterophyllum_Scalare_BB,300.4,105,174,174,283
Botia_Striata,300.4,495,528,536,551
Pterophyllum_Scalare_Y,300.4,792,282,825,355
Botia_Striata,300.5,494,527,536,551
Pterophyllum_Scalare_Y,300.5,792,283,826,355
Pterophyllum_Scalare_YWB,300.5,334,224,373,312
G_Matriarche,300.5,269,310,352,351
Pterophyllum_Scalare_BB,300.5,103,172,172,280
Pterophyllum_Scalare_BB,300.6,101,171,167,277
Botia_Striata,300.6,494,526,537,550
Botia_Almorhae,300.6,440,267,475,344
G_Matriarche,300.6,269,308,353,348
Pterophyllum_Scalare_Y,300.6,793,283,828,355
Pterophyllum_Scalare_YWB,300.6,334,223,371,311
Pterophyllum_Scalare_Y,300.7,794,283,830,356
Pterophyllum_Scalare_BB,300.7,97,170,162,273
Botia_Almorhae,300.7,426,259,469,344
Pterophyllum_Scalare_YWB,300.7,333,222,371,311
G_Matriarche,300.7,268,306,351,347
Botia_Striata,300.7,484,533,537,552
Pterophyllum_Scalare_BB,300.8,94,169,157,270
Pterophyllum_Scalare_Y,300.8,795,284,832,357
Pterophyllum_Scalare_B,300.8,828,558,904,655
Botia_Striata,300.8,482,534,537,551
G_Matriarche,300.8,267,305,350,344
Pterophyllum_Scalare_YWB,300.8,332,222,373,307
Botia_Striata,300.9,499,529,535,549
Pterophyllum_Scalare_BB,300.9,91,165,154,267
Pterophyllum_Scalare_Y,300.9,797,285,833,358
G_Matriarche,300.9,267,303,350,340
Pterophyllum_Scalare_YWB,300.9,326,225,376,305
Pterophyllum_Scalare_BB,301.0,89,162,152,263
Pterophyllum_Scalare_Y,301.0,798,286,834,360
Pterophyllum_Scalare_B,301.0,827,558,901,643
Pterophyllum_Scalare_YWB,301.0,316,224,380,311
G_Matriarche,301.0,266,302,348,339
Pterophyllum_Scalare_YWB,301.1,308,225,383,306
G_Matriarche,301.1,266,301,349,335
Botia_Almorhae,301.1,401,238,433,323
Pterophyllum_Scalare_BB,301.1,88,161,149,258
Pterophyllum_Scalare_Y,301.1,800,288,836,360
Pterophyllum_Scalare_B,301.1,827,556,899,645
Pterophyllum_Scalare_B,301.2,827,556,900,647
Pterophyllum_Scalare_BB,301.2,85,157,147,254
Botia_Almorhae,301.2,395,234,439,323
Pterophyllum_Scalare_YWB,301.2,299,226,382,303
Pterophyllum_Scalare_Y,301.2,801,290,837,362
G_Matriarche,301.2,266,300,348,335
Pterophyllum_Scalare_BB,301.3,84,152,147,250
Pterophyllum_Scalare_YWB,301.3,289,225,377,301
Botia_Almorhae,301.3,390,229,426,316
Pterophyllum_Scalare_B,301.3,826,555,900,647
G_Matriarche,301.3,265,298,348,334
Pterophyllum_Scalare_Y,301.3,801,290,839,362
Pterophyllum_Scalare_YWB,301.4,282,224,373,300
G_Matriarche,301.4,264,297,347,332
Pterophyllum_Scalare_B,301.4,826,554,902,647
Pterophyllum_Scalare_BB,301.4,85,143,144,246
Pterophyllum_Scalare_Y,301.4,802,291,841,363
Pterophyllum_Scalare_B,301.5,826,554,901,647
G_Matriarche,301.5,264,296,344,331
Pterophyllum_Scalare_YWB,301.5,275,224,365,300
Pterophyllum_Scalare_BB,301.5,85,139,139,238
Pterophyllum_Scalare_Y,301.5,803,291,843,363
G_Matriarche,301.6,262,296,347,328
Botia_Almorhae,301.6,388,218,416,293
Pterophyllum_Scalare_BB,301.6,87,135,134,230
Pterophyllum_Scalare_Y,301.6,802,290,847,364
Pterophyllum_Scalare_YWB,301.6,266,222,361,297
Pterophyllum_Scalare_B,301.6,826,553,901,647
Pterophyllum_Scalare_YWB,301.7,259,221,354,293
Pterophyllum_Scalare_Y,301.7,803,290,850,365
Pterophyllum_Scalare_BB,301.7,88,133,129,224
G_Matriarche,301.7,262,294,344,329
Pterophyllum_Scalare_B,301.7,827,552,903,647
G_Matriarche,301.8,261,295,345,327
Pterophyllum_Scalare_B,301.8,827,552,902,648
Pterophyllum_Scalare_Y,301.8,804,290,853,365
Pterophyllum_Scalare_BB,301.8,91,130,126,219
Pterophyllum_Scalare_YWB,301.8,250,218,345,291
Pterophyllum_Scalare_Y,301.9,805,289,854,365
Pterophyllum_Scalare_B,301.9,829,551,903,648
Pterophyllum_Scalare_YWB,301.9,242,215,335,289
Pterophyllum_Scalare_BB,301.9,92,125,126,201
G_Matriarche,301.9,260,294,343,329
G_Matriarche,302.0,259,294,340,329
Pterophyllum_Scalare_YWB,302.0,235,212,329,285
Pterophyllum_Scalare_Y,302.0,808,288,856,364
Pterophyllum_Scalare_BB,302.0,94,120,125,199
Pterophyllum_Scalare_B,302.0,830,551,903,647
Pterophyllum_Scalare_YWB,302.1,230,209,323,283
Pterophyllum_Scalare_BB,302.1,95,113,125,212
Pterophyllum_Scalare_Y,302.1,810,294,859,367
Pterophyllum_Scalare_B,302.1,832,549,903,646
Botia_Almorhae,302.1,401,210,456,274
G_Matriarche,302.1,259,294,343,328
Botia_Almorhae,302.2,409,215,462,275
G_Matriarche,302.2,258,294,340,330
Pterophyllum_Scalare_B,302.2,834,546,904,645
Pterophyllum_Scalare_BB,302.2,94,110,132,204
Pterophyllum_Scalare_Y,302.2,815,305,862,368
Pterophyllum_Scalare_YWB,302.2,224,205,317,281
Pterophyllum_Scalare_Y,302.3,818,308,865,370
Pterophyllum_Scalare_B,302.3,835,546,904,645
G_Matriarche,302.3,258,293,338,331
Pterophyllum_Scalare_BB,302.3,96,110,141,202
Botia_Almorhae,302.3,407,214,470,269
Pterophyllum_Scalare_YWB,302.3,220,202,310,276
Pterophyllum_Scalare_Y,302.4,821,307,867,371
Pterophyllum_Scalare_YWB,302.4,216,200,302,274
G_Matriarche,302.4,258,292,340,331
Pterophyllum_Scalare_B,302.4,836,547,904,645
Pterophyllum_Scalare_BB,302.4,101,104,148,198
Pterophyllum_Scalare_B,302.5,838,546,903,644
Pterophyllum_Scalare_YWB,302.5,213,196,295,273
Pterophyllum_Scalare_BB,302.5,108,102,156,197
G_Matriarche,302.5,258,292,338,332
Pterophyllum_Scalare_Y,302.5,825,303,869,372
Pterophyllum_Scalare_YWB,302.6,210,195,290,270
G_Matriarche,302.6,258,291,337,333
Pterophyllum_Scalare_Y,302.6,829,301,869,372
Pterophyllum_Scalare_B,302.6,840,545,905,645
Pterophyllum_Scalare_BB,302.6,114,101,163,195
G_Matriarche,302.7,258,290,340,332
Pterophyllum_Scalare_YWB,302.7,207,193,286,267
Pterophyllum_Scalare_Y,302.7,832,301,872,373
Pterophyllum_Scalare_BB,302.7,121,100,170,192
Pterophyllum_Scalare_B,302.7,840,544,907,644
Pterophyllum_Scalare_B,302.8,838,543,907,644
Pterophyllum_Scalare_YWB,302.8,203,191,282,265
G_Matriarche,302.8,257,289,337,333
Pterophyllum_Scalare_BB,302.8,126,100,179,191
Pterophyllum_Scalare_Y,302.8,833,301,873,374
Pterophyllum_Scalare_B,302.9,834,541,908,640
Pterophyllum_Scalare_Y,302.9,835,301,873,375
Pterophyllum_Scalare_BB,302.9,132,99,187,191
G_Matriarche,302.9,257,288,340,332
Pterophyllum_Scalare_YWB,302.9,201,189,274,260
Pterophyllum_Scalare_Y,303.0,836,301,874,376
G_Matriarche,303.0,256,287,338,331
Pterophyllum_Scalare_BB,303.0,136,100,193,191
Pterophyllum_Scalare_YWB,303.0,201,188,266,257
Pterophyllum_Scalare_B,303.0,826,551,902,631
G_Matriarche,303.1,256,287,337,331
Pterophyllum_Scalare_BB,303.1,142,99,197,191
Pterophyllum_Scalare_B,303.1,822,543,899,626
Pterophyllum_Scalare_Y,303.1,837,300,874,377
Pterophyllum_Scalare_YWB,303.1,201,187,259,256
G_Matriarche,303.2,256,286,338,328
Pterophyllum_Scalare_Y,303.2,838,300,875,376
Pterophyllum_Scalare_BB,303.2,146,100,200,192
Pterophyllum_Scalare_B,303.2,820,537,894,622
Pterophyllum_Scalare_YWB,303.2,202,184,257,257
Pterophyllum_Scalare_Y,303.3,839,299,874,376
Pterophyllum_Scalare_B,303.3,815,533,894,615
Pterophyllum_Scalare_BB,303.3,150,101,203,191
Botia_Almorhae,303.3,427,233,502,274
G_Matriarche,303.3,255,285,337,329
Botia_Almorhae,303.4,443,247,512,295
G_Matriarche,303.4,256,284,336,329
Pterophyllum_Scalare_B,303.4,812,529,894,611
Pterophyllum_Scalare_Y,303.4,839,299,874,376
Pterophyllum_Scalare_BB,303.4,151,101,205,189
Pterophyllum_Scalare_BB,303.5,153,99,205,188
Botia_Almorhae,303.5,460,257,521,307
Pterophyllum_Scalare_Y,303.5,840,302,874,374
G_Matriarche,303.5,257,284,339,326
Pterophyllum_Scalare_B,303.5,811,526,889,608
Pterophyllum_Scalare_Y,303.5,215,179,266,252
Pterophyllum_Scalare_B,303.6,809,522,892,605
Pterophyllum_Scalare_BB,303.6,153,98,206,188
Pterophyllum_Scalare_YWB,303.6,218,178,271,251
G_Matriarche,303.6,257,285,341,325
Pterophyllum_Scalare_Y,303.6,840,301,873,373
Botia_Almorhae,303.6,461,265,527,315
Pterophyllum_Scalare_Y,303.7,840,303,874,374
G_Matriarche,303.7,258,285,342,324
Pterophyllum_Scalare_YWB,303.7,221,176,274,251
Pterophyllum_Scalare_B,303.7,808,519,891,602
Pterophyllum_Scalare_BB,303.7,154,97,207,189
Botia_Almorhae,303.7,462,272,531,319
Botia_Almorhae,303.8,465,278,531,329
Pterophyllum_Scalare_BB,303.8,154,97,207,190
Pterophyllum_Scalare_B,303.8,807,515,890,598
Pterophyllum_Scalare_Y,303.8,842,302,875,373
Pterophyllum_Scalare_YWB,303.8,222,175,275,250
G_Matriarche,303.8,260,285,343,324
G_Matriarche,303.9,261,285,346,323
Pterophyllum_Scalare_B,303.9,806,511,890,597
Pterophyllum_Scalare_YWB,303.9,222,174,276,250
Pterophyllum_Scalare_BB,303.9,155,97,208,189
Botia_Almorhae,303.9,475,286,530,329
Pterophyllum_Scalare_Y,303.9,842,302,875,374
Pterophyllum_Scalare_Y,304.0,843,302,875,375
Pterophyllum_Scalare_BB,304.0,155,97,209,188
Pterophyllum_Scalare_B,304.0,805,506,890,597
G_Matriarche,304.0,262,283,345,325
Pterophyllum_Scalare_Y,304.1,842,301,874,376
Pterophyllum_Scalare_BB,304.1,155,97,208,188
Corydoras_Panda,304.1,829,485,870,505
G_Matriarche,304.1,265,281,344,326
Pterophyllum_Scalare_B,304.1,806,502,890,597
Pterophyllum_Scalare_B,304.2,806,499,891,598
G_Matriarche,304.2,265,280,348,325
Pterophyllum_Scalare_YWB,304.2,224,167,278,249
Pterophyllum_Scalare_Y,304.2,842,301,874,376
Pterophyllum_Scalare_BB,304.2,156,97,208,188
G_Matriarche,304.3,266,279,348,325
Pterophyllum_Scalare_BB,304.3,156,97,208,188
Corydoras_Panda,304.3,820,486,872,509
Pterophyllum_Scalare_YWB,304.3,235,171,278,246
Pterophyllum_Scalare_Y,304.3,842,303,874,379
Pterophyllum_Scalare_B,304.3,805,497,891,598
G_Matriarche,304.4,267,278,349,324
Pterophyllum_Scalare_YWB,304.4,226,170,279,246
Pterophyllum_Scalare_BB,304.4,156,97,209,187
Pterophyllum_Scalare_B,304.4,805,495,891,599
Pterophyllum_Scalare_Y,304.4,842,306,874,380
Corydoras_Panda,304.5,810,487,863,515
Pterophyllum_Scalare_B,304.5,805,494,891,598
Pterophyllum_Scalare_Y,304.5,842,307,874,381
G_Matriarche,304.5,267,277,350,322
Pterophyllum_Scalare_BB,304.5,156,98,209,186
Pterophyllum_Scalare_YWB,304.5,242,170,279,251
G_Matriarche,304.6,267,277,348,323
Pterophyllum_Scalare_BB,304.6,156,98,209,187
Corydoras_Panda,304.6,806,488,860,518
Pterophyllum_Scalare_B,304.6,805,492,891,598
Pterophyllum_Scalare_Y,304.6,841,308,874,383
Pterophyllum_Scalare_Y,304.7,841,314,876,386
Pterophyllum_Scalare_B,304.7,805,491,893,597
Pterophyllum_Scalare_BB,304.7,155,98,209,187
G_Matriarche,304.7,267,276,351,322
G_Matriarche,304.8,267,275,350,321
Pterophyllum_Scalare_BB,304.8,154,98,208,186
Pterophyllum_Scalare_Y,304.8,840,314,877,390
Pterophyllum_Scalare_B,304.8,805,490,894,597
Pterophyllum_Scalare_BB,304.9,153,99,208,187
Pterophyllum_Scalare_B,304.9,805,489,894,597
Pterophyllum_Scalare_Y,304.9,840,315,878,393
G_Matriarche,304.9,267,275,348,321
Pterophyllum_Scalare_BB,305.0,152,99,208,188
Pterophyllum_Scalare_B,305.0,805,489,895,597
G_Matriarche,305.0,267,274,350,320
Pterophyllum_Scalare_Y,305.0,838,319,879,395
Pterophyllum_Scalare_BB,305.1,152,99,207,189
G_Matriarche,305.1,267,273,350,320
Pterophyllum_Scalare_YWB,305.1,226,166,281,240
Corydoras_Panda,305.1,798,492,845,519
Pterophyllum_Scalare_Y,305.1,839,321,882,399
Pterophyllum_Scalare_B,305.1,808,490,896,600
Pterophyllum_Scalare_BB,305.2,151,99,207,189
G_Matriarche,305.2,268,272,350,321
Pterophyllum_Scalare_B,305.2,809,490,894,602
Pterophyllum_Scalare_Y,305.2,840,325,884,401
Corydoras_Panda,305.2,798,488,847,519
Pterophyllum_Scalare_YWB,305.2,228,166,283,238
G_Matriarche,305.3,269,270,351,320
Pterophyllum_Scalare_B,305.3,811,491,894,602
Pterophyllum_Scalare_YWB,305.3,229,165,283,238
Pterophyllum_Scalare_Y,305.3,842,330,884,404
Pterophyllum_Scalare_BB,305.3,150,100,207,189
Pterophyllum_Scalare_Y,305.4,842,335,886,408
Corydoras_Panda,305.4,798,486,835,519
Pterophyllum_Scalare_B,305.4,812,493,892,603
Pterophyllum_Scalare_BB,305.4,150,100,207,189
Pterophyllum_Scalare_YWB,305.4,228,164,284,237
G_Matriarche,305.4,268,268,352,319
Pterophyllum_Scalare_BB,305.5,150,101,207,187
Pterophyllum_Scalare_B,305.5,815,495,892,605
G_Matriarche,305.5,270,267,352,320
Corydoras_Panda,305.5,798,484,833,519
Pterophyllum_Scalare_Y,305.5,843,338,889,412
Pterophyllum_Scalare_YWB,305.6,231,162,286,235
Pterophyllum_Scalare_Y,305.6,844,341,891,416
Corydoras_Panda,305.6,799,480,833,519
G_Matriarche,305.6,272,266,352,319
Pterophyllum_Scalare_B,305.6,818,497,894,608
Pterophyllum_Scalare_BB,305.6,149,101,207,187
Corydoras_Panda,305.7,799,485,834,520
Pterophyllum_Scalare_BB,305.7,148,101,207,185
G_Matriarche,305.7,272,265,354,317
Pterophyllum_Scalare_B,305.7,820,499,893,607
Pterophyllum_Scalare_Y,305.7,846,344,892,418
Pterophyllum_Scalare_YWB,305.7,229,162,288,234
Pterophyllum_Scalare_B,305.8,821,501,894,609
Pterophyllum_Scalare_Y,305.8,847,345,894,421
Corydoras_Panda,305.8,799,485,834,519
G_Matriarche,305.8,273,264,354,315
Pterophyllum_Scalare_YWB,305.8,231,160,290,232
Pterophyllum_Scalare_BB,305.8,148,100,208,185
Pterophyllum_Scalare_YWB,305.9,233,158,290,229
Pterophyllum_Scalare_Y,305.9,848,346,894,424
Pterophyllum_Scalare_BB,305.9,149,100,209,182
G_Matriarche,305.9,273,262,355,315
Pterophyllum_Scalare_B,305.9,817,506,894,613
Pterophyllum_Scalare_B,306.0,813,510,895,617
Pterophyllum_Scalare_Y,306.0,848,350,895,427
G_Matriarche,306.0,274,260,357,314
Pterophyllum_Scalare_BB,306.0,150,101,211,183
Pterophyllum_Scalare_YWB,306.0,237,157,289,225
Pterophyllum_Scalare_BB,306.1,154,101,213,185
Pterophyllum_Scalare_B,306.1,809,512,894,618
Pterophyllum_Scalare_YWB,306.1,239,156,288,222
Pterophyllum_Scalare_Y,306.1,848,351,895,431
G_Matriarche,306.1,274,258,359,311
Pterophyllum_Scalare_YWB,306.2,243,153,287,221
G_Matriarche,306.2,274,261,357,312
Pterophyllum_Scalare_B,306.2,806,514,892,617
Pterophyllum_Scalare_BB,306.2,158,102,216,185
Pterophyllum_Scalare_Y,306.2,848,352,895,432
Pterophyllum_Scalare_B,306.3,804,514,890,617
Pterophyllum_Scalare_YWB,306.3,246,150,288,217
G_Matriarche,306.3,275,262,359,312
Pterophyllum_Scalare_BB,306.3,160,102,219,186
Pterophyllum_Scalare_Y,306.3,848,352,895,435
G_Matriarche,306.4,280,263,361,310
Pterophyllum_Scalare_BB,306.4,161,102,219,187
Pterophyllum_Scalare_Y,306.4,847,353,896,437
Pterophyllum_Scalare_YWB,306.4,246,147,289,218
Pterophyllum_Scalare_B,306.4,801,514,889,614
Pterophyllum_Scalare_Y,306.5,847,354,896,439
Pterophyllum_Scalare_B,306.5,798,513,888,614
Pterophyllum_Scalare_YWB,306.5,243,145,290,217
G_Matriarche,306.5,282,263,361,311
Pterophyllum_Scalare_BB,306.5,162,103,218,188
Pterophyllum_Scalare_BB,306.6,165,104,217,190
Pterophyllum_Scalare_B,306.6,798,514,888,613
G_Matriarche,306.6,282,263,360,310
Pterophyllum_Scalare_Y,306.6,845,357,900,440
Pterophyllum_Scalare_YWB,306.6,241,144,290,215
Pterophyllum_Scalare_Y,306.7,844,358,901,440
Pterophyllum_Scalare_BB,306.7,165,104,215,190
G_Matriarche,306.7,282,263,363,309
Pterophyllum_Scalare_YWB,306.7,241,143,290,216
Pterophyllum_Scalare_B,306.7,800,514,888,614
Pterophyllum_Scalare_YWB,306.8,245,142,290,214
Pterophyllum_Scalare_B,306.8,800,514,888,614
G_Matriarche,306.8,282,264,363,310
Pterophyllum_Scalare_Y,306.8,843,354,900,440
Pterophyllum_Scalare_BB,306.8,165,104,214,190
Pterophyllum_Scalare_Y,306.9,841,354,900,441
Pterophyllum_Scalare_BB,306.9,165,104,213,188
Pterophyllum_Scalare_B,306.9,799,515,886,616
Pterophyllum_Scalare_Y,306.9,238,141,290,217
G_Matriarche,306.9,283,264,363,310
Pterophyllum_Scalare_B,307.0,797,516,883,619
Pterophyllum_Scalare_YWB,307.0,237,140,290,216
G_Matriarche,307.0,284,264,365,308
Pterophyllum_Scalare_BB,307.0,164,104,212,189
Pterophyllum_Scalare_Y,307.0,841,354,899,442
Pterophyllum_Scalare_BB,307.1,163,104,211,190
Pterophyllum_Scalare_YWB,307.1,237,139,290,216
Pterophyllum_Scalare_B,307.1,797,519,880,620
G_Matriarche,307.1,285,264,366,309
Pterophyllum_Scalare_Y,307.1,839,355,899,442
Pterophyllum_Scalare_YWB,307.2,237,138,290,216
Pterophyllum_Scalare_Y,307.2,835,353,898,440
Pterophyllum_Scalare_B,307.2,798,521,877,624
Pterophyllum_Scalare_BB,307.2,163,106,209,190
Botia_Striata,307.2,505,521,541,541
G_Matriarche,307.2,284,263,365,311
Pterophyllum_Scalare_BB,307.3,162,106,208,192
Pterophyllum_Scalare_B,307.3,799,523,874,627
G_Matriarche,307.3,286,262,367,309
Pterophyllum_Scalare_Y,307.3,833,351,897,440
Pterophyllum_Scalare_YWB,307.3,235,137,290,215
Botia_Striata,307.3,509,520,541,540
Pterophyllum_Scalare_B,307.4,800,527,874,629
Pterophyllum_Scalare_BB,307.4,161,106,207,192
Pterophyllum_Scalare_Y,307.4,831,350,895,438
Pterophyllum_Scalare_YWB,307.4,235,134,290,214
Botia_Striata,307.4,511,520,543,539
G_Matriarche,307.4,286,261,367,309
Pterophyllum_Scalare_YWB,307.5,232,133,290,214
Pterophyllum_Scalare_BB,307.5,160,106,206,192
G_Matriarche,307.5,290,260,367,309
Pterophyllum_Scalare_Y,307.5,830,350,896,438
Botia_Striata,307.5,511,520,542,538
Pterophyllum_Scalare_B,307.5,801,530,875,632
Botia_Almorhae,307.5,255,486,335,527
G_Matriarche,307.6,293,259,369,309
Botia_Almorhae,307.6,251,485,315,529
Pterophyllum_Scalare_W,307.6,983,492,1005,559
Pterophyllum_Scalare_B,307.6,801,532,876,635
Pterophyllum_Scalare_YWB,307.6,230,133,290,214
Pterophyllum_Scalare_BB,307.6,158,105,205,193
Pterophyllum_Scalare_Y,307.6,829,348,894,436
Pterophyllum_Scalare_W,307.7,983,493,1004,559
Botia_Almorhae,307.7,246,488,305,527
G_Matriarche,307.7,292,258,373,309
Pterophyllum_Scalare_Y,307.7,829,349,895,437
Pterophyllum_Scalare_YWB,307.7,230,132,290,214
Pterophyllum_Scalare_BB,307.7,156,105,203,192
Pterophyllum_Scalare_B,307.7,804,537,876,637
Botia_Almorhae,307.8,235,482,284,532
Pterophyllum_Scalare_W,307.8,983,492,1005,559
G_Matriarche,307.8,293,256,375,308
Pterophyllum_Scalare_B,307.8,806,539,875,638
Pterophyllum_Scalare_BB,307.8,154,105,201,191
Pterophyllum_Scalare_YWB,307.8,229,132,290,214
Pterophyllum_Scalare_Y,307.8,830,349,899,437
Botia_Almorhae,307.9,248,479,288,514
Pterophyllum_Scalare_BB,307.9,153,106,199,191
Pterophyllum_Scalare_Y,307.9,829,350,899,438
G_Matriarche,307.9,294,256,377,308
Pterophyllum_Scalare_YWB,307.9,229,132,289,213
Pterophyllum_Scalare_B,307.9,807,544,877,642
Pterophyllum_Scalare_YWB,308.0,229,131,289,212
Pterophyllum_Scalare_B,308.0,806,548,879,645
Botia_Almorhae,308.0,255,479,295,518
Pterophyllum_Scalare_BB,308.0,152,106,198,190
Pterophyllum_Scalare_Y,308.0,826,351,900,439
G_Matriarche,308.0,297,256,380,307
Botia_Almorhae,308.1,249,482,300,524
Pterophyllum_Scalare_BB,308.1,150,105,195,189
G_Matriarche,308.1,299,255,384,305
Pterophyllum_Scalare_YWB,308.1,229,131,288,212
Pterophyllum_Scalare_Y,308.1,826,353,900,440
Pterophyllum_Scalare_B,308.1,806,551,880,650
Botia_Almorhae,308.2,269,486,308,518
Pterophyllum_Scalare_B,308.2,806,555,880,651
Pterophyllum_Scalare_YWB,308.2,228,130,288,211
Pterophyllum_Scalare_BB,308.2,148,105,192,190
Pterophyllum_Scalare_Y,308.2,827,354,900,441
G_Matriarche,308.2,301,255,385,303
Pterophyllum_Scalare_B,308.3,807,558,881,654
Pterophyllum_Scalare_YWB,308.3,228,130,287,210
Botia_Almorhae,308.3,265,489,320,525
G_Matriarche,308.3,303,254,390,298
Pterophyllum_Scalare_BB,308.3,146,104,190,188
Pterophyllum_Scalare_Y,308.3,828,356,903,443
Pterophyllum_Scalare_B,308.4,806,562,883,656
Botia_Almorhae,308.4,274,493,331,533
Pterophyllum_Scalare_BB,308.4,143,104,186,192
Pterophyllum_Scalare_Y,308.4,832,358,902,444
G_Matriarche,308.4,305,253,392,296
Pterophyllum_Scalare_YWB,308.4,229,130,286,209
Pterophyllum_Scalare_YWB,308.5,229,130,285,209
G_Matriarche,308.5,305,250,393,295
Botia_Almorhae,308.5,286,497,356,547
Pterophyllum_Scalare_B,308.5,808,562,884,657
Pterophyllum_Scalare_BB,308.5,143,105,183,191
Pterophyllum_Scalare_Y,308.5,833,360,901,445
Pterophyllum_Scalare_Y,308.6,836,361,902,447
Pterophyllum_Scalare_BB,308.6,142,106,176,188
Pterophyllum_Scalare_B,308.6,811,571,886,660
Botia_Almorhae,308.6,303,512,381,562
Pterophyllum_Scalare_YWB,308.6,227,129,285,208
G_Matriarche,308.6,310,246,400,294
Pterophyllum_Scalare_B,308.7,814,573,892,661
G_Matriarche,308.7,312,245,400,292
Botia_Almorhae,308.7,297,527,397,567
Pterophyllum_Scalare_BB,308.7,142,108,174,188
Pterophyllum_Scalare_YWB,308.7,226,128,284,208
Pterophyllum_Scalare_Y,308.7,839,363,905,450
G_Matriarche,308.8,316,243,402,291
Pterophyllum_Scalare_Y,308.8,841,365,906,451
Pterophyllum_Scalare_B,308.8,817,569,895,664
Pterophyllum_Scalare_BB,308.8,142,109,170,189
Pterophyllum_Scalare_YWB,308.8,226,127,284,207
Corydoras_Panda,308.8,788,481,822,515
